# addr	region	name  (STT_OBJECT in ROM)
0x08000100	rom	sGFRomHeader
0x082E9530	rom	gGameVersion
0x082E9531	rom	gGameLanguage
0x082E9534	rom	BuildDateTime
0x082E9548	rom	gIntrTableTemplate
0x082E9580	rom	sZeroedBgControlStruct
0x082E9584	rom	sDummyWindowTemplate
0x082E958C	rom	sFontHalfRowOffsets
0x082E968C	rom	sDownArrowTiles
0x082E974C	rom	sDarkDownArrowTiles
0x082E980C	rom	sUnusedFRLGBlankedDownArrow
0x082E9C0C	rom	sUnusedFRLGDownArrow
0x082E9D0C	rom	sDownArrowYCoords
0x082E9D10	rom	sWindowVerticalScrollSpeeds
0x082E9D14	rom	sGlyphWidthFuncs
0x082E9D5C	rom	sKeypadIcons
0x082E9D90	rom	sKeypadIconTiles
0x082EA590	rom	sFontInfos
0x082EA608	rom	sMenuCursorDimensions
0x082EA61C	rom	sFontBoldJapaneseGlyphs
0x082EC61C	rom	sUnknownData
0x082EC634	rom	sCenterToCornerVecTable
0x082EC64C	rom	sDummySprite
0x082EC690	rom	gDummyOamData
0x082EC698	rom	sDummyAnim
0x082EC69C	rom	gDummySpriteAnimTable
0x082EC6A0	rom	sDummyAffineAnim
0x082EC6A8	rom	gDummySpriteAffineAnimTable
0x082EC6AC	rom	gDummySpriteTemplate
0x082EC6C4	rom	sAnimFuncs
0x082EC6CC	rom	sAffineAnimFuncs
0x082EC6D4	rom	sAnimCmdFuncs
0x082EC6E4	rom	sAffineAnimCmdFuncs
0x082EC6F4	rom	sOamDimensions32
0x082EC754	rom	sOamDimensions
0x082EC784	rom	sUnused
0x082EC7C4	rom	gOverworldBackgroundLayerFlags
0x082EC7CC	rom	gOrbEffectBackgroundLayerFlags
0x082EC7D4	rom	sDigits
0x082EC7E4	rom	sPowersOfTen
0x082EC818	rom	funcs.93
0x082EC850	rom	lengths.121
0x082EC86C	rom	sWirelessLinkDisplayPal
0x082EC88C	rom	sWirelessLinkDisplayGfx
0x082ECD34	rom	sWirelessLinkDisplayTilemap
0x082ECF20	rom	sLinkTestDigitsPal
0x082ECF40	rom	sLinkTestDigitsGfx
0x082ED160	rom	sUnusedTransparentWhite
0x082ED168	rom	sCommErrorBg_Gfx
0x082ED1A8	rom	sBlockRequests
0x082ED1D0	rom	sBGControlRegs
0x082ED1D4	rom	sASCIIGameFreakInc
0x082ED1E4	rom	sASCIITestPrint
0x082ED1FC	rom	sLinkErrorBgTemplates
0x082ED204	rom	sLinkErrorWindowTemplates
0x082ED224	rom	sTextColors
0x082ED227	rom	sUnusedData
0x082ED22C	rom	sWirelessLinkIconPalette
0x082ED24C	rom	sWirelessLinkIconPic
0x082ED370	rom	sWireless_ASCIItoRSETable
0x082ED470	rom	sWireless_RSEtoASCIITable
0x082ED570	rom	sWirelessStatusIndicatorOamData
0x082ED578	rom	sWirelessStatusIndicator_3Bars
0x082ED594	rom	sWirelessStatusIndicator_2Bars
0x082ED5A8	rom	sWirelessStatusIndicator_1Bar
0x082ED5B4	rom	sWirelessStatusIndicator_Searching
0x082ED5C0	rom	sWirelessStatusIndicator_Error
0x082ED5CC	rom	sWirelessStatusIndicatorAnims
0x082ED5E0	rom	sWirelessStatusIndicatorSpriteSheet
0x082ED5E8	rom	sWirelessStatusIndicatorSpritePalette
0x082ED5F0	rom	sWirelessStatusIndicatorSpriteTemplate
0x082ED608	rom	sRfuReqConfigTemplate
0x082ED620	rom	sAvailSlots
0x082ED628	rom	sAllBlocksReceived
0x082ED68C	rom	sSlotToLinkPlayerTableId
0x082ED695	rom	sPlayerBitsToCount
0x082ED6A5	rom	sPlayerBitsToNewChildIdx
0x082ED6B8	rom	sBlockRequests
0x082ED6E0	rom	sAcceptedSerialNos
0x082ED6E8	rom	sASCII_RfuCmds
0x082ED78D	rom	sASCII_RecoverCmds
0x082ED7E0	rom	sShutdownTasks
0x082ED7EC	rom	sASCII_PokemonSioInfo
0x082ED7FC	rom	sASCII_LinkLossDisconnect
0x082ED814	rom	sASCII_LinkLossRecoveryNow
0x082ED82C	rom	sASCII_30Spaces
0x082ED84B	rom	sASCII_15Spaces
0x082ED85B	rom	sASCII_8Spaces
0x082ED864	rom	sASCII_Space
0x082ED866	rom	sASCII_Asterisk
0x082ED868	rom	sASCII_NowSlot
0x082ED870	rom	sASCII_ClockCmds
0x082ED8AC	rom	sASCII_ChildParentSearch
0x082ED8C4	rom	sText_EmptyString
0x082ED8C8	rom	sText_Colon
0x082ED8CC	rom	sText_ID
0x082ED8D0	rom	sText_PleaseStartOver
0x082ED8F8	rom	sText_WirelessSearchCanceled
0x082ED934	rom	sText_AwaitingCommunucation2
0x082ED960	rom	sText_AwaitingCommunication
0x082ED990	rom	sText_AwaitingLinkPressStart
0x082ED9C8	rom	sJPText_SingleBattle
0x082ED9D8	rom	sJPText_DoubleBattle
0x082ED9E8	rom	sJPText_MultiBattle
0x082ED9F8	rom	sJPText_TradePokemon
0x082EDA0C	rom	sJPText_Chat
0x082EDA1C	rom	sJPText_DistWonderCard
0x082EDA28	rom	sJPText_DistWonderNews
0x082EDA38	rom	sJPText_DistMysteryEvent
0x082EDA4C	rom	sJPText_HoldPokemonJump
0x082EDA5C	rom	sJPText_HoldBerryCrush
0x082EDA70	rom	sJPText_HoldBerryPicking
0x082EDA80	rom	sJPText_HoldSpinTrade
0x082EDA94	rom	sJPText_HoldSpinShop
0x082EDAA8	rom	sJPLinkGroupActionTexts
0x082EDAE0	rom	sText_1PlayerNeeded
0x082EDAF1	rom	sText_2PlayersNeeded
0x082EDB03	rom	sText_3PlayersNeeded
0x082EDB15	rom	sText_4PlayersNeeded
0x082EDB27	rom	sText_2PlayerMode
0x082EDB35	rom	sText_3PlayerMode
0x082EDB43	rom	sText_4PlayerMode
0x082EDB51	rom	sText_5PlayerMode
0x082EDB60	rom	sPlayersNeededOrModeTexts
0x082EDBC4	rom	sText_BButtonCancel
0x082EDBD0	rom	sJPText_SearchingForParticipants
0x082EDBE8	rom	sText_PlayerContactedYouForXAccept
0x082EDC0C	rom	sText_PlayerContactedYouShareX
0x082EDC34	rom	sText_PlayerContactedYouAddToMembers
0x082EDC5C	rom	sText_AreTheseMembersOK
0x082EDC78	rom	sText_CancelModeWithTheseMembers
0x082EDC9C	rom	sText_AnOKWasSentToPlayer
0x082EDCB4	rom	sText_OtherTrainerUnavailableNow
0x082EDCEC	rom	sText_CantTransmitTrainerTooFar
0x082EDD24	rom	sText_TrainersNotReadyYet
0x082EDD50	rom	sCantTransmitToTrainerTexts
0x082EDD58	rom	sText_ModeWithTheseMembersWillBeCanceled
0x082EDD8C	rom	sText_MemberNoLongerAvailable
0x082EDDC4	rom	sPlayerUnavailableTexts
0x082EDDCC	rom	sText_TrainerAppearsUnavailable
0x082EDDF4	rom	sText_PlayerSentBackOK
0x082EDE0C	rom	sText_PlayerOKdRegistration
0x082EDE34	rom	sText_PlayerRepliedNo
0x082EDE48	rom	sText_AwaitingOtherMembers
0x082EDE64	rom	sText_QuitBeingMember
0x082EDE7C	rom	sText_StoppedBeingMember
0x082EDE9C	rom	sPlayerDisconnectedTexts
0x082EDEC4	rom	sText_WirelessLinkEstablished
0x082EDF04	rom	sText_WirelessLinkDropped
0x082EDF40	rom	sText_LinkWithFriendDropped
0x082EDF6C	rom	sText_PlayerRepliedNo2
0x082EDF80	rom	sLinkDroppedTexts
0x082EDFA8	rom	sText_DoYouWantXMode
0x082EDFC4	rom	sText_DoYouWantXMode2
0x082EDFE0	rom	sDoYouWantModeTexts
0x082EDFE8	rom	sText_CommunicatingPleaseWait
0x082EE004	rom	sText_AwaitingPlayersResponseAboutTrade
0x082EE02C	rom	sText_Communicating
0x082EE098	rom	sText_CommunicatingWithPlayer
0x082EE104	rom	sText_PleaseWaitAWhile
0x082EE17C	rom	sCommunicatingWaitTexts
0x082EE188	rom	sText_HiDoSomethingMale
0x082EE1B8	rom	sText_HiDoSomethingFemale
0x082EE1E0	rom	sText_HiDoSomethingAgainMale
0x082EE218	rom	sText_HiDoSomethingAgainFemale
0x082EE24C	rom	sHiDoSomethingTexts
0x082EE25C	rom	sText_DoSomethingMale
0x082EE274	rom	sText_DoSomethingFemale
0x082EE294	rom	sText_DoSomethingAgainMale
0x082EE2B8	rom	sText_DoSomethingAgainFemale
0x082EE2D8	rom	sDoSomethingTexts
0x082EE2E8	rom	sText_SomebodyHasContactedYou
0x082EE308	rom	sText_PlayerHasContactedYou
0x082EE324	rom	sPlayerContactedYouTexts
0x082EE32C	rom	sText_AwaitingResponseFromTrainer
0x082EE358	rom	sText_AwaitingResponseFromPlayer
0x082EE378	rom	sAwaitingResponseTexts
0x082EE380	rom	sText_ShowTrainerCard
0x082EE3DC	rom	sText_BattleChallenge
0x082EE430	rom	sText_ChatInvitation
0x082EE47C	rom	sText_OfferToTradeMon
0x082EE4F0	rom	sText_OfferToTradeEgg
0x082EE544	rom	sText_ChatDropped
0x082EE560	rom	sText_OfferDeclined1
0x082EE57C	rom	sText_OfferDeclined2
0x082EE598	rom	sText_ChatEnded
0x082EE5B0	rom	sInvitationTexts
0x082EE5C0	rom	sText_JoinChatMale
0x082EE5F8	rom	sText_PlayerJoinChatMale
0x082EE638	rom	sText_JoinChatFemale
0x082EE674	rom	sText_PlayerJoinChatFemale
0x082EE6B8	rom	sJoinChatTexts
0x082EE6C8	rom	sText_TrainerAppearsBusy
0x082EE6EC	rom	sText_WaitForBattleMale
0x082EE720	rom	sText_WaitForChatMale
0x082EE754	rom	sText_ShowTrainerCardMale
0x082EE78C	rom	sText_WaitForBattleFemale
0x082EE7C0	rom	sText_WaitForChatFemale
0x082EE7F8	rom	sText_ShowTrainerCardFemale
0x082EE82C	rom	sText_WaitOrShowCardTexts
0x082EE84C	rom	sText_WaitForChatMale2
0x082EE880	rom	sText_DoneWaitingBattleMale
0x082EE8B8	rom	sText_DoneWaitingChatMale
0x082EE8D4	rom	sText_DoneWaitingBattleFemale
0x082EE904	rom	sText_DoneWaitingChatFemale
0x082EE92C	rom	sText_TradeWillBeStarted
0x082EE94C	rom	sText_BattleWillBeStarted
0x082EE96C	rom	sText_EnteringChat
0x082EE984	rom	sStartActivityTexts
0x082EE9B4	rom	sText_BattleDeclinedMale
0x082EEA14	rom	sText_BattleDeclinedFemale
0x082EEA68	rom	sBattleDeclinedTexts
0x082EEA70	rom	sText_ShowTrainerCardDeclinedMale
0x082EEAC0	rom	sText_ShowTrainerCardDeclinedFemale
0x082EEB08	rom	sShowTrainerCardDeclinedTexts
0x082EEB10	rom	sText_IfYouWantToDoSomethingMale
0x082EEB4C	rom	sText_IfYouWantToDoSomethingFemale
0x082EEB80	rom	sIfYouWantToDoSomethingTexts
0x082EEB88	rom	sText_TrainerBattleBusy
0x082EEBD0	rom	sText_NeedTwoMonsOfLevel30OrLower1
0x082EEC14	rom	sText_NeedTwoMonsOfLevel30OrLower2
0x082EEC50	rom	sText_DeclineChatMale
0x082EEC7C	rom	stext_DeclineChatFemale
0x082EEC9C	rom	sDeclineChatTexts
0x082EECA4	rom	sText_ChatDeclinedMale
0x082EECEC	rom	sText_ChatDeclinedFemale
0x082EED3C	rom	sChatDeclinedTexts
0x082EED44	rom	sText_YoureToughMale
0x082EED6C	rom	sText_UsedGoodMoveMale
0x082EED98	rom	sText_BattleSurpriseMale
0x082EEDBC	rom	sText_SwitchedMonsMale
0x082EEDF4	rom	sText_YoureToughFemale
0x082EEE24	rom	sText_UsedGoodMoveFemale
0x082EEE4C	rom	sText_BattleSurpriseFemale
0x082EEE78	rom	sText_SwitchedMonsFemale
0x082EEEAC	rom	sBattleReactionTexts
0x082EEECC	rom	sText_LearnedSomethingMale
0x082EEEF0	rom	sText_ThatsFunnyMale
0x082EEF2C	rom	sText_RandomChatMale1
0x082EEF50	rom	sText_RandomChatMale2
0x082EEF7C	rom	sText_LearnedSomethingFemale
0x082EEFA0	rom	sText_ThatsFunnyFemale
0x082EEFBC	rom	sText_RandomChatFemale1
0x082EEFEC	rom	sText_RandomChatFemale2
0x082EF010	rom	sChatReactionTexts
0x082EF030	rom	sText_ShowedTrainerCardMale1
0x082EF06C	rom	sText_ShowedTrainerCardMale2
0x082EF090	rom	sText_ShowedTrainerCardFemale1
0x082EF0D0	rom	sText_ShowedTrainerCardFemale2
0x082EF100	rom	sTrainerCardReactionTexts
0x082EF110	rom	sText_MaleTraded1
0x082EF138	rom	sText_MaleTraded2
0x082EF178	rom	sText_FemaleTraded1
0x082EF198	rom	sText_FemaleTraded2
0x082EF1CC	rom	sTradeReactionTexts
0x082EF1EC	rom	sText_XCheckedTradingBoard
0x082EF20C	rom	sText_RegisterMonAtTradingBoard
0x082EF298	rom	sText_TradingBoardInfo
0x082EF3D4	rom	sText_ThankYouForRegistering
0x082EF438	rom	sText_NobodyHasRegistered
0x082EF47C	rom	sText_ChooseRequestedMonType
0x082EF4C4	rom	sText_WhichMonWillYouOffer
0x082EF4FC	rom	sText_RegistrationCanceled
0x082EF520	rom	sText_RegistrationCompleted
0x082EF544	rom	sText_TradeCanceled
0x082EF564	rom	sText_CancelRegistrationOfMon
0x082EF590	rom	sText_CancelRegistrationOfEgg
0x082EF5B8	rom	sText_RegistrationCanceled2
0x082EF5E0	rom	sText_TradeTrainersWillBeListed
0x082EF614	rom	sText_ChooseTrainerToTradeWith2
0x082EF65C	rom	sText_AskTrainerToMakeTrade
0x082EF688	rom	sText_AwaitingResponseFromTrainer2
0x082EF6B4	rom	sText_NotRegisteredAMonForTrade
0x082EF6E4	rom	sText_DontHaveTypeTrainerWants
0x082EF718	rom	sText_DontHaveEggTrainerWants
0x082EF740	rom	sText_PlayerCantTradeForYourMon
0x082EF774	rom	sText_CantTradeForPartnersMon
0x082EF7A8	rom	sCantTradeMonTexts
0x082EF7B0	rom	sText_TradeOfferRejected
0x082EF7D0	rom	sText_EggTrade
0x082EF7DC	rom	sText_ChooseJoinCancel
0x082EF7F8	rom	sText_ChooseTrainer
0x082EF814	rom	sText_ChooseTrainerSingleBattle
0x082EF844	rom	sText_ChooseTrainerDoubleBattle
0x082EF874	rom	sText_ChooseLeaderMultiBattle
0x082EF8A4	rom	sText_ChooseTrainerToTradeWith
0x082EF8D0	rom	sText_ChooseTrainerToShareWonderCards
0x082EF908	rom	sText_ChooseTrainerToShareWonderNews
0x082EF940	rom	sText_ChooseLeaderPokemonJump
0x082EF974	rom	sText_ChooseLeaderBerryCrush
0x082EF99C	rom	sText_ChooseLeaderBerryPicking
0x082EF9CC	rom	sText_ChooseLeaderBerryBlender
0x082EF9F8	rom	sText_ChooseLeaderRecordCorner
0x082EFA24	rom	sText_ChooseLeaderCoolContest
0x082EFA50	rom	sText_ChooseLeaderBeautyContest
0x082EFA7C	rom	sText_ChooseLeaderCuteContest
0x082EFAA8	rom	sText_ChooseLeaderSmartContest
0x082EFAD8	rom	sText_ChooseLeaderToughContest
0x082EFB08	rom	sText_ChooseLeaderBattleTowerLv50
0x082EFB3C	rom	sText_ChooseLeaderBattleTowerOpenLv
0x082EFB70	rom	sChooseTrainerTexts
0x082EFBC8	rom	sText_SearchingForWirelessSystemWait
0x082EFC00	rom	sText_MustHaveTwoMonsForDoubleBattle
0x082EFC3C	rom	sText_AwaitingPlayersResponse
0x082EFC54	rom	sText_PlayerHasBeenAskedToRegisterYouPleaseWait
0x082EFC90	rom	sText_AwaitingResponseFromWirelessSystem
0x082EFCCC	rom	sText_PleaseWaitForOtherTrainersToGather
0x082EFD04	rom	sText_NoCardsSharedRightNow
0x082EFD30	rom	sText_NoNewsSharedRightNow
0x082EFD58	rom	sNoWonderSharedTexts
0x082EFD60	rom	sText_Battle
0x082EFD68	rom	sText_Chat2
0x082EFD70	rom	sText_Greetings
0x082EFD7C	rom	sText_Exit
0x082EFD84	rom	sText_Exit2
0x082EFD8C	rom	sText_Info
0x082EFD94	rom	sText_NameWantedOfferLv
0x082EFDB0	rom	sText_SingleBattle
0x082EFDC0	rom	sText_DoubleBattle
0x082EFDD0	rom	sText_MultiBattle
0x082EFDE0	rom	sText_PokemonTrades
0x082EFDF0	rom	sText_Chat
0x082EFDF8	rom	sText_Cards
0x082EFE00	rom	sText_WonderCards
0x082EFE10	rom	sText_WonderNews
0x082EFE1C	rom	sText_PokemonJump
0x082EFE2C	rom	sText_BerryCrush
0x082EFE38	rom	sText_BerryPicking
0x082EFE48	rom	sText_Search
0x082EFE50	rom	sText_BerryBlender
0x082EFE60	rom	sText_RecordCorner
0x082EFE70	rom	sText_CoolContest
0x082EFE80	rom	sText_BeautyContest
0x082EFE90	rom	sText_CuteContest
0x082EFEA0	rom	sText_SmartContest
0x082EFEB0	rom	sText_ToughContest
0x082EFEC0	rom	sText_BattleTowerLv50
0x082EFED4	rom	sText_BattleTowerOpenLv
0x082EFEEC	rom	sText_ItsNormalCard
0x082EFF00	rom	sText_ItsBronzeCard
0x082EFF14	rom	sText_ItsCopperCard
0x082EFF28	rom	sText_ItsSilverCard
0x082EFF3C	rom	sText_ItsGoldCard
0x082EFF50	rom	sCardColorTexts
0x082EFF64	rom	sText_TrainerCardInfoPage1
0x082EFFA4	rom	sText_TrainerCardInfoPage2
0x082EFFDC	rom	sText_GladToMeetYouMale
0x082EFFFC	rom	sText_GladToMeetYouFemale
0x082F0018	rom	sGladToMeetYouTexts
0x082F0020	rom	sText_FinishedCheckingPlayersTrainerCard
0x082F0048	rom	sLinkGroupActivityNameTexts
0x082F00BC	rom	sWindowTemplate_BButtonCancel
0x082F00C4	rom	sLinkGroupToActivityAndCapacity
0x082F011C	rom	sWindowTemplate_PlayerList
0x082F0124	rom	sWindowTemplate_5PlayerList
0x082F012C	rom	sWindowTemplate_NumPlayerMode
0x082F0134	rom	sPossibleGroupMembersListMenuItems
0x082F015C	rom	sListMenuTemplate_PossibleGroupMembers
0x082F0174	rom	sWindowTemplate_GroupList
0x082F017C	rom	sWindowTemplate_PlayerNameAndId
0x082F0184	rom	sUnionRoomGroupsMenuItems
0x082F0204	rom	sListMenuTemplate_UnionRoomGroups
0x082F021C	rom	sWindowTemplate_InviteToActivity
0x082F0224	rom	sInviteToActivityMenuItems
0x082F0244	rom	sListMenuTemplate_InviteToActivity
0x082F025C	rom	sWindowTemplate_RegisterForTrade
0x082F0264	rom	sRegisterForTradeListMenuItems
0x082F027C	rom	sListMenuTemplate_RegisterForTrade
0x082F0294	rom	sWindowTemplate_TradingBoardRequestType
0x082F029C	rom	sTradingBoardTypes
0x082F032C	rom	sMenuTemplate_TradingBoardRequestType
0x082F0344	rom	sWindowTemplate_TradingBoardHeader
0x082F034C	rom	sWindowTemplate_TradingBoardMain
0x082F0354	rom	sTradeBoardListMenuItems
0x082F03A4	rom	sTradeBoardListMenuTemplate
0x082F03BC	rom	sWindowTemplate_Unused
0x082F03C4	rom	sEmptyListMenuItems
0x082F0444	rom	sEmptyListMenuTemplate
0x082F045C	rom	sUnionRoomPlayer_DummyRfu
0x082F0474	rom	sAcceptedActivityIds_SingleBattle
0x082F0478	rom	sAcceptedActivityIds_DoubleBattle
0x082F047C	rom	sAcceptedActivityIds_MultiBattle
0x082F0480	rom	sAcceptedActivityIds_Trade
0x082F0484	rom	sAcceptedActivityIds_PokemonJump
0x082F0488	rom	sAcceptedActivityIds_BerryCrush
0x082F048C	rom	sAcceptedActivityIds_BerryPicking
0x082F0490	rom	sAcceptedActivityIds_WonderCard
0x082F0494	rom	sAcceptedActivityIds_WonderNews
0x082F0498	rom	sAcceptedActivityIds_Resume
0x082F04A4	rom	sAcceptedActivityIds_Init
0x082F04A8	rom	sAcceptedActivityIds_Unk11
0x082F04B4	rom	sAcceptedActivityIds_RecordCorner
0x082F04B8	rom	sAcceptedActivityIds_BerryBlender
0x082F04BC	rom	sAcceptedActivityIds_CoolContest
0x082F04C0	rom	sAcceptedActivityIds_BeautyContest
0x082F04C4	rom	sAcceptedActivityIds_CuteContest
0x082F04C8	rom	sAcceptedActivityIds_SmartContest
0x082F04CC	rom	sAcceptedActivityIds_ToughContest
0x082F04D0	rom	sAcceptedActivityIds_BattleTower
0x082F04D4	rom	sAcceptedActivityIds_BattleTowerOpen
0x082F04D8	rom	sAcceptedActivityIds
0x082F0530	rom	sLinkGroupToURoomActivity
0x082F0548	rom	sTextboxBorder_Pal
0x082F0568	rom	sTextboxBorder_Gfx
0x082F0598	rom	sBGTemplates
0x082F05A8	rom	sMainWindows
0x082F05C8	rom	sWindowTemplate_YesNoMsg_Wide
0x082F05D0	rom	sWindowTemplate_YesNoMsg
0x082F05D8	rom	sWindowTemplate_GiftSelect
0x082F05E0	rom	sWindowTemplate_ThreeOptions
0x082F05E8	rom	sWindowTemplate_YesNoBox
0x082F05F0	rom	sWindowTemplate_GiftSelect_3Options
0x082F05F8	rom	sWindowTemplate_GiftSelect_2Options
0x082F0600	rom	sWindowTemplate_GiftSelect_1Option
0x082F0608	rom	sListMenuItems_CardsOrNews
0x082F0620	rom	sListMenuItems_WirelessOrFriend
0x082F0638	rom	sListMenuTemplate_ThreeOptions
0x082F0650	rom	sListMenuItems_ReceiveSendToss
0x082F0670	rom	sListMenuItems_ReceiveToss
0x082F0688	rom	sListMenuItems_ReceiveSend
0x082F06A0	rom	sListMenuItems_Receive
0x082F06B0	rom	sListMenu_ReceiveSendToss
0x082F06C8	rom	sListMenu_ReceiveToss
0x082F06E0	rom	sListMenu_ReceiveSend
0x082F06F8	rom	sListMenu_Receive
0x082F0710	rom	sUnusedMenuTexts
0x082F0720	rom	sTextColors_Header
0x082F0724	rom	sTextColors_Header_Copy
0x082F0728	rom	sMG_Ereader_TextColor_2
0x082F072C	rom	sUnionRoomObjGfxIds
0x082F0740	rom	sUnionRoomPlayerCoords
0x082F0760	rom	sUnionRoomGroupOffsets
0x082F076A	rom	sOppositeFacingDirection
0x082F076F	rom	sMemberFacingDirections
0x082F0774	rom	sUnionRoomLocalIds
0x082F077C	rom	sHidePlayerFlags
0x082F078C	rom	sMovement_UnionPlayerExit
0x082F078E	rom	sMovement_UnionPlayerEnter
0x082F0790	rom	sPalettes
0x082F0990	rom	sBgTiles_Gfx
0x082F0BA0	rom	sBgTiles_Tilemap
0x082F0D34	rom	sBgTemplates
0x082F0D3C	rom	sWindowTemplates
0x082F0D5C	rom	sHeaderTexts
0x082F0D70	rom	sActivityGroupInfo
0x082F0DD0	rom	sBgTemplates
0x082F0DD4	rom	sWindowTemplates
0x082F0DE4	rom	sTextColors
0x082F0DE8	rom	sReceivedGiftFlags
0x082F0E10	rom	sCard_TextColorTable
0x082F0E18	rom	sCard_FooterTextOffsets
0x082F0E1C	rom	sCard_WindowTemplates
0x082F0E34	rom	sWonderCardBgPal1
0x082F0E54	rom	sWonderCardBgPal2
0x082F0E74	rom	sWonderCardBgPal3
0x082F0E94	rom	sWonderCardBgPal4
0x082F0EB4	rom	sWonderCardBgPal5
0x082F0ED4	rom	sWonderCardBgPal6
0x082F0EF4	rom	sWonderCardBgPal7
0x082F0F14	rom	sWonderCardBgPal8
0x082F0F34	rom	sWonderCardBgGfx1
0x082F1030	rom	sWonderCardBgTilemap1
0x082F1124	rom	sWonderCardBgGfx2
0x082F1218	rom	sWonderCardBgTilemap2
0x082F1300	rom	sWonderCardBgGfx3
0x082F13D4	rom	sWonderCardBgTilemap3
0x082F14A8	rom	sWonderCardBgGfx7
0x082F16DC	rom	sWonderCardBgTilemap7
0x082F1824	rom	sWonderCardBgGfx8
0x082F1A54	rom	sWonderCardBgTilemap8
0x082F1B9C	rom	sStampShadowPal1
0x082F1BBC	rom	sStampShadowPal2
0x082F1BDC	rom	sStampShadowPal3
0x082F1BFC	rom	sStampShadowPal4
0x082F1C1C	rom	sStampShadowPal5
0x082F1C3C	rom	sStampShadowPal6
0x082F1C5C	rom	sStampShadowPal7
0x082F1C7C	rom	sStampShadowPal8
0x082F1C9C	rom	sStampShadowGfx
0x082F1D00	rom	sSpriteSheet_StampShadow
0x082F1D08	rom	sSpritePalettes_StampShadow
0x082F1D48	rom	sSpriteTemplate_StampShadow
0x082F1D60	rom	sCardGraphics
0x082F1DE0	rom	sNews_TextColorTable
0x082F1DE8	rom	sNews_WindowTemplates
0x082F1DF8	rom	sNews_ArrowsTemplate
0x082F1E08	rom	sWonderNewsPal1
0x082F1E28	rom	sWonderNewsPal7
0x082F1E48	rom	sWonderNewsPal8
0x082F1E68	rom	sWonderNewsGfx1
0x082F1EE8	rom	sWonderNewsTilemap1
0x082F1FC4	rom	sWonderNewsGfx2
0x082F1FF4	rom	sWonderNewsTilemap2
0x082F20B4	rom	sWonderNewsGfx3
0x082F2124	rom	sWonderNewsTilemap3
0x082F21F0	rom	sWonderNewsGfx7
0x082F2280	rom	sWonderNewsTilemap7
0x082F235C	rom	sWonderNewsGfx8
0x082F23EC	rom	sWonderNewsTilemap8
0x082F24C8	rom	sNewsGraphics
0x082F2548	rom	sFuncTable
0x082F257C	rom	sText_CanceledReadingCard
0x082F2598	rom	gMysteryGiftClientScript_Init
0x082F25A8	rom	sClientScript_SendGameData
0x082F25C8	rom	sClientScript_CantAccept
0x082F25D8	rom	sClientScript_CommError
0x082F25E8	rom	sClientScript_NothingSent
0x082F25F8	rom	sClientScript_SaveCard
0x082F2628	rom	sClientScript_SaveNews
0x082F2650	rom	sClientScript_HadNews
0x082F2660	rom	sClientScript_NewsReceived
0x082F2670	rom	sClientScript_AskToss
0x082F2698	rom	sClientScript_Canceled
0x082F26A8	rom	sClientScript_HadCard
0x082F26B8	rom	sClientScript_DynamicError
0x082F26D8	rom	sClientScript_DynamicSuccess
0x082F26F8	rom	sServerScript_CantSend
0x082F2728	rom	sServerScript_CommError
0x082F2758	rom	sServerScript_ClientCanceledNews
0x082F2788	rom	sServerScript_ClientCanceledCard
0x082F27D0	rom	sServerScript_HasNews
0x082F2800	rom	sServerScript_SendNews
0x082F2884	rom	sServerScript_SendCard
0x082F28E4	rom	sServerScript_TossPrompt
0x082F292C	rom	sServerScript_HasCard
0x082F295C	rom	sServerScript_NothingSent
0x082F298C	rom	gMysteryGiftServerScript_SendWonderNews
0x082F29EC	rom	gMysteryGiftServerScript_SendWonderCard
0x082F2A7C	rom	sChatMainFunctions
0x082F2AA4	rom	sKeyboardPageMaxRow
0x082F2AA8	rom	sCaseToggleTable
0x082F2BA8	rom	sUnionRoomKeyboardText
0x082F2C20	rom	sUnusedPalette
0x082F2C40	rom	sChatMessagesWindow_Pal
0x082F2C60	rom	sBgTemplates
0x082F2C70	rom	sWinTemplates
0x082F2C98	rom	sDisplaySubtasks
0x082F2D40	rom	sDisplayStdMessages
0x082F2DC4	rom	sText_Ellipsis
0x082F2DC8	rom	sKeyboardPageTitleTexts
0x082F2DF0	rom	sUnionRoomChatInterfacePal
0x082F2E10	rom	sKeyboardCursorTiles
0x082F3094	rom	sTextEntryCursorTiles
0x082F30B4	rom	sTextEntryArrowTiles
0x082F30E0	rom	sRButtonGfxTiles
0x082F3134	rom	sSpriteSheets
0x082F315C	rom	sSpritePalette
0x082F3164	rom	sOam_KeyboardCursor
0x082F316C	rom	sAnim_KeyboardCursor_Open
0x082F3174	rom	sAnim_KeyboardCursor_Closed
0x082F317C	rom	sAnim_KeyboardCursorWide_Open
0x082F3184	rom	sAnim_KeyboardCursorWide_Closed
0x082F318C	rom	sAnims_KeyboardCursor
0x082F319C	rom	sSpriteTemplate_KeyboardCursor
0x082F31B4	rom	sOam_TextEntrySprite
0x082F31BC	rom	sSpriteTemplate_TextEntryCursor
0x082F31D4	rom	sSpriteTemplate_TextEntryArrow
0x082F31EC	rom	sOam_RButtonIcon
0x082F31F4	rom	sOam_RButtonLabel
0x082F31FC	rom	sAnim_ToggleCaseIcon
0x082F3204	rom	sAnim_ToggleCaseIcon_Duplicate1
0x082F320C	rom	sAnim_ToggleCaseIcon_Duplicate2
0x082F3214	rom	sAnim_RegisterIcon
0x082F321C	rom	sAnims_RButtonLabels
0x082F322C	rom	sSpriteTemplate_RButtonIcon
0x082F3244	rom	sSpriteTemplate_RButtonLabels
0x082F325C	rom	sBitTable
0x082F3264	rom	sSyncPressBonus
0x082F326C	rom	sIntroOutroVibrationData
0x082F3290	rom	sVibrationData
0x082F32A4	rom	sMessages
0x082F32C8	rom	sBgTemplates
0x082F32D8	rom	sTextColorTable
0x082F32EC	rom	sWindowTemplate_Rankings
0x082F32F4	rom	sWindowTemplates_PlayerNames
0x082F3324	rom	sWindowTemplates_Results
0x082F3344	rom	sResultsWindowHeights
0x082F334C	rom	sPressingSpeedConversionTable
0x082F336C	rom	sCrusherBase_Pal
0x082F338C	rom	sEffects_Pal
0x082F33AC	rom	sTimerDigits_Pal
0x082F33CC	rom	sCrusherBase_Gfx
0x082F36F8	rom	sImpact_Gfx
0x082F3A74	rom	sSparkle_Gfx
0x082F3BC0	rom	sTimerDigits_Gfx
0x082F3C8C	rom	sCrusherTop_Tilemap
0x082F3DBC	rom	sContainerCap_Tilemap
0x082F3F54	rom	sBg_Tilemap
0x082F417C	rom	sPlayerIdToPosId
0x082F4190	rom	sPlayerCoords
0x082F41CC	rom	sImpactCoords
0x082F41D2	rom	sSparkleCoords
0x082F41E8	rom	sPlayerBerrySpriteTags
0x082F41F4	rom	sSpriteSheets
0x082F421C	rom	sSpritePals
0x082F423C	rom	sAnim_CrusherBase
0x082F4244	rom	sAnim_Impact_Small
0x082F4254	rom	sAnim_Impact_Big
0x082F4268	rom	sAnim_Sparkle_Small
0x082F4284	rom	sAnim_Sparkle_Big
0x082F42A8	rom	sAnim_Timer
0x082F42B0	rom	sAnim_PlayerBerry
0x082F42B8	rom	sAffineAnim_PlayerBerry_0
0x082F42D0	rom	sAffineAnim_PlayerBerry_1
0x082F42E8	rom	sAnims_CrusherBase
0x082F42EC	rom	sAnims_Impact
0x082F42F4	rom	sAnims_Sparkle
0x082F42FC	rom	sAnims_Timer
0x082F4300	rom	sAnims_PlayerBerry
0x082F4304	rom	sAffineAnims_PlayerBerry
0x082F430C	rom	sSpriteTemplate_CrusherBase
0x082F4324	rom	sSpriteTemplate_Impact
0x082F433C	rom	sSpriteTemplate_Sparkle
0x082F4354	rom	sSpriteTemplate_Timer
0x082F436C	rom	sSpriteTemplate_PlayerBerry
0x082F4384	rom	sDigitObjTemplates
0x082F43B4	rom	sResultsTexts
0x082F43CC	rom	sBerryCrushCommands
0x082F4434	rom	sSparkleThresholds
0x082F4444	rom	sBigSparkleThresholds
0x082F4448	rom	sReceivedPlayerBitmasks
0x082F444C	rom	sBerryPowderBgTemplates
0x082F445C	rom	sUnknown
0x082F4464	rom	sBerryPowderWindowTemplates
0x082F449C	rom	sActiveColumnMap
0x082F45AF	rom	sDodrioHeadToColumnMap
0x082F45FA	rom	sDodrioNeighborMap
0x082F4648	rom	sPlayerIdAtColumn
0x082F467F	rom	sUnsharedColumns
0x082F4698	rom	sDuplicateGfx
0x082F7A88	rom	sBerryFallDelays
0x082F7A94	rom	sTreeBorderXPos
0x082F7A9C	rom	sDifficultyThresholds
0x082F7AA4	rom	sPrizeBerryIds
0x082F7AC4	rom	sLeaderFuncs
0x082F7AF4	rom	sMemberFuncs
0x082F7B24	rom	sBerryScoreMultipliers
0x082F7B2C	rom	sWindowTemplates_Records
0x082F7B34	rom	sRecordsTexts
0x082F7B40	rom	sRecordNumMaxDigits
0x082F7B44	rom	sRecordTextYCoords
0x082F7B4A	rom	sRecordNumYCoords
0x082F7B50	rom	sDebug_BerryResults
0x082F7B78	rom	sJPText_Vowels
0x082F7B80	rom	sText_Letters
0x082F7B88	rom	sText_Digits
0x082F7B90	rom	sDebug_PlayerNames
0x082F7BA4	rom	sBgTemplates
0x082F7BB4	rom	sWindowTemplate_Dummy
0x082F7BBC	rom	sWindowTemplates_Results
0x082F7BCC	rom	sWindowTemplate_Prize
0x082F7BD4	rom	sWindowTemplates_PlayAgain
0x082F7BE4	rom	sWindowTemplate_DroppedOut
0x082F7BEC	rom	sWindowTemplate_CommStandby
0x082F7BF4	rom	sActiveColumnMap_Duplicate
0x082F7D07	rom	sDodrioHeadToColumnMap_Duplicate
0x082F7D52	rom	sDodrioNeighborMap_Duplicate
0x082F7DA0	rom	sPlayerIdAtColumn_Duplicate
0x082F7DD7	rom	sUnsharedColumns_Duplicate
0x082F7DF0	rom	sBg_Pal
0x082F7E30	rom	sDodrioNormal_Pal
0x082F7E50	rom	sDodrioShiny_Pal
0x082F7E70	rom	sStatus_Pal
0x082F7E90	rom	sBerries_Pal
0x082F7EB0	rom	sBerries_Gfx
0x082F8064	rom	sCloud_Pal
0x082F8084	rom	sBg_Gfx
0x082F8914	rom	sTreeBorder_Gfx
0x082F96E0	rom	sStatus_Gfx
0x082F9774	rom	sCloud_Gfx
0x082F98BC	rom	sDodrio_Gfx
0x082FAAD8	rom	sBg_Tilemap
0x082FAD44	rom	sTreeBorderRight_Tilemap
0x082FAF94	rom	sTreeBorderLeft_Tilemap
0x082FB1E0	rom	sOamData_Dodrio
0x082FB1E8	rom	sOamData_16x16_Priority0
0x082FB1F0	rom	sOamData_Berry
0x082FB1F8	rom	sOamData_Cloud
0x082FB200	rom	sAnim_Dodrio_Normal
0x082FB208	rom	sAnim_Dodrio_PickRight
0x082FB210	rom	sAnim_Dodrio_PickMiddle
0x082FB218	rom	sAnim_Dodrio_PickLeft
0x082FB220	rom	sAnim_Dodrio_Down
0x082FB228	rom	sAnims_Dodrio
0x082FB23C	rom	sAnims_StatusBar_Yellow
0x082FB244	rom	sAnims_StatusBar_Gray
0x082FB24C	rom	sAnims_StatusBar_Red
0x082FB254	rom	sAnims_StatusBar
0x082FB260	rom	sAnim_Berry_Blue
0x082FB268	rom	sAnim_Berry_Green
0x082FB270	rom	sAnim_Berry_Gold
0x082FB278	rom	sAnim_Berry_BlueSquished
0x082FB280	rom	sAnim_Berry_GreenSquished
0x082FB288	rom	sAnim_Berry_GoldSquished
0x082FB290	rom	sAnim_Berry_Eaten
0x082FB298	rom	sAnim_Berry_Empty1
0x082FB2A0	rom	sAnim_Berry_Empty2
0x082FB2A8	rom	sAnims_Berry
0x082FB2CC	rom	sAnim_Cloud
0x082FB2D4	rom	sAnims_Cloud
0x082FB308	rom	sUnusedSounds
0x082FB31C	rom	sBerryIconXCoords
0x082FB354	rom	moveDelays.378
0x082FB356	rom	sCloudStartCoords
0x082FB380	rom	sTextColorTable
0x082FB38C	rom	sNameWindowCoords_1Player
0x082FB390	rom	sNameWindowCoords_2Players
0x082FB398	rom	sNameWindowCoords_3Players
0x082FB3A4	rom	sNameWindowCoords_4Players
0x082FB3B4	rom	sNameWindowCoords_5Players
0x082FB3C8	rom	sNameWindowCoords
0x082FB3DC	rom	sRankingTexts
0x082FB3F0	rom	sResultsXCoords
0x082FB3F8	rom	sResultsYCoords
0x082FB402	rom	sRankingYCoords
0x082FB40C	rom	sGfxFuncs
0x082FB464	rom	sPokeJumpMons
0x082FB5F4	rom	sPokeJumpLeaderFuncs
0x082FB618	rom	sPokeJumpMemberFuncs
0x082FB63C	rom	sVineBaseSpeeds
0x082FB64C	rom	sVineSpeedDelays
0x082FB654	rom	sSoundEffects
0x082FB65C	rom	sJumpOffsets
0x082FB6EC	rom	sScoreBonuses
0x082FB704	rom	sPrizeItems
0x082FB714	rom	sPrizeQuantityData
0x082FB73C	rom	sPokeJumpPal1
0x082FB75C	rom	sPokeJumpPal2
0x082FB77C	rom	sVine1_Gfx
0x082FB89C	rom	sVine2_Gfx
0x082FBA70	rom	sVine3_Gfx
0x082FBBA0	rom	sVine4_Gfx
0x082FBC9C	rom	sStar_Gfx
0x082FBE08	rom	sCompressedSpriteSheets
0x082FBE30	rom	sSpritePalettes
0x082FBE40	rom	sSpriteTemplate_JumpMon
0x082FBE58	rom	sVineYCoords
0x082FBEA8	rom	sVineXCoords
0x082FBEB8	rom	sSpriteTemplates_Vine
0x082FBEC8	rom	sOamData_JumpMon
0x082FBED0	rom	sOamData_Vine16x32
0x082FBED8	rom	sOamData_Vine32x32
0x082FBEE0	rom	sOamData_Vine32x16
0x082FBEE8	rom	sAnims_Vine_Highest
0x082FBEF0	rom	sAnims_Vine_Higher
0x082FBEF8	rom	sAnims_Vine_High
0x082FBF00	rom	sAnims_Vine_Low
0x082FBF08	rom	sAnims_Vine_Lower
0x082FBF10	rom	sAnims_Vine_Lowest
0x082FBF18	rom	sAnims_VineTall_Highest
0x082FBF20	rom	sAnims_VineTall_Higher
0x082FBF28	rom	sAnims_VineTall_High
0x082FBF30	rom	sAnims_VineTall_Low
0x082FBF38	rom	sAnims_VineTall_Lower
0x082FBF40	rom	sAnims_VineTall_Lowest
0x082FBF48	rom	sAnims_Vine
0x082FBF60	rom	sAnims_VineTall
0x082FBF78	rom	sSpriteTemplate_Vine1
0x082FBF90	rom	sSpriteTemplate_Vine2
0x082FBFA8	rom	sSpriteTemplate_Vine3
0x082FBFC0	rom	sSpriteTemplate_Vine4
0x082FBFD8	rom	sOamData_Star
0x082FBFE0	rom	sAnim_Star_Still
0x082FBFE8	rom	sAnim_Star_Spinning
0x082FC004	rom	sAnims_Star
0x082FC00C	rom	sSpriteTemplate_Star
0x082FC024	rom	sInterface_Pal
0x082FC044	rom	sBg_Pal
0x082FC064	rom	sBg_Gfx
0x082FC290	rom	sBg_Tilemap
0x082FC440	rom	sVenusaur_Pal
0x082FC460	rom	sVenusaur_Gfx
0x082FCDB0	rom	sVenusaur_Tilemap
0x082FD168	rom	sBonuses_Pal
0x082FD188	rom	sBonuses_Gfx
0x082FDC38	rom	sBonuses_Tilemap
0x082FE164	rom	sBgTemplates
0x082FE174	rom	sWindowTemplates
0x082FE18C	rom	sPokeJumpGfxFuncs
0x082FE1DF	rom	sVenusaurStates
0x082FE1EC	rom	sSpriteSheet_Digits
0x082FE1F4	rom	sSpritePalette_Digits
0x082FE1FC	rom	sPlayerNameWindowCoords_2Players
0x082FE204	rom	sPlayerNameWindowCoords_3Players
0x082FE210	rom	sPlayerNameWindowCoords_4Players
0x082FE220	rom	sPlayerNameWindowCoords_5Players
0x082FE234	rom	sPlayerNameWindowCoords
0x082FE244	rom	sMonXCoords_2Players
0x082FE248	rom	sMonXCoords_3Players
0x082FE24E	rom	sMonXCoords_4Players
0x082FE256	rom	sMonXCoords_5Players
0x082FE260	rom	sMonXCoords
0x082FE270	rom	sWindowTemplate_Records
0x082FE278	rom	sRecordsTexts
0x082FE284	rom	s321Start_Static_Pal
0x082FE2A4	rom	s321Start_Static_Gfx
0x082FE6C8	rom	sSpriteSheet_321Start_Static
0x082FE6D8	rom	sSpritePalette_321Start_Static
0x082FE6E8	rom	sAnim_StaticCountdown_Three
0x082FE6F0	rom	sAnim_StaticCountdown_Two
0x082FE6F8	rom	sAnim_StaticCountdown_One
0x082FE700	rom	sAnim_StaticCountdown_StartLeft
0x082FE708	rom	sAnim_StaticCountdown_StartMid
0x082FE710	rom	sAnim_StaticCountdown_StartRight
0x082FE718	rom	sAnims_StaticCountdown
0x082FE730	rom	sSpriteTemplate_StaticCountdown
0x082FE748	rom	sStaticCountdownFuncs
0x082FE758	rom	s321Start_Pal
0x082FE778	rom	s321Start_Gfx
0x082FEBDC	rom	sOamData_Numbers
0x082FEBE4	rom	sOamData_Start
0x082FEBEC	rom	sAnim_Numbers_Three
0x082FEBF4	rom	sAnim_Numbers_Two
0x082FEBFC	rom	sAnim_Numbers_One
0x082FEC04	rom	sAnimTable_Numbers
0x082FEC10	rom	sAnim_StartLeft
0x082FEC18	rom	sAnim_StartRight
0x082FEC20	rom	sAnimTable_Start
0x082FEC28	rom	sAffineAnim_Numbers_Normal
0x082FEC38	rom	sAffineAnim_Numbers_Squash
0x082FEC50	rom	sAffineAnim_Numbers_Stretch
0x082FEC60	rom	sAffineAnim_Numbers_Land
0x082FEC80	rom	sAffineAnimTable_Numbers
0x082FECC0	rom	sRtcDummy
0x082FECCC	rom	sNumDaysInMonths
0x082FECFC	rom	sBirchSpeechBgPals
0x082FED3C	rom	sBirchSpeechShadowGfx
0x082FEEF0	rom	sBirchSpeechBgMap
0x082FF018	rom	sBirchSpeechBgGradientPal
0x082FF038	rom	sWindowTemplates_MainMenu
0x082FF080	rom	sNewGameBirchSpeechTextWindows
0x082FF0A0	rom	sMainMenuBgPal
0x082FF0C0	rom	sMainMenuTextPal
0x082FF0E0	rom	sTextColor_Headers
0x082FF0E3	rom	sTextColor_MenuInfo
0x082FF0E8	rom	sMainMenuBgTemplates
0x082FF0F0	rom	sBirchBgTemplate
0x082FF0F4	rom	sScrollArrowsTemplate_MainMenu
0x082FF104	rom	sSpriteAffineAnim_PlayerShrink
0x082FF114	rom	sSpriteAffineAnimTable_PlayerShrink
0x082FF118	rom	sMenuActions_Gender
0x082FF128	rom	sMalePresetNames
0x082FF178	rom	sFemalePresetNames
0x082FF1C8	rom	sTilesPerImage
0x082FF1D8	rom	gMinigameDigits_Pal
0x082FF1F8	rom	gMinigameDigits_Gfx
0x082FF2B8	rom	sMinigameDigitsThin_Gfx
0x082FF3A8	rom	gBattlerPicTable_PlayerLeft
0x082FF3C8	rom	gBattlerPicTable_OpponentLeft
0x082FF3E8	rom	gBattlerPicTable_PlayerRight
0x082FF408	rom	gBattlerPicTable_OpponentRight
0x082FF428	rom	gTrainerBackPicTable_Brendan
0x082FF448	rom	gTrainerBackPicTable_May
0x082FF468	rom	gTrainerBackPicTable_Red
0x082FF490	rom	gTrainerBackPicTable_Leaf
0x082FF4B8	rom	gTrainerBackPicTable_RubySapphireBrendan
0x082FF4D8	rom	gTrainerBackPicTable_RubySapphireMay
0x082FF4F8	rom	gTrainerBackPicTable_Wally
0x082FF518	rom	gTrainerBackPicTable_Steven
0x082FF538	rom	sAnim_GeneralFrame0
0x082FF540	rom	sAnim_GeneralFrame3
0x082FF548	rom	sAffineAnim_Battler_Normal
0x082FF558	rom	sAffineAnim_Battler_Flipped
0x082FF568	rom	sAffineAnim_Battler_Emerge
0x082FF580	rom	sAffineAnim_Battler_Return
0x082FF598	rom	sAffineAnim_Battler_HorizontalSquishLoop
0x082FF5B8	rom	sAffineAnim_Battler_Grow
0x082FF5C8	rom	sAffineAnim_Battler_Shrink
0x082FF5D8	rom	sAffineAnim_Battler_BigToSmall
0x082FF5F0	rom	sAffineAnim_Battler_GrowLarge
0x082FF600	rom	sAffineAnim_Battler_TipRight
0x082FF618	rom	gAffineAnims_BattleSpritePlayerSide
0x082FF63C	rom	sAffineAnim_Battler_SpinShrink
0x082FF64C	rom	sAffineAnim_Battler_TipLeft
0x082FF664	rom	sAffineAnim_Battler_RotateUpAndBack
0x082FF684	rom	sAffineAnim_Battler_Spin
0x082FF694	rom	gAffineAnims_BattleSpriteOpponentSide
0x082FF6C0	rom	gAffineAnims_BattleSpriteContest
0x082FF6EC	rom	sAnim_MonPic_0
0x082FF6F4	rom	sAnim_MonPic_1
0x082FF6FC	rom	sAnim_MonPic_2
0x082FF704	rom	sAnim_MonPic_3
0x082FF70C	rom	gAnims_MonPic
0x082FF71C	rom	sUnusedAnim_Blaziken_1
0x082FF734	rom	sUnusedAnim_Blaziken_2
0x082FF744	rom	sUnusedAnim_Blaziken_3
0x082FF750	rom	sUnusedAnim_Blaziken_4
0x082FF758	rom	sUnusedAnim_Marshtomp_1
0x082FF774	rom	sUnusedAnim_Marshtomp_2
0x082FF790	rom	sUnusedAnim_Marshtomp_3
0x082FF79C	rom	sUnusedAnim_Poochyena_1
0x082FF7B0	rom	sUnusedAnim_Poochyena_2
0x082FF7C4	rom	sUnusedAnim_Mightyena_1
0x082FF7CC	rom	sUnusedAnim_Zigzagoon_1
0x082FF7D4	rom	sUnusedAnim_Linoone_1
0x082FF7DC	rom	sUnusedAnim_Wurmple_1
0x082FF7E4	rom	sUnusedAnim_Wurmple_2
0x082FF7EC	rom	sUnusedAnim_Silcoon_1
0x082FF7F4	rom	sUnusedAnim_Silcoon_2
0x082FF7FC	rom	sUnusedAnim_Beautifly_1
0x082FF804	rom	sUnusedAnim_Beautifly_2
0x082FF80C	rom	sUnusedAnim_Cascoon_1
0x082FF814	rom	sUnusedAnim_Cascoon_2
0x082FF81C	rom	sUnusedAnim_Dustox_1
0x082FF824	rom	sUnusedAnim_Dustox_2
0x082FF82C	rom	sUnusedAnim_Lombre_1
0x082FF834	rom	sUnusedAnim_Ludicolo_1
0x082FF83C	rom	sUnusedAnim_Ludicolo_2
0x082FF844	rom	sUnusedAnim_Seedot_1
0x082FF84C	rom	sUnusedAnim_Nuzleaf_1
0x082FF854	rom	sUnusedAnim_Shiftry_1
0x082FF85C	rom	sUnusedAnim_Shiftry_2
0x082FF864	rom	sUnusedAnim_Taillow_1
0x082FF86C	rom	sUnusedAnim_Swellow_1
0x082FF874	rom	sUnusedAnim_Shroomish_1
0x082FF87C	rom	sUnusedAnim_Breloom_1
0x082FF884	rom	sUnusedAnim_Wingull_1
0x082FF88C	rom	sUnusedAnim_Pelipper_1
0x082FF894	rom	sUnusedAnim_Pelipper_2
0x082FF89C	rom	sUnusedAnim_Surskit_1
0x082FF8A4	rom	sUnusedAnim_Surskit_2
0x082FF8AC	rom	sUnusedAnim_Masquerain_1
0x082FF8B4	rom	sUnusedAnim_Masquerain_2
0x082FF8BC	rom	sUnusedAnim_Wailmer_1
0x082FF8FC	rom	sUnusedAnim_Wailmer_2
0x082FF91C	rom	sUnusedAnim_Wailmer_3
0x082FF930	rom	sUnusedAnim_Wailmer_4
0x082FF93C	rom	sUnusedAnim_Skitty_1
0x082FF944	rom	sUnusedAnim_Delcatty_1
0x082FF94C	rom	sUnusedAnim_Kecleon_1
0x082FF9A8	rom	sUnusedAnim_Kecleon_2
0x082FFA00	rom	sUnusedAnim_Kecleon_3
0x082FFA58	rom	sUnusedAnim_Kecleon_4
0x082FFA64	rom	sUnusedAnim_Baltoy_1
0x082FFA6C	rom	sUnusedAnim_Claydol_1
0x082FFA74	rom	sUnusedAnim_Nosepass_1
0x082FFA7C	rom	sUnusedAnim_Sableye_1
0x082FFA84	rom	sUnusedAnim_Sableye_2
0x082FFA8C	rom	sUnusedAnim_Luvdisc_1
0x082FFA94	rom	sUnusedAnim_Luvdisc_2
0x082FFA9C	rom	sUnusedAnim_Feebas_1
0x082FFAA4	rom	sUnusedAnim_Feebas_2
0x082FFAAC	rom	sUnusedAnim_Milotic_1
0x082FFAB4	rom	sUnusedAnim_Milotic_2
0x082FFABC	rom	sUnusedAnim_Carvanha_1
0x082FFAC4	rom	sUnusedAnim_Carvanha_2
0x082FFACC	rom	sUnusedAnim_Sharpedo_1
0x082FFAD4	rom	sUnusedAnim_Sharpedo_2
0x082FFADC	rom	sUnusedAnim_Trapinch_1
0x082FFAE4	rom	sUnusedAnim_Vibrava_1
0x082FFAEC	rom	sUnusedAnim_Flygon_1
0x082FFAF4	rom	sUnusedAnim_Makuhita_1
0x082FFAFC	rom	sUnusedAnim_Hariyama_1
0x082FFB04	rom	sUnusedAnim_Electrike_1
0x082FFB0C	rom	sUnusedAnim_Electrike_2
0x082FFB14	rom	sUnusedAnim_Manectric_1
0x082FFB1C	rom	sUnusedAnim_Numel_1
0x082FFB24	rom	sUnusedAnim_Numel_2
0x082FFB2C	rom	sUnusedAnim_Camerupt_1
0x082FFB34	rom	sUnusedAnim_Spheal_1
0x082FFB3C	rom	sUnusedAnim_Sealeo_1
0x082FFB44	rom	sUnusedAnim_Walrein_1
0x082FFB60	rom	sUnusedAnim_Walrein_2
0x082FFB7C	rom	sUnusedAnim_Azurill_1
0x082FFBBC	rom	sUnusedAnim_Azurill_2
0x082FFBE0	rom	sUnusedAnim_Azurill_3
0x082FFBF4	rom	sUnusedAnim_Azurill_4
0x082FFBFC	rom	sUnusedAnim_Spoink_1
0x082FFC04	rom	sUnusedAnim_Spoink_2
0x082FFC0C	rom	sUnusedAnim_Grumpig_1
0x082FFC14	rom	sUnusedAnim_Plusle_1
0x082FFC1C	rom	sUnusedAnim_Minun_1
0x082FFC24	rom	sUnusedAnim_Mawile_1
0x082FFC2C	rom	sUnusedAnim_Meditite_1
0x082FFC34	rom	sUnusedAnim_Medicham_1
0x082FFC3C	rom	sUnusedAnim_Swablu_1
0x082FFC58	rom	sUnusedAnim_Swablu_2
0x082FFC74	rom	sUnusedAnim_Altaria_1
0x082FFC7C	rom	sUnusedAnim_Wynaut_1
0x082FFC84	rom	sUnusedAnim_Wynaut_2
0x082FFC8C	rom	sUnusedAnim_Duskull_1
0x082FFC94	rom	sUnusedAnim_Duskull_2
0x082FFC9C	rom	sUnusedAnim_Dusclops_1
0x082FFCA4	rom	sUnusedAnim_Dusclops_2
0x082FFCAC	rom	sUnusedAnim_Slakoth_1
0x082FFCB4	rom	sUnusedAnim_Vigoroth_1
0x082FFCBC	rom	sUnusedAnim_Slaking_1
0x082FFCC4	rom	sUnusedAnim_Gulpin_1
0x082FFCCC	rom	sUnusedAnim_Swalot_1
0x082FFCD4	rom	sUnusedAnim_Tropius_1
0x082FFCDC	rom	sUnusedAnim_Clamperl_1
0x082FFCE4	rom	sUnusedAnim_Absol_1
0x082FFCEC	rom	sUnusedAnim_Shuppet_1
0x082FFCF4	rom	sUnusedAnim_Shuppet_2
0x082FFCFC	rom	sUnusedAnim_Banette_1
0x082FFD04	rom	sUnusedAnim_Aron_1
0x082FFD0C	rom	sUnusedAnim_Lairon_1
0x082FFD14	rom	sUnusedAnim_Aggron_1
0x082FFD1C	rom	sUnusedAnim_Castform_1
0x082FFD24	rom	sUnusedAnim_Castform_2
0x082FFD2C	rom	sUnusedAnim_Castform_3
0x082FFD34	rom	sUnusedAnim_Castform_4
0x082FFD3C	rom	sUnusedAnim_Volbeat_1
0x082FFD44	rom	sUnusedAnim_Illumise_1
0x082FFD4C	rom	sUnusedAnim_Bagon_1
0x082FFD54	rom	sUnusedAnim_Bagon_2
0x082FFD5C	rom	sUnusedAnim_Salamence_1
0x082FFD64	rom	sUnusedAnim_Salamence_2
0x082FFD6C	rom	sUnusedAnim_Regirock_1
0x082FFD74	rom	sUnusedAnim_Regice_1
0x082FFD7C	rom	sUnusedAnim_Registeel_1
0x082FFD84	rom	sUnusedAnim_Registeel_2
0x082FFD8C	rom	sUnusedAnim_Rayquaza_1
0x082FFDA0	rom	sUnusedAnim_Rayquaza_2
0x082FFDB4	rom	sUnusedAnim_Unused1
0x082FFDBC	rom	sUnusedAnim_Unused2
0x082FFDC4	rom	sUnusedAnim_Jirachi_1
0x082FFDCC	rom	sUnusedAnims_None
0x082FFDD0	rom	sUnusedAnims_Bulbasaur
0x082FFDD4	rom	sUnusedAnims_Ivysaur
0x082FFDD8	rom	sUnusedAnims_Venusaur
0x082FFDDC	rom	sUnusedAnims_Charmander
0x082FFDE0	rom	sUnusedAnims_Charmeleon
0x082FFDE4	rom	sUnusedAnims_Charizard
0x082FFDE8	rom	sUnusedAnims_Squirtle
0x082FFDEC	rom	sUnusedAnims_Wartortle
0x082FFDF0	rom	sUnusedAnims_Blastoise
0x082FFDF4	rom	sUnusedAnims_Caterpie
0x082FFDF8	rom	sUnusedAnims_Metapod
0x082FFDFC	rom	sUnusedAnims_Butterfree
0x082FFE00	rom	sUnusedAnims_Weedle
0x082FFE04	rom	sUnusedAnims_Kakuna
0x082FFE08	rom	sUnusedAnims_Beedrill
0x082FFE0C	rom	sUnusedAnims_Pidgey
0x082FFE10	rom	sUnusedAnims_Pidgeotto
0x082FFE14	rom	sUnusedAnims_Pidgeot
0x082FFE18	rom	sUnusedAnims_Rattata
0x082FFE1C	rom	sUnusedAnims_Raticate
0x082FFE20	rom	sUnusedAnims_Spearow
0x082FFE24	rom	sUnusedAnims_Fearow
0x082FFE28	rom	sUnusedAnims_Ekans
0x082FFE2C	rom	sUnusedAnims_Arbok
0x082FFE30	rom	sUnusedAnims_Pikachu
0x082FFE34	rom	sUnusedAnims_Raichu
0x082FFE38	rom	sUnusedAnims_Sandshrew
0x082FFE3C	rom	sUnusedAnims_Sandslash
0x082FFE40	rom	sUnusedAnims_NidoranF
0x082FFE44	rom	sUnusedAnims_Nidorina
0x082FFE48	rom	sUnusedAnims_Nidoqueen
0x082FFE4C	rom	sUnusedAnims_NidoranM
0x082FFE50	rom	sUnusedAnims_Nidorino
0x082FFE54	rom	sUnusedAnims_Nidoking
0x082FFE58	rom	sUnusedAnims_Clefairy
0x082FFE5C	rom	sUnusedAnims_Clefable
0x082FFE60	rom	sUnusedAnims_Vulpix
0x082FFE64	rom	sUnusedAnims_Ninetales
0x082FFE68	rom	sUnusedAnims_Jigglypuff
0x082FFE6C	rom	sUnusedAnims_Wigglytuff
0x082FFE70	rom	sUnusedAnims_Zubat
0x082FFE74	rom	sUnusedAnims_Golbat
0x082FFE78	rom	sUnusedAnims_Oddish
0x082FFE7C	rom	sUnusedAnims_Gloom
0x082FFE80	rom	sUnusedAnims_Vileplume
0x082FFE84	rom	sUnusedAnims_Paras
0x082FFE88	rom	sUnusedAnims_Parasect
0x082FFE8C	rom	sUnusedAnims_Venonat
0x082FFE90	rom	sUnusedAnims_Venomoth
0x082FFE94	rom	sUnusedAnims_Diglett
0x082FFE98	rom	sUnusedAnims_Dugtrio
0x082FFE9C	rom	sUnusedAnims_Meowth
0x082FFEA0	rom	sUnusedAnims_Persian
0x082FFEA4	rom	sUnusedAnims_Psyduck
0x082FFEA8	rom	sUnusedAnims_Golduck
0x082FFEAC	rom	sUnusedAnims_Mankey
0x082FFEB0	rom	sUnusedAnims_Primeape
0x082FFEB4	rom	sUnusedAnims_Growlithe
0x082FFEB8	rom	sUnusedAnims_Arcanine
0x082FFEBC	rom	sUnusedAnims_Poliwag
0x082FFEC0	rom	sUnusedAnims_Poliwhirl
0x082FFEC4	rom	sUnusedAnims_Poliwrath
0x082FFEC8	rom	sUnusedAnims_Abra
0x082FFECC	rom	sUnusedAnims_Kadabra
0x082FFED0	rom	sUnusedAnims_Alakazam
0x082FFED4	rom	sUnusedAnims_Machop
0x082FFED8	rom	sUnusedAnims_Machoke
0x082FFEDC	rom	sUnusedAnims_Machamp
0x082FFEE0	rom	sUnusedAnims_Bellsprout
0x082FFEE4	rom	sUnusedAnims_Weepinbell
0x082FFEE8	rom	sUnusedAnims_Victreebel
0x082FFEEC	rom	sUnusedAnims_Tentacool
0x082FFEF0	rom	sUnusedAnims_Tentacruel
0x082FFEF4	rom	sUnusedAnims_Geodude
0x082FFEF8	rom	sUnusedAnims_Graveler
0x082FFEFC	rom	sUnusedAnims_Golem
0x082FFF00	rom	sUnusedAnims_Ponyta
0x082FFF04	rom	sUnusedAnims_Rapidash
0x082FFF08	rom	sUnusedAnims_Slowpoke
0x082FFF0C	rom	sUnusedAnims_Slowbro
0x082FFF10	rom	sUnusedAnims_Magnemite
0x082FFF14	rom	sUnusedAnims_Magneton
0x082FFF18	rom	sUnusedAnims_Farfetchd
0x082FFF1C	rom	sUnusedAnims_Doduo
0x082FFF20	rom	sUnusedAnims_Dodrio
0x082FFF24	rom	sUnusedAnims_Seel
0x082FFF28	rom	sUnusedAnims_Dewgong
0x082FFF2C	rom	sUnusedAnims_Grimer
0x082FFF30	rom	sUnusedAnims_Muk
0x082FFF34	rom	sUnusedAnims_Shellder
0x082FFF38	rom	sUnusedAnims_Cloyster
0x082FFF3C	rom	sUnusedAnims_Gastly
0x082FFF40	rom	sUnusedAnims_Haunter
0x082FFF44	rom	sUnusedAnims_Gengar
0x082FFF48	rom	sUnusedAnims_Onix
0x082FFF4C	rom	sUnusedAnims_Drowzee
0x082FFF50	rom	sUnusedAnims_Hypno
0x082FFF54	rom	sUnusedAnims_Krabby
0x082FFF58	rom	sUnusedAnims_Kingler
0x082FFF5C	rom	sUnusedAnims_Voltorb
0x082FFF60	rom	sUnusedAnims_Electrode
0x082FFF64	rom	sUnusedAnims_Exeggcute
0x082FFF68	rom	sUnusedAnims_Exeggutor
0x082FFF6C	rom	sUnusedAnims_Cubone
0x082FFF70	rom	sUnusedAnims_Marowak
0x082FFF74	rom	sUnusedAnims_Hitmonlee
0x082FFF78	rom	sUnusedAnims_Hitmonchan
0x082FFF7C	rom	sUnusedAnims_Lickitung
0x082FFF80	rom	sUnusedAnims_Koffing
0x082FFF84	rom	sUnusedAnims_Weezing
0x082FFF88	rom	sUnusedAnims_Rhyhorn
0x082FFF8C	rom	sUnusedAnims_Rhydon
0x082FFF90	rom	sUnusedAnims_Chansey
0x082FFF94	rom	sUnusedAnims_Tangela
0x082FFF98	rom	sUnusedAnims_Kangaskhan
0x082FFF9C	rom	sUnusedAnims_Horsea
0x082FFFA0	rom	sUnusedAnims_Seadra
0x082FFFA4	rom	sUnusedAnims_Goldeen
0x082FFFA8	rom	sUnusedAnims_Seaking
0x082FFFAC	rom	sUnusedAnims_Staryu
0x082FFFB0	rom	sUnusedAnims_Starmie
0x082FFFB4	rom	sUnusedAnims_MrMime
0x082FFFB8	rom	sUnusedAnims_Scyther
0x082FFFBC	rom	sUnusedAnims_Jynx
0x082FFFC0	rom	sUnusedAnims_Electabuzz
0x082FFFC4	rom	sUnusedAnims_Magmar
0x082FFFC8	rom	sUnusedAnims_Pinsir
0x082FFFCC	rom	sUnusedAnims_Tauros
0x082FFFD0	rom	sUnusedAnims_Magikarp
0x082FFFD4	rom	sUnusedAnims_Gyarados
0x082FFFD8	rom	sUnusedAnims_Lapras
0x082FFFDC	rom	sUnusedAnims_Ditto
0x082FFFE0	rom	sUnusedAnims_Eevee
0x082FFFE4	rom	sUnusedAnims_Vaporeon
0x082FFFE8	rom	sUnusedAnims_Jolteon
0x082FFFEC	rom	sUnusedAnims_Flareon
0x082FFFF0	rom	sUnusedAnims_Porygon
0x082FFFF4	rom	sUnusedAnims_Omanyte
0x082FFFF8	rom	sUnusedAnims_Omastar
0x082FFFFC	rom	sUnusedAnims_Kabuto
0x08300000	rom	sUnusedAnims_Kabutops
0x08300004	rom	sUnusedAnims_Aerodactyl
0x08300008	rom	sUnusedAnims_Snorlax
0x0830000C	rom	sUnusedAnims_Articuno
0x08300010	rom	sUnusedAnims_Zapdos
0x08300014	rom	sUnusedAnims_Moltres
0x08300018	rom	sUnusedAnims_Dratini
0x0830001C	rom	sUnusedAnims_Dragonair
0x08300020	rom	sUnusedAnims_Dragonite
0x08300024	rom	sUnusedAnims_Mewtwo
0x08300028	rom	sUnusedAnims_Mew
0x0830002C	rom	sUnusedAnims_Chikorita
0x08300030	rom	sUnusedAnims_Bayleef
0x08300034	rom	sUnusedAnims_Meganium
0x08300038	rom	sUnusedAnims_Cyndaquil
0x0830003C	rom	sUnusedAnims_Quilava
0x08300040	rom	sUnusedAnims_Typhlosion
0x08300044	rom	sUnusedAnims_Totodile
0x08300048	rom	sUnusedAnims_Croconaw
0x0830004C	rom	sUnusedAnims_Feraligatr
0x08300050	rom	sUnusedAnims_Sentret
0x08300054	rom	sUnusedAnims_Furret
0x08300058	rom	sUnusedAnims_Hoothoot
0x0830005C	rom	sUnusedAnims_Noctowl
0x08300060	rom	sUnusedAnims_Ledyba
0x08300064	rom	sUnusedAnims_Ledian
0x08300068	rom	sUnusedAnims_Spinarak
0x0830006C	rom	sUnusedAnims_Ariados
0x08300070	rom	sUnusedAnims_Crobat
0x08300074	rom	sUnusedAnims_Chinchou
0x08300078	rom	sUnusedAnims_Lanturn
0x0830007C	rom	sUnusedAnims_Pichu
0x08300080	rom	sUnusedAnims_Cleffa
0x08300084	rom	sUnusedAnims_Igglybuff
0x08300088	rom	sUnusedAnims_Togepi
0x0830008C	rom	sUnusedAnims_Togetic
0x08300090	rom	sUnusedAnims_Natu
0x08300094	rom	sUnusedAnims_Xatu
0x08300098	rom	sUnusedAnims_Mareep
0x0830009C	rom	sUnusedAnims_Flaaffy
0x083000A0	rom	sUnusedAnims_Ampharos
0x083000A4	rom	sUnusedAnims_Bellossom
0x083000A8	rom	sUnusedAnims_Marill
0x083000AC	rom	sUnusedAnims_Azumarill
0x083000B0	rom	sUnusedAnims_Sudowoodo
0x083000B4	rom	sUnusedAnims_Politoed
0x083000B8	rom	sUnusedAnims_Hoppip
0x083000BC	rom	sUnusedAnims_Skiploom
0x083000C0	rom	sUnusedAnims_Jumpluff
0x083000C4	rom	sUnusedAnims_Aipom
0x083000C8	rom	sUnusedAnims_Sunkern
0x083000CC	rom	sUnusedAnims_Sunflora
0x083000D0	rom	sUnusedAnims_Yanma
0x083000D4	rom	sUnusedAnims_Wooper
0x083000D8	rom	sUnusedAnims_Quagsire
0x083000DC	rom	sUnusedAnims_Espeon
0x083000E0	rom	sUnusedAnims_Umbreon
0x083000E4	rom	sUnusedAnims_Murkrow
0x083000E8	rom	sUnusedAnims_Slowking
0x083000EC	rom	sUnusedAnims_Misdreavus
0x083000F0	rom	sUnusedAnims_Unown
0x083000F4	rom	sUnusedAnims_Wobbuffet
0x083000F8	rom	sUnusedAnims_Girafarig
0x083000FC	rom	sUnusedAnims_Pineco
0x08300100	rom	sUnusedAnims_Forretress
0x08300104	rom	sUnusedAnims_Dunsparce
0x08300108	rom	sUnusedAnims_Gligar
0x0830010C	rom	sUnusedAnims_Steelix
0x08300110	rom	sUnusedAnims_Snubbull
0x08300114	rom	sUnusedAnims_Granbull
0x08300118	rom	sUnusedAnims_Qwilfish
0x0830011C	rom	sUnusedAnims_Scizor
0x08300120	rom	sUnusedAnims_Shuckle
0x08300124	rom	sUnusedAnims_Heracross
0x08300128	rom	sUnusedAnims_Sneasel
0x0830012C	rom	sUnusedAnims_Teddiursa
0x08300130	rom	sUnusedAnims_Ursaring
0x08300134	rom	sUnusedAnims_Slugma
0x08300138	rom	sUnusedAnims_Magcargo
0x0830013C	rom	sUnusedAnims_Swinub
0x08300140	rom	sUnusedAnims_Piloswine
0x08300144	rom	sUnusedAnims_Corsola
0x08300148	rom	sUnusedAnims_Remoraid
0x0830014C	rom	sUnusedAnims_Octillery
0x08300150	rom	sUnusedAnims_Delibird
0x08300154	rom	sUnusedAnims_Mantine
0x08300158	rom	sUnusedAnims_Skarmory
0x0830015C	rom	sUnusedAnims_Houndour
0x08300160	rom	sUnusedAnims_Houndoom
0x08300164	rom	sUnusedAnims_Kingdra
0x08300168	rom	sUnusedAnims_Phanpy
0x0830016C	rom	sUnusedAnims_Donphan
0x08300170	rom	sUnusedAnims_Porygon2
0x08300174	rom	sUnusedAnims_Stantler
0x08300178	rom	sUnusedAnims_Smeargle
0x0830017C	rom	sUnusedAnims_Tyrogue
0x08300180	rom	sUnusedAnims_Hitmontop
0x08300184	rom	sUnusedAnims_Smoochum
0x08300188	rom	sUnusedAnims_Elekid
0x0830018C	rom	sUnusedAnims_Magby
0x08300190	rom	sUnusedAnims_Miltank
0x08300194	rom	sUnusedAnims_Blissey
0x08300198	rom	sUnusedAnims_Raikou
0x0830019C	rom	sUnusedAnims_Entei
0x083001A0	rom	sUnusedAnims_Suicune
0x083001A4	rom	sUnusedAnims_Larvitar
0x083001A8	rom	sUnusedAnims_Pupitar
0x083001AC	rom	sUnusedAnims_Tyranitar
0x083001B0	rom	sUnusedAnims_Lugia
0x083001B4	rom	sUnusedAnims_HoOh
0x083001B8	rom	sUnusedAnims_Celebi
0x083001BC	rom	sUnusedAnims_OldUnownB
0x083001C0	rom	sUnusedAnims_Treecko
0x083001C4	rom	sUnusedAnims_Grovyle
0x083001C8	rom	sUnusedAnims_Sceptile
0x083001CC	rom	sUnusedAnims_Torchic
0x083001D0	rom	sUnusedAnims_Combusken
0x083001D4	rom	sUnusedAnims_Blaziken
0x083001E8	rom	sUnusedAnims_Mudkip
0x083001EC	rom	sUnusedAnims_Marshtomp
0x083001FC	rom	sUnusedAnims_Swampert
0x08300200	rom	sUnusedAnims_Poochyena
0x0830020C	rom	sUnusedAnims_Mightyena
0x08300214	rom	sUnusedAnims_Zigzagoon
0x0830021C	rom	sUnusedAnims_Linoone
0x08300224	rom	sUnusedAnims_Wurmple
0x08300230	rom	sUnusedAnims_Silcoon
0x0830023C	rom	sUnusedAnims_Beautifly
0x08300248	rom	sUnusedAnims_Cascoon
0x08300254	rom	sUnusedAnims_Dustox
0x08300260	rom	sUnusedAnims_Lotad
0x08300264	rom	sUnusedAnims_Lombre
0x0830026C	rom	sUnusedAnims_Ludicolo
0x08300278	rom	sUnusedAnims_Seedot
0x08300280	rom	sUnusedAnims_Nuzleaf
0x08300288	rom	sUnusedAnims_Shiftry
0x08300294	rom	sUnusedAnims_Nincada
0x08300298	rom	sUnusedAnims_Ninjask
0x0830029C	rom	sUnusedAnims_Shedinja
0x083002A0	rom	sUnusedAnims_Taillow
0x083002A8	rom	sUnusedAnims_Swellow
0x083002B0	rom	sUnusedAnims_Shroomish
0x083002B8	rom	sUnusedAnims_Breloom
0x083002C0	rom	sUnusedAnims_Spinda
0x083002C4	rom	sUnusedAnims_Wingull
0x083002CC	rom	sUnusedAnims_Pelipper
0x083002D8	rom	sUnusedAnims_Surskit
0x083002E4	rom	sUnusedAnims_Masquerain
0x083002F0	rom	sUnusedAnims_Wailmer
0x08300304	rom	sUnusedAnims_Wailord
0x08300308	rom	sUnusedAnims_Skitty
0x08300310	rom	sUnusedAnims_Delcatty
0x08300318	rom	sUnusedAnims_Kecleon
0x0830032C	rom	sUnusedAnims_Baltoy
0x08300334	rom	sUnusedAnims_Claydol
0x0830033C	rom	sUnusedAnims_Nosepass
0x08300344	rom	sUnusedAnims_Torkoal
0x08300348	rom	sUnusedAnims_Sableye
0x08300354	rom	sUnusedAnims_Barboach
0x08300358	rom	sUnusedAnims_Whiscash
0x0830035C	rom	sUnusedAnims_Luvdisc
0x08300368	rom	sUnusedAnims_Corphish
0x0830036C	rom	sUnusedAnims_Crawdaunt
0x08300370	rom	sUnusedAnims_Feebas
0x0830037C	rom	sUnusedAnims_Milotic
0x08300388	rom	sUnusedAnims_Carvanha
0x08300394	rom	sUnusedAnims_Sharpedo
0x083003A0	rom	sUnusedAnims_Trapinch
0x083003A8	rom	sUnusedAnims_Vibrava
0x083003B0	rom	sUnusedAnims_Flygon
0x083003B8	rom	sUnusedAnims_Makuhita
0x083003C0	rom	sUnusedAnims_Hariyama
0x083003C8	rom	sUnusedAnims_Electrike
0x083003D4	rom	sUnusedAnims_Manectric
0x083003DC	rom	sUnusedAnims_Numel
0x083003E8	rom	sUnusedAnims_Camerupt
0x083003F0	rom	sUnusedAnims_Spheal
0x083003F8	rom	sUnusedAnims_Sealeo
0x08300400	rom	sUnusedAnims_Walrein
0x0830040C	rom	sUnusedAnims_Cacnea
0x08300410	rom	sUnusedAnims_Cacturne
0x08300414	rom	sUnusedAnims_Snorunt
0x08300418	rom	sUnusedAnims_Glalie
0x0830041C	rom	sUnusedAnims_Lunatone
0x08300420	rom	sUnusedAnims_Solrock
0x08300424	rom	sUnusedAnims_Azurill
0x08300438	rom	sUnusedAnims_Spoink
0x08300444	rom	sUnusedAnims_Grumpig
0x0830044C	rom	sUnusedAnims_Plusle
0x08300454	rom	sUnusedAnims_Minun
0x0830045C	rom	sUnusedAnims_Mawile
0x08300464	rom	sUnusedAnims_Meditite
0x0830046C	rom	sUnusedAnims_Medicham
0x08300474	rom	sUnusedAnims_Swablu
0x08300480	rom	sUnusedAnims_Altaria
0x08300488	rom	sUnusedAnims_Wynaut
0x08300494	rom	sUnusedAnims_Duskull
0x083004A0	rom	sUnusedAnims_Dusclops
0x083004AC	rom	sUnusedAnims_Roselia
0x083004B0	rom	sUnusedAnims_Slakoth
0x083004B8	rom	sUnusedAnims_Vigoroth
0x083004C0	rom	sUnusedAnims_Slaking
0x083004C8	rom	sUnusedAnims_Gulpin
0x083004D0	rom	sUnusedAnims_Swalot
0x083004D8	rom	sUnusedAnims_Tropius
0x083004E0	rom	sUnusedAnims_Whismur
0x083004E4	rom	sUnusedAnims_Loudred
0x083004E8	rom	sUnusedAnims_Exploud
0x083004EC	rom	sUnusedAnims_Clamperl
0x083004F4	rom	sUnusedAnims_Huntail
0x083004F8	rom	sUnusedAnims_Gorebyss
0x083004FC	rom	sUnusedAnims_Absol
0x08300504	rom	sUnusedAnims_Shuppet
0x08300510	rom	sUnusedAnims_Banette
0x08300518	rom	sUnusedAnims_Seviper
0x0830051C	rom	sUnusedAnims_Zangoose
0x08300520	rom	sUnusedAnims_Relicanth
0x08300524	rom	sUnusedAnims_Aron
0x0830052C	rom	sUnusedAnims_Lairon
0x08300534	rom	sUnusedAnims_Aggron
0x0830053C	rom	sUnusedAnims_Castform
0x08300550	rom	sUnusedAnims_Volbeat
0x08300558	rom	sUnusedAnims_Illumise
0x08300560	rom	sUnusedAnims_Lileep
0x08300564	rom	sUnusedAnims_Cradily
0x08300568	rom	sUnusedAnims_Anorith
0x0830056C	rom	sUnusedAnims_Armaldo
0x08300570	rom	sUnusedAnims_Ralts
0x08300574	rom	sUnusedAnims_Kirlia
0x08300578	rom	sUnusedAnims_Gardevoir
0x0830057C	rom	sUnusedAnims_Bagon
0x08300588	rom	sUnusedAnims_Shelgon
0x0830058C	rom	sUnusedAnims_Salamence
0x08300598	rom	sUnusedAnims_Beldum
0x0830059C	rom	sUnusedAnims_Metang
0x083005A0	rom	sUnusedAnims_Metagross
0x083005A4	rom	sUnusedAnims_Regirock
0x083005AC	rom	sUnusedAnims_Regice
0x083005B4	rom	sUnusedAnims_Registeel
0x083005C0	rom	sUnusedAnims_Kyogre
0x083005C4	rom	sUnusedAnims_Groudon
0x083005C8	rom	sUnusedAnims_Rayquaza
0x083005D4	rom	sUnusedAnims_Latias
0x083005D8	rom	sUnusedAnims_Latios
0x083005DC	rom	sUnusedAnims_Jirachi
0x083005E4	rom	sUnusedAnims_Deoxys
0x083005E8	rom	sUnusedAnims_Chimecho
0x083005EC	rom	sUnusedAnims_Egg
0x083005F0	rom	sUnusedAnims_UnownC
0x083005F4	rom	sUnusedAnims_UnownD
0x083005F8	rom	sUnusedAnims_UnownE
0x083005FC	rom	sUnusedAnims_UnownF
0x08300600	rom	sUnusedAnims_UnownG
0x08300604	rom	sUnusedAnims_UnownH
0x08300608	rom	sUnusedAnims_UnownI
0x0830060C	rom	sUnusedAnims_UnownJ
0x08300610	rom	sUnusedAnims_UnownK
0x08300614	rom	sUnusedAnims_UnownL
0x08300618	rom	sUnusedAnims_UnownM
0x0830061C	rom	sUnusedAnims_UnownN
0x08300620	rom	sUnusedAnims_UnownO
0x08300624	rom	sUnusedAnims_UnownP
0x08300628	rom	sUnusedAnims_UnownQ
0x0830062C	rom	sUnusedAnims_UnownR
0x08300630	rom	sUnusedAnims_UnownS
0x08300634	rom	sUnusedAnims_UnownT
0x08300638	rom	sUnusedAnims_UnownU
0x0830063C	rom	sUnusedAnims_UnownV
0x08300640	rom	sUnusedAnims_UnownW
0x08300644	rom	sUnusedAnims_UnownX
0x08300648	rom	sUnusedAnims_UnownY
0x0830064C	rom	sUnusedAnims_UnownZ
0x08300650	rom	sUnusedAnims_UnownEMark
0x08300654	rom	sUnusedAnims_UnownQMark
0x08300658	rom	sUnusedAnimsTable
0x08300D38	rom	gMonFrontPicCoords
0x08301418	rom	gMonStillFrontPicTable
0x083021D8	rom	gMonBackPicCoords
0x083028B8	rom	gMonBackPicTable
0x08303678	rom	gMonPaletteTable
0x08304438	rom	gMonShinyPaletteTable
0x083051F8	rom	sAnims_Hiker
0x083051FC	rom	sAnims_AquaGruntM
0x08305200	rom	sAnims_PokemonBreederF
0x08305204	rom	sAnims_CoolTrainerM
0x08305208	rom	sAnims_BirdKeeper
0x0830520C	rom	sAnims_Collector
0x08305210	rom	sAnims_AquaGruntF
0x08305214	rom	sAnims_SwimmerM
0x08305218	rom	sAnims_MagmaGruntM
0x0830521C	rom	sAnims_ExpertM
0x08305220	rom	sAnims_AquaAdminM
0x08305224	rom	sAnims_BlackBelt
0x08305228	rom	sAnims_AquaAdminF
0x0830522C	rom	sAnims_AquaLeaderArchie
0x08305230	rom	sAnims_HexManiac
0x08305234	rom	sAnims_AromaLady
0x08305238	rom	sAnims_RuinManiac
0x0830523C	rom	sAnims_Interviewer
0x08305240	rom	sAnims_TuberF
0x08305244	rom	sAnims_TuberM
0x08305248	rom	sAnims_CoolTrainerF
0x0830524C	rom	sAnims_Lady
0x08305250	rom	sAnims_Beauty
0x08305254	rom	sAnims_RichBoy
0x08305258	rom	sAnims_ExpertF
0x0830525C	rom	sAnims_Pokemaniac
0x08305260	rom	sAnims_MagmaGruntF
0x08305264	rom	sAnims_Guitarist
0x08305268	rom	sAnims_Kindler
0x0830526C	rom	sAnims_Camper
0x08305270	rom	sAnims_Picnicker
0x08305274	rom	sAnims_BugManiac
0x08305278	rom	sAnims_PokemonBreederM
0x0830527C	rom	sAnims_PsychicM
0x08305280	rom	sAnims_PsychicF
0x08305284	rom	sAnims_Gentleman
0x08305288	rom	sAnims_EliteFourSidney
0x0830528C	rom	sAnims_EliteFourPhoebe
0x08305290	rom	sAnims_EliteFourGlacia
0x08305294	rom	sAnims_EliteFourDrake
0x08305298	rom	sAnims_LeaderRoxanne
0x0830529C	rom	sAnims_LeaderBrawly
0x083052A0	rom	sAnims_LeaderWattson
0x083052A4	rom	sAnims_LeaderFlannery
0x083052A8	rom	sAnims_LeaderNorman
0x083052AC	rom	sAnims_LeaderWinona
0x083052B0	rom	sAnims_LeaderTateAndLiza
0x083052B4	rom	sAnims_LeaderJuan
0x083052B8	rom	sAnims_SchoolKidM
0x083052BC	rom	sAnims_SchoolKidF
0x083052C0	rom	sAnims_SrAndJr
0x083052C4	rom	sAnims_PokefanM
0x083052C8	rom	sAnims_PokefanF
0x083052CC	rom	sAnims_Youngster
0x083052D0	rom	sAnims_ChampionWallace
0x083052D4	rom	sAnims_Fisherman
0x083052D8	rom	sAnims_CyclingTriathleteM
0x083052DC	rom	sAnims_CyclingTriathleteF
0x083052E0	rom	sAnims_RunningTriathleteM
0x083052E4	rom	sAnims_RunningTriathleteF
0x083052E8	rom	sAnims_SwimmingTriathleteM
0x083052EC	rom	sAnims_SwimmingTriathleteF
0x083052F0	rom	sAnims_DragonTamer
0x083052F4	rom	sAnims_NinjaBoy
0x083052F8	rom	sAnims_BattleGirl
0x083052FC	rom	sAnims_ParasolLady
0x08305300	rom	sAnims_SwimmerF
0x08305304	rom	sAnims_Twins
0x08305308	rom	sAnims_Sailor
0x0830530C	rom	sAnims_MagmaAdmin
0x08305310	rom	sAnims_Wally
0x08305314	rom	sAnims_Brendan
0x08305318	rom	sAnims_May
0x0830531C	rom	sAnims_BugCatcher
0x08305320	rom	sAnims_PokemonRangerM
0x08305324	rom	sAnims_PokemonRangerF
0x08305328	rom	sAnims_MagmaLeaderMaxie
0x0830532C	rom	sAnims_Lass
0x08305330	rom	sAnims_YoungCouple
0x08305334	rom	sAnims_OldCouple
0x08305338	rom	sAnims_SisAndBro
0x0830533C	rom	sAnims_Steven
0x08305340	rom	sAnims_SalonMaidenAnabel
0x08305344	rom	sAnims_DomeAceTucker
0x08305348	rom	sAnims_PalaceMavenSpenser
0x0830534C	rom	sAnims_ArenaTycoonGreta
0x08305350	rom	sAnims_FactoryHeadNoland
0x08305354	rom	sAnims_PikeQueenLucy
0x08305358	rom	sAnims_PyramidKingBrandon
0x0830535C	rom	sAnims_Red
0x08305360	rom	sAnims_Leaf
0x08305364	rom	sAnims_RubySapphireBrendan
0x08305368	rom	sAnims_RubySapphireMay
0x0830536C	rom	gTrainerFrontAnimsPtrTable
0x083054E0	rom	gTrainerFrontPicCoords
0x08305654	rom	gTrainerFrontPicTable
0x0830593C	rom	gTrainerFrontPicPaletteTable
0x08305C24	rom	sAnimCmd_Brendan_1
0x08305C3C	rom	sAnimCmd_May_Steven_1
0x08305C54	rom	sAnimCmd_Wally_1
0x08305C6C	rom	sAnimCmd_Red_1
0x08305C84	rom	sAnimCmd_Leaf_1
0x08305C9C	rom	sAnimCmd_RubySapphireBrendan_1
0x08305CB4	rom	sAnimCmd_RubySapphireMay_1
0x08305CCC	rom	sBackAnims_Brendan
0x08305CD4	rom	sBackAnims_May
0x08305CDC	rom	sBackAnims_Red
0x08305CE4	rom	sBackAnims_Leaf
0x08305CEC	rom	sBackAnims_RubySapphireBrendan
0x08305CF4	rom	sBackAnims_RubySapphireMay
0x08305CFC	rom	sBackAnims_Wally
0x08305D04	rom	sBackAnims_Steven
0x08305D0C	rom	gTrainerBackAnimsPtrTable
0x08305D2C	rom	gTrainerBackPicCoords
0x08305D4C	rom	gTrainerBackPicTable
0x08305D8C	rom	gTrainerBackPicPaletteTable
0x08305DCC	rom	gEnemyMonElevation
0x08305F68	rom	sAnim_None_1
0x08305F78	rom	sAnim_Bulbasaur_1
0x08305F88	rom	sAnim_Ivysaur_1
0x08305F98	rom	sAnim_Venusaur_1
0x08305FA8	rom	sAnim_Charmander_1
0x08305FB8	rom	sAnim_Charmeleon_1
0x08305FC8	rom	sAnim_Charizard_1
0x08305FD4	rom	sAnim_Squirtle_1
0x08305FE4	rom	sAnim_Wartortle_1
0x08305FF4	rom	sAnim_Blastoise_1
0x0830600C	rom	sAnim_Caterpie_1
0x08306030	rom	sAnim_Metapod_1
0x0830603C	rom	sAnim_Butterfree_1
0x08306074	rom	sAnim_Weedle_1
0x08306094	rom	sAnim_Kakuna_1
0x083060C4	rom	sAnim_Beedrill_1
0x083060DC	rom	sAnim_Pidgey_1
0x08306110	rom	sAnim_Pidgeotto_1
0x08306128	rom	sAnim_Pidgeot_1
0x0830613C	rom	sAnim_Rattata_1
0x08306150	rom	sAnim_Raticate_1
0x08306184	rom	sAnim_Spearow_1
0x083061C8	rom	sAnim_Fearow_1
0x083061EC	rom	sAnim_Ekans_1
0x08306208	rom	sAnim_Arbok_1
0x08306218	rom	sAnim_Pikachu_1
0x08306230	rom	sAnim_Pikachu_2
0x08306244	rom	sAnim_Raichu_1
0x0830625C	rom	sAnim_Raichu_2
0x08306270	rom	sAnim_Sandshrew_1
0x08306288	rom	sAnim_Sandshrew_2
0x0830629C	rom	sAnim_Sandslash_1
0x083062B4	rom	sAnim_Sandslash_2
0x083062C8	rom	sAnim_NidoranF_1
0x083062F0	rom	sAnim_Nidorina_1
0x083062FC	rom	sAnim_Nidoqueen_1
0x08306308	rom	sAnim_NidoranM_1
0x08306318	rom	sAnim_Nidorino_1
0x08306328	rom	sAnim_Nidoking_1
0x0830633C	rom	sAnim_Clefairy_1
0x0830634C	rom	sAnim_Clefable_1
0x08306368	rom	sAnim_Vulpix_1
0x08306380	rom	sAnim_Vulpix_2
0x08306394	rom	sAnim_Ninetales_1
0x083063AC	rom	sAnim_Ninetales_2
0x083063C0	rom	sAnim_Jigglypuff_1
0x083063D8	rom	sAnim_Jigglypuff_2
0x083063EC	rom	sAnim_Wigglytuff_1
0x08306404	rom	sAnim_Wigglytuff_2
0x08306418	rom	sAnim_Zubat_1
0x08306450	rom	sAnim_Golbat_1
0x083064A0	rom	sAnim_Oddish_1
0x083064C0	rom	sAnim_Gloom_1
0x083064D4	rom	sAnim_Vileplume_1
0x083064EC	rom	sAnim_Paras_1
0x08306530	rom	sAnim_Parasect_1
0x0830654C	rom	sAnim_Venonat_1
0x08306568	rom	sAnim_Venomoth_1
0x083065C4	rom	sAnim_Diglett_1
0x083065D4	rom	sAnim_Dugtrio_1
0x08306600	rom	sAnim_Meowth_1
0x0830661C	rom	sAnim_Persian_1
0x08306628	rom	sAnim_Psyduck_1
0x08306640	rom	sAnim_Psyduck_2
0x08306654	rom	sAnim_Golduck_1
0x0830666C	rom	sAnim_Golduck_2
0x08306680	rom	sAnim_Mankey_1
0x0830669C	rom	sAnim_Primeape_1
0x083066B8	rom	sAnim_Growlithe_1
0x083066D4	rom	sAnim_Arcanine_1
0x083066F0	rom	sAnim_Poliwag_1
0x08306700	rom	sAnim_Poliwhirl_1
0x08306718	rom	sAnim_Poliwrath_1
0x08306724	rom	sAnim_Abra_1
0x0830673C	rom	sAnim_Kadabra_1
0x0830674C	rom	sAnim_Alakazam_1
0x0830675C	rom	sAnim_Machop_1
0x0830677C	rom	sAnim_Machoke_1
0x0830678C	rom	sAnim_Machamp_1
0x083067AC	rom	sAnim_Bellsprout_1
0x083067BC	rom	sAnim_Weepinbell_1
0x083067DC	rom	sAnim_Victreebel_1
0x083067FC	rom	sAnim_Tentacool_1
0x08306814	rom	sAnim_Tentacruel_1
0x0830682C	rom	sAnim_Geodude_1
0x0830683C	rom	sAnim_Graveler_1
0x08306854	rom	sAnim_Golem_1
0x0830686C	rom	sAnim_Ponyta_1
0x08306878	rom	sAnim_Rapidash_1
0x08306888	rom	sAnim_Slowpoke_1
0x08306898	rom	sAnim_Slowbro_1
0x083068A8	rom	sAnim_Magnemite_1
0x083068C0	rom	sAnim_Magneton_1
0x083068E0	rom	sAnim_Farfetchd_1
0x08306914	rom	sAnim_Doduo_1
0x0830692C	rom	sAnim_Dodrio_1
0x08306954	rom	sAnim_Seel_1
0x08306978	rom	sAnim_Dewgong_1
0x08306988	rom	sAnim_Grimer_1
0x083069A0	rom	sAnim_Grimer_2
0x083069B4	rom	sAnim_Muk_1
0x083069CC	rom	sAnim_Muk_2
0x083069E0	rom	sAnim_Shellder_1
0x083069F4	rom	sAnim_Cloyster_1
0x08306A38	rom	sAnim_Gastly_1
0x08306A48	rom	sAnim_Haunter_1
0x08306A60	rom	sAnim_Gengar_1
0x08306A70	rom	sAnim_Onix_1
0x08306A80	rom	sAnim_Drowzee_1
0x08306A9C	rom	sAnim_Hypno_1
0x08306ABC	rom	sAnim_Krabby_1
0x08306AD8	rom	sAnim_Kingler_1
0x08306B00	rom	sAnim_Voltorb_1
0x08306B18	rom	sAnim_Electrode_1
0x08306B30	rom	sAnim_Exeggcute_1
0x08306B58	rom	sAnim_Exeggutor_1
0x08306B64	rom	sAnim_Cubone_1
0x08306B80	rom	sAnim_Marowak_1
0x08306B9C	rom	sAnim_Hitmonlee_1
0x08306BA8	rom	sAnim_Hitmonchan_1
0x08306BCC	rom	sAnim_Lickitung_1
0x08306BDC	rom	sAnim_Koffing_1
0x08306BF4	rom	sAnim_Koffing_2
0x08306C08	rom	sAnim_Weezing_1
0x08306C20	rom	sAnim_Weezing_2
0x08306C34	rom	sAnim_Rhyhorn_1
0x08306C4C	rom	sAnim_Rhyhorn_2
0x08306C60	rom	sAnim_Rhydon_1
0x08306C78	rom	sAnim_Rhydon_2
0x08306C8C	rom	sAnim_Chansey_1
0x08306C9C	rom	sAnim_Tangela_1
0x08306CC8	rom	sAnim_Kangaskhan_1
0x08306CDC	rom	sAnim_Horsea_1
0x08306CF4	rom	sAnim_Horsea_2
0x08306D08	rom	sAnim_Seadra_1
0x08306D20	rom	sAnim_Seadra_2
0x08306D34	rom	sAnim_Goldeen_1
0x08306D5C	rom	sAnim_Seaking_1
0x08306D74	rom	sAnim_Staryu_1
0x08306D8C	rom	sAnim_Staryu_2
0x08306DA0	rom	sAnim_Starmie_1
0x08306DB8	rom	sAnim_Starmie_2
0x08306DCC	rom	sAnim_MrMime_1
0x08306DE8	rom	sAnim_Scyther_1
0x08306E0C	rom	sAnim_Jynx_1
0x08306E24	rom	sAnim_Electabuzz_1
0x08306E38	rom	sAnim_Magmar_1
0x08306E44	rom	sAnim_Pinsir_1
0x08306E5C	rom	sAnim_Pinsir_2
0x08306E70	rom	sAnim_Tauros_1
0x08306E84	rom	sAnim_Magikarp_1
0x08306EAC	rom	sAnim_Gyarados_1
0x08306EBC	rom	sAnim_Lapras_1
0x08306EC8	rom	sAnim_Ditto_1
0x08306EDC	rom	sAnim_Eevee_1
0x08306EE8	rom	sAnim_Vaporeon_1
0x08306EF4	rom	sAnim_Jolteon_1
0x08306F00	rom	sAnim_Flareon_1
0x08306F0C	rom	sAnim_Porygon_1
0x08306F20	rom	sAnim_Omanyte_1
0x08306F44	rom	sAnim_Omastar_1
0x08306F58	rom	sAnim_Kabuto_1
0x08306F7C	rom	sAnim_Kabutops_1
0x08306F90	rom	sAnim_Aerodactyl_1
0x08306FA4	rom	sAnim_Snorlax_1
0x08306FB4	rom	sAnim_Articuno_1
0x08306FC8	rom	sAnim_Zapdos_1
0x08306FDC	rom	sAnim_Moltres_1
0x08307060	rom	sAnim_Dratini_1
0x08307070	rom	sAnim_Dragonair_1
0x08307084	rom	sAnim_Dragonite_1
0x08307094	rom	sAnim_Mewtwo_1
0x083070A0	rom	sAnim_Mew_1
0x083070B0	rom	sAnim_Chikorita_1
0x083070C0	rom	sAnim_Bayleef_1
0x083070CC	rom	sAnim_Meganium_1
0x083070D8	rom	sAnim_Cyndaquil_1
0x083070EC	rom	sAnim_Quilava_1
0x083070F8	rom	sAnim_Typhlosion_1
0x08307104	rom	sAnim_Totodile_1
0x08307120	rom	sAnim_Croconaw_1
0x0830712C	rom	sAnim_Feraligatr_1
0x08307140	rom	sAnim_Sentret_1
0x08307154	rom	sAnim_Furret_1
0x08307160	rom	sAnim_Hoothoot_1
0x08307194	rom	sAnim_Noctowl_1
0x083071A0	rom	sAnim_Ledyba_1
0x083071B4	rom	sAnim_Ledian_1
0x08307220	rom	sAnim_Spinarak_1
0x08307244	rom	sAnim_Ariados_1
0x08307258	rom	sAnim_Crobat_1
0x083072A0	rom	sAnim_Chinchou_1
0x083072B8	rom	sAnim_Chinchou_2
0x083072CC	rom	sAnim_Lanturn_1
0x083072E4	rom	sAnim_Lanturn_2
0x083072F8	rom	sAnim_Pichu_1
0x08307310	rom	sAnim_Pichu_2
0x08307324	rom	sAnim_Cleffa_1
0x08307338	rom	sAnim_Igglybuff_1
0x08307350	rom	sAnim_Igglybuff_2
0x08307364	rom	sAnim_Togepi_1
0x08307374	rom	sAnim_Togetic_1
0x08307384	rom	sAnim_Natu_1
0x0830739C	rom	sAnim_Natu_2
0x083073B0	rom	sAnim_Xatu_1
0x083073D0	rom	sAnim_Xatu_2
0x083073E4	rom	sAnim_Mareep_1
0x08307400	rom	sAnim_Flaaffy_1
0x08307414	rom	sAnim_Ampharos_1
0x08307424	rom	sAnim_Bellossom_1
0x08307444	rom	sAnim_Marill_1
0x0830745C	rom	sAnim_Azumarill_1
0x08307474	rom	sAnim_Sudowoodo_1
0x08307490	rom	sAnim_Politoed_1
0x083074AC	rom	sAnim_Hoppip_1
0x083074C0	rom	sAnim_Skiploom_1
0x083074E4	rom	sAnim_Jumpluff_1
0x08307500	rom	sAnim_Aipom_1
0x0830750C	rom	sAnim_Sunkern_1
0x08307520	rom	sAnim_Sunflora_1
0x08307530	rom	sAnim_Yanma_1
0x0830758C	rom	sAnim_Wooper_1
0x0830759C	rom	sAnim_Quagsire_1
0x083075A8	rom	sAnim_Espeon_1
0x083075B8	rom	sAnim_Umbreon_1
0x083075C4	rom	sAnim_Murkrow_1
0x083075D0	rom	sAnim_Slowking_1
0x083075E0	rom	sAnim_Misdreavus_1
0x0830760C	rom	sAnim_Unown_1
0x0830761C	rom	sAnim_Wobbuffet_1
0x08307634	rom	sAnim_Wobbuffet_2
0x08307648	rom	sAnim_Girafarig_1
0x08307668	rom	sAnim_Girafarig_2
0x0830767C	rom	sAnim_Pineco_1
0x083076A0	rom	sAnim_Forretress_1
0x083076B4	rom	sAnim_Dunsparce_1
0x083076C8	rom	sAnim_Gligar_1
0x083076D4	rom	sAnim_Steelix_1
0x083076F0	rom	sAnim_Snubbull_1
0x083076FC	rom	sAnim_Granbull_1
0x08307708	rom	sAnim_Qwilfish_1
0x08307728	rom	sAnim_Scizor_1
0x08307734	rom	sAnim_Shuckle_1
0x08307744	rom	sAnim_Heracross_1
0x0830775C	rom	sAnim_Heracross_2
0x08307770	rom	sAnim_Sneasel_1
0x0830777C	rom	sAnim_Teddiursa_1
0x08307788	rom	sAnim_Ursaring_1
0x08307794	rom	sAnim_Slugma_1
0x083077AC	rom	sAnim_Slugma_2
0x083077C0	rom	sAnim_Magcargo_1
0x083077D8	rom	sAnim_Magcargo_2
0x083077EC	rom	sAnim_Swinub_1
0x08307800	rom	sAnim_Piloswine_1
0x08307814	rom	sAnim_Corsola_1
0x0830782C	rom	sAnim_Corsola_2
0x08307840	rom	sAnim_Remoraid_1
0x08307854	rom	sAnim_Octillery_1
0x08307868	rom	sAnim_Delibird_1
0x0830787C	rom	sAnim_Mantine_1
0x08307890	rom	sAnim_Skarmory_1
0x083078A8	rom	sAnim_Skarmory_2
0x083078BC	rom	sAnim_Houndour_1
0x083078D0	rom	sAnim_Houndoom_1
0x083078DC	rom	sAnim_Kingdra_1
0x083078F4	rom	sAnim_Kingdra_2
0x08307908	rom	sAnim_Phanpy_1
0x08307928	rom	sAnim_Phanpy_2
0x0830793C	rom	sAnim_Donphan_1
0x0830795C	rom	sAnim_Donphan_2
0x08307970	rom	sAnim_Porygon2_1
0x08307988	rom	sAnim_Stantler_1
0x08307994	rom	sAnim_Smeargle_1
0x083079A8	rom	sAnim_Tyrogue_1
0x083079B4	rom	sAnim_Hitmontop_1
0x083079E4	rom	sAnim_Smoochum_1
0x08307A00	rom	sAnim_Elekid_1
0x08307A10	rom	sAnim_Magby_1
0x08307A30	rom	sAnim_Miltank_1
0x08307A3C	rom	sAnim_Blissey_1
0x08307A48	rom	sAnim_Raikou_1
0x08307A5C	rom	sAnim_Entei_1
0x08307A68	rom	sAnim_Suicune_1
0x08307A74	rom	sAnim_Larvitar_1
0x08307A88	rom	sAnim_Pupitar_1
0x08307A94	rom	sAnim_Tyranitar_1
0x08307AA8	rom	sAnim_Lugia_1
0x08307AB4	rom	sAnim_HoOh_1
0x08307AC0	rom	sAnim_Celebi_1
0x08307AD4	rom	sAnim_OldUnownB_1
0x08307AE4	rom	sAnim_Treecko_1
0x08307AFC	rom	sAnim_Grovyle_1
0x08307B14	rom	sAnim_Sceptile_1
0x08307B24	rom	sAnim_Torchic_1
0x08307B44	rom	sAnim_Combusken_1
0x08307B54	rom	sAnim_Blaziken_1
0x08307B6C	rom	sAnim_Blaziken_2
0x08307B7C	rom	sAnim_Blaziken_3
0x08307B88	rom	sAnim_Blaziken_4
0x08307B90	rom	sAnim_Mudkip_1
0x08307BA8	rom	sAnim_Marshtomp_1
0x08307BD0	rom	sAnim_Swampert_1
0x08307BE8	rom	sAnim_Poochyena_1
0x08307BF8	rom	sAnim_Mightyena_1
0x08307C10	rom	sAnim_Zigzagoon_1
0x08307C28	rom	sAnim_Linoone_1
0x08307C40	rom	sAnim_Wurmple_1
0x08307C50	rom	sAnim_Silcoon_1
0x08307C60	rom	sAnim_Silcoon_2
0x08307C68	rom	sAnim_Beautifly_1
0x08307C90	rom	sAnim_Beautifly_2
0x08307C98	rom	sAnim_Cascoon_1
0x08307CB0	rom	sAnim_Cascoon_2
0x08307CB8	rom	sAnim_Dustox_1
0x08307CF8	rom	sAnim_Dustox_2
0x08307D00	rom	sAnim_Lotad_1
0x08307D10	rom	sAnim_Lombre_1
0x08307D28	rom	sAnim_Ludicolo_1
0x08307D48	rom	sAnim_Seedot_1
0x08307D70	rom	sAnim_Nuzleaf_1
0x08307D98	rom	sAnim_Shiftry_1
0x08307DA8	rom	sAnim_Nincada_1
0x08307DC0	rom	sAnim_Ninjask_1
0x08307E0C	rom	sAnim_Shedinja_1
0x08307E24	rom	sAnim_Taillow_1
0x08307E4C	rom	sAnim_Swellow_1
0x08307E5C	rom	sAnim_Shroomish_1
0x08307E8C	rom	sAnim_Breloom_1
0x08307EA4	rom	sAnim_Wingull_1
0x08307EB4	rom	sAnim_Pelipper_1
0x08307EDC	rom	sAnim_Surskit_1
0x08307EF4	rom	sAnim_Surskit_2
0x08307EFC	rom	sAnim_Masquerain_1
0x08307F24	rom	sAnim_Masquerain_2
0x08307F2C	rom	sAnim_Wailmer_1
0x08307F4C	rom	sAnim_Wailord_1
0x08307F5C	rom	sAnim_Skitty_1
0x08307F6C	rom	sAnim_Delcatty_1
0x08307F7C	rom	sAnim_Kecleon_1
0x08307F94	rom	sAnim_Baltoy_1
0x08307FB4	rom	sAnim_Claydol_1
0x08307FD4	rom	sAnim_Nosepass_1
0x08307FF4	rom	sAnim_Torkoal_1
0x0830800C	rom	sAnim_Sableye_1
0x08308024	rom	sAnim_Barboach_1
0x0830805C	rom	sAnim_Whiscash_1
0x08308094	rom	sAnim_Luvdisc_1
0x083080AC	rom	sAnim_Corphish_1
0x083080CC	rom	sAnim_Crawdaunt_1
0x083080E4	rom	sAnim_Feebas_1
0x08308104	rom	sAnim_Milotic_1
0x08308124	rom	sAnim_Carvanha_1
0x0830814C	rom	sAnim_Sharpedo_1
0x08308174	rom	sAnim_Trapinch_1
0x0830818C	rom	sAnim_Vibrava_1
0x083081AC	rom	sAnim_Flygon_1
0x083081CC	rom	sAnim_Makuhita_1
0x083081F4	rom	sAnim_Hariyama_1
0x08308208	rom	sAnim_Electrike_1
0x08308220	rom	sAnim_Manectric_1
0x08308238	rom	sAnim_Numel_1
0x08308250	rom	sAnim_Camerupt_1
0x08308270	rom	sAnim_Spheal_1
0x08308294	rom	sAnim_Sealeo_1
0x083082AC	rom	sAnim_Walrein_1
0x083082C4	rom	sAnim_Cacnea_1
0x083082F4	rom	sAnim_Cacturne_1
0x0830830C	rom	sAnim_Snorunt_1
0x08308324	rom	sAnim_Glalie_1
0x0830833C	rom	sAnim_Lunatone_1
0x08308354	rom	sAnim_Lunatone_2
0x08308368	rom	sAnim_Solrock_1
0x08308380	rom	sAnim_Solrock_2
0x08308394	rom	sAnim_Azurill_1
0x083083B4	rom	sAnim_Spoink_1
0x083083E4	rom	sAnim_Grumpig_1
0x083083FC	rom	sAnim_Plusle_1
0x08308414	rom	sAnim_Minun_1
0x0830842C	rom	sAnim_Mawile_1
0x0830844C	rom	sAnim_Meditite_1
0x0830845C	rom	sAnim_Medicham_1
0x0830847C	rom	sAnim_Swablu_1
0x0830849C	rom	sAnim_Swablu_2
0x083084B8	rom	sAnim_Altaria_1
0x083084D0	rom	sAnim_Altaria_2
0x083084E4	rom	sAnim_Wynaut_1
0x083084FC	rom	sAnim_Duskull_1
0x08308514	rom	sAnim_Dusclops_1
0x0830852C	rom	sAnim_Roselia_1
0x0830853C	rom	sAnim_Slakoth_1
0x08308558	rom	sAnim_Vigoroth_1
0x08308578	rom	sAnim_Slaking_1
0x08308598	rom	sAnim_Gulpin_1
0x083085B0	rom	sAnim_Swalot_1
0x083085C4	rom	sAnim_Tropius_1
0x083085DC	rom	sAnim_Whismur_1
0x08308608	rom	sAnim_Loudred_1
0x08308620	rom	sAnim_Exploud_1
0x08308630	rom	sAnim_Clamperl_1
0x08308648	rom	sAnim_Huntail_1
0x08308660	rom	sAnim_Gorebyss_1
0x08308678	rom	sAnim_Absol_1
0x08308690	rom	sAnim_Shuppet_1
0x083086B0	rom	sAnim_Banette_1
0x083086D0	rom	sAnim_Seviper_1
0x083086F0	rom	sAnim_Zangoose_1
0x08308710	rom	sAnim_Relicanth_1
0x08308728	rom	sAnim_Aron_1
0x08308740	rom	sAnim_Lairon_1
0x08308758	rom	sAnim_Aggron_1
0x08308768	rom	sAnim_Castform_0
0x08308770	rom	sAnim_Castform_1
0x08308778	rom	sAnim_Castform_2
0x08308780	rom	sAnim_Castform_3
0x08308788	rom	sAnim_Volbeat_1
0x083087A8	rom	sAnim_Illumise_1
0x083087C0	rom	sAnim_Lileep_1
0x083087D8	rom	sAnim_Cradily_1
0x083087F8	rom	sAnim_Anorith_1
0x08308818	rom	sAnim_Armaldo_1
0x08308830	rom	sAnim_Ralts_1
0x08308840	rom	sAnim_Kirlia_1
0x08308850	rom	sAnim_Gardevoir_1
0x08308888	rom	sAnim_Bagon_1
0x083088A0	rom	sAnim_Shelgon_1
0x083088B8	rom	sAnim_Salamence_1
0x083088D0	rom	sAnim_Beldum_1
0x083088E8	rom	sAnim_Metang_1
0x08308900	rom	sAnim_Metagross_1
0x08308918	rom	sAnim_Regirock_1
0x08308930	rom	sAnim_Regirock_2
0x08308944	rom	sAnim_Regice_1
0x0830895C	rom	sAnim_Registeel_1
0x08308974	rom	sAnim_Registeel_2
0x08308988	rom	sAnim_Kyogre_1
0x083089A0	rom	sAnim_Kyogre_2
0x083089B4	rom	sAnim_Groudon_1
0x083089CC	rom	sAnim_Groudon_2
0x083089E0	rom	sAnim_Rayquaza_1
0x083089F8	rom	sAnim_Rayquaza_2
0x08308A0C	rom	sAnim_Latias_1
0x08308A24	rom	sAnim_Latias_2
0x08308A38	rom	sAnim_Latios_1
0x08308A50	rom	sAnim_Latios_2
0x08308A64	rom	sAnim_Jirachi_1
0x08308A90	rom	sAnim_Jirachi_2
0x08308AA4	rom	sAnim_Deoxys_1
0x08308ABC	rom	sAnim_Deoxys_2
0x08308AD0	rom	sAnim_Chimecho_1
0x08308AF8	rom	sAnim_Egg_1
0x08308B0C	rom	sAnim_UnownB_1
0x08308B1C	rom	sAnim_UnownC_1
0x08308B2C	rom	sAnim_UnownD_1
0x08308B3C	rom	sAnim_UnownE_1
0x08308B4C	rom	sAnim_UnownF_1
0x08308B5C	rom	sAnim_UnownG_1
0x08308B6C	rom	sAnim_UnownH_1
0x08308B7C	rom	sAnim_UnownI_1
0x08308B8C	rom	sAnim_UnownJ_1
0x08308B9C	rom	sAnim_UnownK_1
0x08308BAC	rom	sAnim_UnownL_1
0x08308BBC	rom	sAnim_UnownM_1
0x08308BCC	rom	sAnim_UnownN_1
0x08308BDC	rom	sAnim_UnownO_1
0x08308BEC	rom	sAnim_UnownP_1
0x08308BFC	rom	sAnim_UnownQ_1
0x08308C0C	rom	sAnim_UnownR_1
0x08308C1C	rom	sAnim_UnownS_1
0x08308C2C	rom	sAnim_UnownT_1
0x08308C3C	rom	sAnim_UnownU_1
0x08308C4C	rom	sAnim_UnownV_1
0x08308C5C	rom	sAnim_UnownW_1
0x08308C6C	rom	sAnim_UnownX_1
0x08308C7C	rom	sAnim_UnownY_1
0x08308C8C	rom	sAnim_UnownZ_1
0x08308C9C	rom	sAnim_UnownEMark_1
0x08308CAC	rom	sAnim_UnownQMark_1
0x08308CBC	rom	sAnims_None
0x08308CC4	rom	sAnims_Bulbasaur
0x08308CCC	rom	sAnims_Ivysaur
0x08308CD4	rom	sAnims_Venusaur
0x08308CDC	rom	sAnims_Charmander
0x08308CE4	rom	sAnims_Charmeleon
0x08308CEC	rom	sAnims_Charizard
0x08308CF4	rom	sAnims_Squirtle
0x08308CFC	rom	sAnims_Wartortle
0x08308D04	rom	sAnims_Blastoise
0x08308D0C	rom	sAnims_Caterpie
0x08308D14	rom	sAnims_Metapod
0x08308D1C	rom	sAnims_Butterfree
0x08308D24	rom	sAnims_Weedle
0x08308D2C	rom	sAnims_Kakuna
0x08308D34	rom	sAnims_Beedrill
0x08308D3C	rom	sAnims_Pidgey
0x08308D44	rom	sAnims_Pidgeotto
0x08308D4C	rom	sAnims_Pidgeot
0x08308D54	rom	sAnims_Rattata
0x08308D5C	rom	sAnims_Raticate
0x08308D64	rom	sAnims_Spearow
0x08308D6C	rom	sAnims_Fearow
0x08308D74	rom	sAnims_Ekans
0x08308D7C	rom	sAnims_Arbok
0x08308D84	rom	sAnims_Pikachu
0x08308D90	rom	sAnims_Raichu
0x08308D9C	rom	sAnims_Sandshrew
0x08308DA8	rom	sAnims_Sandslash
0x08308DB4	rom	sAnims_NidoranF
0x08308DBC	rom	sAnims_Nidorina
0x08308DC4	rom	sAnims_Nidoqueen
0x08308DCC	rom	sAnims_NidoranM
0x08308DD4	rom	sAnims_Nidorino
0x08308DDC	rom	sAnims_Nidoking
0x08308DE4	rom	sAnims_Clefairy
0x08308DEC	rom	sAnims_Clefable
0x08308DF4	rom	sAnims_Vulpix
0x08308E00	rom	sAnims_Ninetales
0x08308E0C	rom	sAnims_Jigglypuff
0x08308E18	rom	sAnims_Wigglytuff
0x08308E24	rom	sAnims_Zubat
0x08308E2C	rom	sAnims_Golbat
0x08308E34	rom	sAnims_Oddish
0x08308E3C	rom	sAnims_Gloom
0x08308E44	rom	sAnims_Vileplume
0x08308E4C	rom	sAnims_Paras
0x08308E54	rom	sAnims_Parasect
0x08308E5C	rom	sAnims_Venonat
0x08308E64	rom	sAnims_Venomoth
0x08308E6C	rom	sAnims_Diglett
0x08308E74	rom	sAnims_Dugtrio
0x08308E7C	rom	sAnims_Meowth
0x08308E84	rom	sAnims_Persian
0x08308E8C	rom	sAnims_Psyduck
0x08308E98	rom	sAnims_Golduck
0x08308EA4	rom	sAnims_Mankey
0x08308EAC	rom	sAnims_Primeape
0x08308EB4	rom	sAnims_Growlithe
0x08308EBC	rom	sAnims_Arcanine
0x08308EC4	rom	sAnims_Poliwag
0x08308ECC	rom	sAnims_Poliwhirl
0x08308ED4	rom	sAnims_Poliwrath
0x08308EDC	rom	sAnims_Abra
0x08308EE4	rom	sAnims_Kadabra
0x08308EEC	rom	sAnims_Alakazam
0x08308EF4	rom	sAnims_Machop
0x08308EFC	rom	sAnims_Machoke
0x08308F04	rom	sAnims_Machamp
0x08308F0C	rom	sAnims_Bellsprout
0x08308F14	rom	sAnims_Weepinbell
0x08308F1C	rom	sAnims_Victreebel
0x08308F24	rom	sAnims_Tentacool
0x08308F2C	rom	sAnims_Tentacruel
0x08308F34	rom	sAnims_Geodude
0x08308F3C	rom	sAnims_Graveler
0x08308F44	rom	sAnims_Golem
0x08308F4C	rom	sAnims_Ponyta
0x08308F54	rom	sAnims_Rapidash
0x08308F5C	rom	sAnims_Slowpoke
0x08308F64	rom	sAnims_Slowbro
0x08308F6C	rom	sAnims_Magnemite
0x08308F74	rom	sAnims_Magneton
0x08308F7C	rom	sAnims_Farfetchd
0x08308F84	rom	sAnims_Doduo
0x08308F8C	rom	sAnims_Dodrio
0x08308F94	rom	sAnims_Seel
0x08308F9C	rom	sAnims_Dewgong
0x08308FA4	rom	sAnims_Grimer
0x08308FB0	rom	sAnims_Muk
0x08308FBC	rom	sAnims_Shellder
0x08308FC4	rom	sAnims_Cloyster
0x08308FCC	rom	sAnims_Gastly
0x08308FD4	rom	sAnims_Haunter
0x08308FDC	rom	sAnims_Gengar
0x08308FE4	rom	sAnims_Onix
0x08308FEC	rom	sAnims_Drowzee
0x08308FF4	rom	sAnims_Hypno
0x08308FFC	rom	sAnims_Krabby
0x08309004	rom	sAnims_Kingler
0x0830900C	rom	sAnims_Voltorb
0x08309014	rom	sAnims_Electrode
0x0830901C	rom	sAnims_Exeggcute
0x08309024	rom	sAnims_Exeggutor
0x0830902C	rom	sAnims_Cubone
0x08309034	rom	sAnims_Marowak
0x0830903C	rom	sAnims_Hitmonlee
0x08309044	rom	sAnims_Hitmonchan
0x0830904C	rom	sAnims_Lickitung
0x08309054	rom	sAnims_Koffing
0x08309060	rom	sAnims_Weezing
0x0830906C	rom	sAnims_Rhyhorn
0x08309078	rom	sAnims_Rhydon
0x08309084	rom	sAnims_Chansey
0x0830908C	rom	sAnims_Tangela
0x08309094	rom	sAnims_Kangaskhan
0x0830909C	rom	sAnims_Horsea
0x083090A8	rom	sAnims_Seadra
0x083090B4	rom	sAnims_Goldeen
0x083090BC	rom	sAnims_Seaking
0x083090C4	rom	sAnims_Staryu
0x083090D0	rom	sAnims_Starmie
0x083090DC	rom	sAnims_MrMime
0x083090E4	rom	sAnims_Scyther
0x083090EC	rom	sAnims_Jynx
0x083090F4	rom	sAnims_Electabuzz
0x083090FC	rom	sAnims_Magmar
0x08309104	rom	sAnims_Pinsir
0x08309110	rom	sAnims_Tauros
0x08309118	rom	sAnims_Magikarp
0x08309120	rom	sAnims_Gyarados
0x08309128	rom	sAnims_Lapras
0x08309130	rom	sAnims_Ditto
0x08309138	rom	sAnims_Eevee
0x08309140	rom	sAnims_Vaporeon
0x08309148	rom	sAnims_Jolteon
0x08309150	rom	sAnims_Flareon
0x08309158	rom	sAnims_Porygon
0x08309160	rom	sAnims_Omanyte
0x08309168	rom	sAnims_Omastar
0x08309170	rom	sAnims_Kabuto
0x08309178	rom	sAnims_Kabutops
0x08309180	rom	sAnims_Aerodactyl
0x08309188	rom	sAnims_Snorlax
0x08309190	rom	sAnims_Articuno
0x08309198	rom	sAnims_Zapdos
0x083091A0	rom	sAnims_Moltres
0x083091A8	rom	sAnims_Dratini
0x083091B0	rom	sAnims_Dragonair
0x083091B8	rom	sAnims_Dragonite
0x083091C0	rom	sAnims_Mewtwo
0x083091C8	rom	sAnims_Mew
0x083091D0	rom	sAnims_Chikorita
0x083091D8	rom	sAnims_Bayleef
0x083091E0	rom	sAnims_Meganium
0x083091E8	rom	sAnims_Cyndaquil
0x083091F0	rom	sAnims_Quilava
0x083091F8	rom	sAnims_Typhlosion
0x08309200	rom	sAnims_Totodile
0x08309208	rom	sAnims_Croconaw
0x08309210	rom	sAnims_Feraligatr
0x08309218	rom	sAnims_Sentret
0x08309220	rom	sAnims_Furret
0x08309228	rom	sAnims_Hoothoot
0x08309230	rom	sAnims_Noctowl
0x08309238	rom	sAnims_Ledyba
0x08309240	rom	sAnims_Ledian
0x08309248	rom	sAnims_Spinarak
0x08309250	rom	sAnims_Ariados
0x08309258	rom	sAnims_Crobat
0x08309260	rom	sAnims_Chinchou
0x0830926C	rom	sAnims_Lanturn
0x08309278	rom	sAnims_Pichu
0x08309284	rom	sAnims_Cleffa
0x0830928C	rom	sAnims_Igglybuff
0x08309298	rom	sAnims_Togepi
0x083092A0	rom	sAnims_Togetic
0x083092A8	rom	sAnims_Natu
0x083092B4	rom	sAnims_Xatu
0x083092C0	rom	sAnims_Mareep
0x083092C8	rom	sAnims_Flaaffy
0x083092D0	rom	sAnims_Ampharos
0x083092D8	rom	sAnims_Bellossom
0x083092E0	rom	sAnims_Marill
0x083092E8	rom	sAnims_Azumarill
0x083092F0	rom	sAnims_Sudowoodo
0x083092F8	rom	sAnims_Politoed
0x08309300	rom	sAnims_Hoppip
0x08309308	rom	sAnims_Skiploom
0x08309310	rom	sAnims_Jumpluff
0x08309318	rom	sAnims_Aipom
0x08309320	rom	sAnims_Sunkern
0x08309328	rom	sAnims_Sunflora
0x08309330	rom	sAnims_Yanma
0x08309338	rom	sAnims_Wooper
0x08309340	rom	sAnims_Quagsire
0x08309348	rom	sAnims_Espeon
0x08309350	rom	sAnims_Umbreon
0x08309358	rom	sAnims_Murkrow
0x08309360	rom	sAnims_Slowking
0x08309368	rom	sAnims_Misdreavus
0x08309370	rom	sAnims_Unown
0x08309378	rom	sAnims_Wobbuffet
0x08309384	rom	sAnims_Girafarig
0x08309390	rom	sAnims_Pineco
0x08309398	rom	sAnims_Forretress
0x083093A0	rom	sAnims_Dunsparce
0x083093A8	rom	sAnims_Gligar
0x083093B0	rom	sAnims_Steelix
0x083093B8	rom	sAnims_Snubbull
0x083093C0	rom	sAnims_Granbull
0x083093C8	rom	sAnims_Qwilfish
0x083093D0	rom	sAnims_Scizor
0x083093D8	rom	sAnims_Shuckle
0x083093E0	rom	sAnims_Heracross
0x083093EC	rom	sAnims_Sneasel
0x083093F4	rom	sAnims_Teddiursa
0x083093FC	rom	sAnims_Ursaring
0x08309404	rom	sAnims_Slugma
0x08309410	rom	sAnims_Magcargo
0x0830941C	rom	sAnims_Swinub
0x08309424	rom	sAnims_Piloswine
0x0830942C	rom	sAnims_Corsola
0x08309438	rom	sAnims_Remoraid
0x08309440	rom	sAnims_Octillery
0x08309448	rom	sAnims_Delibird
0x08309450	rom	sAnims_Mantine
0x08309458	rom	sAnims_Skarmory
0x08309464	rom	sAnims_Houndour
0x0830946C	rom	sAnims_Houndoom
0x08309474	rom	sAnims_Kingdra
0x08309480	rom	sAnims_Phanpy
0x0830948C	rom	sAnims_Donphan
0x08309498	rom	sAnims_Porygon2
0x083094A0	rom	sAnims_Stantler
0x083094A8	rom	sAnims_Smeargle
0x083094B0	rom	sAnims_Tyrogue
0x083094B8	rom	sAnims_Hitmontop
0x083094C0	rom	sAnims_Smoochum
0x083094C8	rom	sAnims_Elekid
0x083094D0	rom	sAnims_Magby
0x083094D8	rom	sAnims_Miltank
0x083094E0	rom	sAnims_Blissey
0x083094E8	rom	sAnims_Raikou
0x083094F0	rom	sAnims_Entei
0x083094F8	rom	sAnims_Suicune
0x08309500	rom	sAnims_Larvitar
0x08309508	rom	sAnims_Pupitar
0x08309510	rom	sAnims_Tyranitar
0x08309518	rom	sAnims_Lugia
0x08309520	rom	sAnims_HoOh
0x08309528	rom	sAnims_Celebi
0x08309530	rom	sAnims_OldUnownB
0x08309538	rom	sAnims_Treecko
0x08309540	rom	sAnims_Grovyle
0x08309548	rom	sAnims_Sceptile
0x08309550	rom	sAnims_Torchic
0x08309558	rom	sAnims_Combusken
0x08309560	rom	sAnims_Blaziken
0x08309574	rom	sAnims_Mudkip
0x0830957C	rom	sAnims_Marshtomp
0x08309584	rom	sAnims_Swampert
0x0830958C	rom	sAnims_Poochyena
0x08309594	rom	sAnims_Mightyena
0x0830959C	rom	sAnims_Zigzagoon
0x083095A4	rom	sAnims_Linoone
0x083095AC	rom	sAnims_Wurmple
0x083095B4	rom	sAnims_Silcoon
0x083095C0	rom	sAnims_Beautifly
0x083095CC	rom	sAnims_Cascoon
0x083095D8	rom	sAnims_Dustox
0x083095E4	rom	sAnims_Lotad
0x083095EC	rom	sAnims_Lombre
0x083095F4	rom	sAnims_Ludicolo
0x083095FC	rom	sAnims_Seedot
0x08309604	rom	sAnims_Nuzleaf
0x0830960C	rom	sAnims_Shiftry
0x08309614	rom	sAnims_Nincada
0x0830961C	rom	sAnims_Ninjask
0x08309624	rom	sAnims_Shedinja
0x0830962C	rom	sAnims_Taillow
0x08309634	rom	sAnims_Swellow
0x0830963C	rom	sAnims_Shroomish
0x08309644	rom	sAnims_Breloom
0x0830964C	rom	sAnims_Spinda
0x08309650	rom	sAnims_Wingull
0x08309658	rom	sAnims_Pelipper
0x08309660	rom	sAnims_Surskit
0x0830966C	rom	sAnims_Masquerain
0x08309678	rom	sAnims_Wailmer
0x08309680	rom	sAnims_Wailord
0x08309688	rom	sAnims_Skitty
0x08309690	rom	sAnims_Delcatty
0x08309698	rom	sAnims_Kecleon
0x083096A0	rom	sAnims_Baltoy
0x083096A8	rom	sAnims_Claydol
0x083096B0	rom	sAnims_Nosepass
0x083096B8	rom	sAnims_Torkoal
0x083096C0	rom	sAnims_Sableye
0x083096C8	rom	sAnims_Barboach
0x083096D0	rom	sAnims_Whiscash
0x083096D8	rom	sAnims_Luvdisc
0x083096E0	rom	sAnims_Corphish
0x083096E8	rom	sAnims_Crawdaunt
0x083096F0	rom	sAnims_Feebas
0x083096F8	rom	sAnims_Milotic
0x08309700	rom	sAnims_Carvanha
0x08309708	rom	sAnims_Sharpedo
0x08309710	rom	sAnims_Trapinch
0x08309718	rom	sAnims_Vibrava
0x08309720	rom	sAnims_Flygon
0x08309728	rom	sAnims_Makuhita
0x08309730	rom	sAnims_Hariyama
0x08309738	rom	sAnims_Electrike
0x08309740	rom	sAnims_Manectric
0x08309748	rom	sAnims_Numel
0x08309750	rom	sAnims_Camerupt
0x08309758	rom	sAnims_Spheal
0x08309760	rom	sAnims_Sealeo
0x08309768	rom	sAnims_Walrein
0x08309770	rom	sAnims_Cacnea
0x08309778	rom	sAnims_Cacturne
0x08309780	rom	sAnims_Snorunt
0x08309788	rom	sAnims_Glalie
0x08309790	rom	sAnims_Lunatone
0x0830979C	rom	sAnims_Solrock
0x083097A8	rom	sAnims_Azurill
0x083097B0	rom	sAnims_Spoink
0x083097B8	rom	sAnims_Grumpig
0x083097C0	rom	sAnims_Plusle
0x083097C8	rom	sAnims_Minun
0x083097D0	rom	sAnims_Mawile
0x083097D8	rom	sAnims_Meditite
0x083097E0	rom	sAnims_Medicham
0x083097E8	rom	sAnims_Swablu
0x083097F4	rom	sAnims_Altaria
0x08309800	rom	sAnims_Wynaut
0x08309808	rom	sAnims_Duskull
0x08309810	rom	sAnims_Dusclops
0x08309818	rom	sAnims_Roselia
0x08309820	rom	sAnims_Slakoth
0x08309828	rom	sAnims_Vigoroth
0x08309830	rom	sAnims_Slaking
0x08309838	rom	sAnims_Gulpin
0x08309840	rom	sAnims_Swalot
0x08309848	rom	sAnims_Tropius
0x08309850	rom	sAnims_Whismur
0x08309858	rom	sAnims_Loudred
0x08309860	rom	sAnims_Exploud
0x08309868	rom	sAnims_Clamperl
0x08309870	rom	sAnims_Huntail
0x08309878	rom	sAnims_Gorebyss
0x08309880	rom	sAnims_Absol
0x08309888	rom	sAnims_Shuppet
0x08309890	rom	sAnims_Banette
0x08309898	rom	sAnims_Seviper
0x083098A0	rom	sAnims_Zangoose
0x083098A8	rom	sAnims_Relicanth
0x083098B0	rom	sAnims_Aron
0x083098B8	rom	sAnims_Lairon
0x083098C0	rom	sAnims_Aggron
0x083098C8	rom	sAnims_Castform
0x083098D8	rom	sAnims_Volbeat
0x083098E0	rom	sAnims_Illumise
0x083098E8	rom	sAnims_Lileep
0x083098F0	rom	sAnims_Cradily
0x083098F8	rom	sAnims_Anorith
0x08309900	rom	sAnims_Armaldo
0x08309908	rom	sAnims_Ralts
0x08309910	rom	sAnims_Kirlia
0x08309918	rom	sAnims_Gardevoir
0x08309920	rom	sAnims_Bagon
0x08309928	rom	sAnims_Shelgon
0x08309930	rom	sAnims_Salamence
0x08309938	rom	sAnims_Beldum
0x08309940	rom	sAnims_Metang
0x08309948	rom	sAnims_Metagross
0x08309950	rom	sAnims_Regirock
0x0830995C	rom	sAnims_Regice
0x08309964	rom	sAnims_Registeel
0x08309970	rom	sAnims_Kyogre
0x0830997C	rom	sAnims_Groudon
0x08309988	rom	sAnims_Rayquaza
0x08309994	rom	sAnims_Latias
0x083099A0	rom	sAnims_Latios
0x083099AC	rom	sAnims_Jirachi
0x083099B8	rom	sAnims_Deoxys
0x083099C4	rom	sAnims_Chimecho
0x083099CC	rom	sAnims_Egg
0x083099D4	rom	sAnims_UnownB
0x083099DC	rom	sAnims_UnownC
0x083099E4	rom	sAnims_UnownD
0x083099EC	rom	sAnims_UnownE
0x083099F4	rom	sAnims_UnownF
0x083099FC	rom	sAnims_UnownG
0x08309A04	rom	sAnims_UnownH
0x08309A0C	rom	sAnims_UnownI
0x08309A14	rom	sAnims_UnownJ
0x08309A1C	rom	sAnims_UnownK
0x08309A24	rom	sAnims_UnownL
0x08309A2C	rom	sAnims_UnownM
0x08309A34	rom	sAnims_UnownN
0x08309A3C	rom	sAnims_UnownO
0x08309A44	rom	sAnims_UnownP
0x08309A4C	rom	sAnims_UnownQ
0x08309A54	rom	sAnims_UnownR
0x08309A5C	rom	sAnims_UnownS
0x08309A64	rom	sAnims_UnownT
0x08309A6C	rom	sAnims_UnownU
0x08309A74	rom	sAnims_UnownV
0x08309A7C	rom	sAnims_UnownW
0x08309A84	rom	sAnims_UnownX
0x08309A8C	rom	sAnims_UnownY
0x08309A94	rom	sAnims_UnownZ
0x08309A9C	rom	sAnims_UnownEMark
0x08309AA4	rom	sAnims_UnownQMark
0x08309AAC	rom	gMonFrontAnimsPtrTable
0x0830A18C	rom	gMonFrontPicTable
0x0830AF4C	rom	sUnused
0x0830B62C	rom	sParty_Sawyer1
0x0830B634	rom	sParty_GruntAquaHideout1
0x0830B63C	rom	sParty_GruntAquaHideout2
0x0830B64C	rom	sParty_GruntAquaHideout3
0x0830B654	rom	sParty_GruntAquaHideout4
0x0830B65C	rom	sParty_GruntSeafloorCavern1
0x0830B664	rom	sParty_GruntSeafloorCavern2
0x0830B66C	rom	sParty_GruntSeafloorCavern3
0x0830B674	rom	sParty_Gabrielle1
0x0830B6A4	rom	sParty_GruntPetalburgWoods
0x0830B6AC	rom	sParty_Marcel
0x0830B6BC	rom	sParty_Alberto
0x0830B6CC	rom	sParty_Ed
0x0830B6DC	rom	sParty_GruntSeafloorCavern4
0x0830B6E4	rom	sParty_Declan
0x0830B6EC	rom	sParty_GruntRusturfTunnel
0x0830B6F4	rom	sParty_GruntWeatherInst1
0x0830B704	rom	sParty_GruntWeatherInst2
0x0830B714	rom	sParty_GruntWeatherInst3
0x0830B72C	rom	sParty_GruntMuseum1
0x0830B734	rom	sParty_GruntMuseum2
0x0830B744	rom	sParty_GruntSpaceCenter1
0x0830B74C	rom	sParty_GruntMtPyre1
0x0830B754	rom	sParty_GruntMtPyre2
0x0830B75C	rom	sParty_GruntMtPyre3
0x0830B76C	rom	sParty_GruntWeatherInst4
0x0830B774	rom	sParty_GruntAquaHideout5
0x0830B77C	rom	sParty_GruntAquaHideout6
0x0830B784	rom	sParty_Fredrick
0x0830B794	rom	sParty_Matt
0x0830B7A4	rom	sParty_Zander
0x0830B7AC	rom	sParty_ShellyWeatherInstitute
0x0830B7BC	rom	sParty_ShellySeafloorCavern
0x0830B7CC	rom	sParty_Archie
0x0830B7E4	rom	sParty_Leah
0x0830B7EC	rom	sParty_Daisy
0x0830B7FC	rom	sParty_Rose1
0x0830B814	rom	sParty_Felix
0x0830B834	rom	sParty_Violet
0x0830B844	rom	sParty_Rose2
0x0830B854	rom	sParty_Rose3
0x0830B86C	rom	sParty_Rose4
0x0830B884	rom	sParty_Rose5
0x0830B89C	rom	sParty_Dusty1
0x0830B8AC	rom	sParty_Chip
0x0830B8DC	rom	sParty_Foster
0x0830B8FC	rom	sParty_Dusty2
0x0830B90C	rom	sParty_Dusty3
0x0830B91C	rom	sParty_Dusty4
0x0830B92C	rom	sParty_Dusty5
0x0830B93C	rom	sParty_GabbyAndTy1
0x0830B94C	rom	sParty_GabbyAndTy2
0x0830B95C	rom	sParty_GabbyAndTy3
0x0830B96C	rom	sParty_GabbyAndTy4
0x0830B97C	rom	sParty_GabbyAndTy5
0x0830B98C	rom	sParty_GabbyAndTy6
0x0830B9AC	rom	sParty_Lola1
0x0830B9BC	rom	sParty_Austina
0x0830B9C4	rom	sParty_Gwen
0x0830B9CC	rom	sParty_Lola2
0x0830B9DC	rom	sParty_Lola3
0x0830B9EC	rom	sParty_Lola4
0x0830B9FC	rom	sParty_Lola5
0x0830BA0C	rom	sParty_Ricky1
0x0830BA1C	rom	sParty_Simon
0x0830BA2C	rom	sParty_Charlie
0x0830BA34	rom	sParty_Ricky2
0x0830BA44	rom	sParty_Ricky3
0x0830BA54	rom	sParty_Ricky4
0x0830BA64	rom	sParty_Ricky5
0x0830BA74	rom	sParty_Randall
0x0830BA84	rom	sParty_Parker
0x0830BA94	rom	sParty_George
0x0830BAA4	rom	sParty_Berke
0x0830BAB4	rom	sParty_Braxton
0x0830BB04	rom	sParty_Vincent
0x0830BB1C	rom	sParty_Leroy
0x0830BB2C	rom	sParty_Wilton1
0x0830BB44	rom	sParty_Edgar
0x0830BB54	rom	sParty_Albert
0x0830BB64	rom	sParty_Samuel
0x0830BB7C	rom	sParty_Vito
0x0830BB9C	rom	sParty_Owen
0x0830BBB4	rom	sParty_Wilton2
0x0830BBCC	rom	sParty_Wilton3
0x0830BBE4	rom	sParty_Wilton4
0x0830BBFC	rom	sParty_Wilton5
0x0830BC14	rom	sParty_Warren
0x0830BC24	rom	sParty_Mary
0x0830BC34	rom	sParty_Alexia
0x0830BC44	rom	sParty_Jody
0x0830BC54	rom	sParty_Wendy
0x0830BC84	rom	sParty_Keira
0x0830BC94	rom	sParty_Brooke1
0x0830BCAC	rom	sParty_Jennifer
0x0830BCB4	rom	sParty_Hope
0x0830BCBC	rom	sParty_Shannon
0x0830BCC4	rom	sParty_Michelle
0x0830BCDC	rom	sParty_Caroline
0x0830BCEC	rom	sParty_Julie
0x0830BD04	rom	sParty_Brooke2
0x0830BD1C	rom	sParty_Brooke3
0x0830BD34	rom	sParty_Brooke4
0x0830BD4C	rom	sParty_Brooke5
0x0830BD64	rom	sParty_Patricia
0x0830BD74	rom	sParty_Kindra
0x0830BD84	rom	sParty_Tammy
0x0830BD94	rom	sParty_Valerie1
0x0830BD9C	rom	sParty_Tasha
0x0830BDA4	rom	sParty_Valerie2
0x0830BDB4	rom	sParty_Valerie3
0x0830BDC4	rom	sParty_Valerie4
0x0830BDD4	rom	sParty_Valerie5
0x0830BDEC	rom	sParty_Cindy1
0x0830BDF4	rom	sParty_Daphne
0x0830BE14	rom	sParty_GruntSpaceCenter2
0x0830BE2C	rom	sParty_Cindy2
0x0830BE3C	rom	sParty_Brianna
0x0830BE44	rom	sParty_Naomi
0x0830BE4C	rom	sParty_Cindy3
0x0830BE54	rom	sParty_Cindy4
0x0830BE5C	rom	sParty_Cindy5
0x0830BE64	rom	sParty_Cindy6
0x0830BE74	rom	sParty_Melissa
0x0830BE7C	rom	sParty_Sheila
0x0830BE84	rom	sParty_Shirley
0x0830BE8C	rom	sParty_Jessica1
0x0830BEAC	rom	sParty_Connie
0x0830BEB4	rom	sParty_Bridget
0x0830BEBC	rom	sParty_Olivia
0x0830BEEC	rom	sParty_Tiffany
0x0830BEFC	rom	sParty_Jessica2
0x0830BF1C	rom	sParty_Jessica3
0x0830BF3C	rom	sParty_Jessica4
0x0830BF5C	rom	sParty_Jessica5
0x0830BF7C	rom	sParty_Winston1
0x0830BF84	rom	sParty_Mollie
0x0830BF94	rom	sParty_Garret
0x0830BF9C	rom	sParty_Winston2
0x0830BFA4	rom	sParty_Winston3
0x0830BFAC	rom	sParty_Winston4
0x0830BFB4	rom	sParty_Winston5
0x0830BFC4	rom	sParty_Steve1
0x0830BFCC	rom	sParty_Thalia1
0x0830BFDC	rom	sParty_Mark
0x0830BFE4	rom	sParty_GruntMtChimney1
0x0830BFEC	rom	sParty_Steve2
0x0830BFF4	rom	sParty_Steve3
0x0830C004	rom	sParty_Steve4
0x0830C014	rom	sParty_Steve5
0x0830C024	rom	sParty_Luis
0x0830C02C	rom	sParty_Dominik
0x0830C034	rom	sParty_Douglas
0x0830C044	rom	sParty_Darrin
0x0830C05C	rom	sParty_Tony1
0x0830C064	rom	sParty_Jerome
0x0830C06C	rom	sParty_Matthew
0x0830C074	rom	sParty_David
0x0830C084	rom	sParty_Spencer
0x0830C094	rom	sParty_Roland
0x0830C09C	rom	sParty_Nolen
0x0830C0A4	rom	sParty_Stan
0x0830C0AC	rom	sParty_Barry
0x0830C0B4	rom	sParty_Dean
0x0830C0CC	rom	sParty_Rodney
0x0830C0D4	rom	sParty_Richard
0x0830C0DC	rom	sParty_Herman
0x0830C0EC	rom	sParty_Santiago
0x0830C0FC	rom	sParty_Gilbert
0x0830C104	rom	sParty_Franklin
0x0830C10C	rom	sParty_Kevin
0x0830C114	rom	sParty_Jack
0x0830C11C	rom	sParty_Dudley
0x0830C134	rom	sParty_Chad
0x0830C144	rom	sParty_Tony2
0x0830C14C	rom	sParty_Tony3
0x0830C154	rom	sParty_Tony4
0x0830C164	rom	sParty_Tony5
0x0830C174	rom	sParty_Takao
0x0830C17C	rom	sParty_Hitoshi
0x0830C18C	rom	sParty_Kiyo
0x0830C194	rom	sParty_Koichi
0x0830C1A4	rom	sParty_Nob1
0x0830C1AC	rom	sParty_Nob2
0x0830C1B4	rom	sParty_Nob3
0x0830C1C4	rom	sParty_Nob4
0x0830C1DC	rom	sParty_Nob5
0x0830C1FC	rom	sParty_Yuji
0x0830C20C	rom	sParty_Daisuke
0x0830C214	rom	sParty_Atsushi
0x0830C21C	rom	sParty_Kirk
0x0830C23C	rom	sParty_GruntAquaHideout7
0x0830C24C	rom	sParty_GruntAquaHideout8
0x0830C254	rom	sParty_Shawn
0x0830C264	rom	sParty_Fernando1
0x0830C274	rom	sParty_Dalton1
0x0830C284	rom	sParty_Dalton2
0x0830C29C	rom	sParty_Dalton3
0x0830C2B4	rom	sParty_Dalton4
0x0830C2CC	rom	sParty_Dalton5
0x0830C2E4	rom	sParty_Cole
0x0830C2EC	rom	sParty_Jeff
0x0830C2FC	rom	sParty_Axle
0x0830C304	rom	sParty_Jace
0x0830C30C	rom	sParty_Keegan
0x0830C314	rom	sParty_Bernie1
0x0830C324	rom	sParty_Bernie2
0x0830C334	rom	sParty_Bernie3
0x0830C344	rom	sParty_Bernie4
0x0830C354	rom	sParty_Bernie5
0x0830C364	rom	sParty_Drew
0x0830C374	rom	sParty_Beau
0x0830C3A4	rom	sParty_Larry
0x0830C3AC	rom	sParty_Shane
0x0830C3BC	rom	sParty_Justin
0x0830C3C4	rom	sParty_Ethan1
0x0830C3D4	rom	sParty_Autumn
0x0830C3DC	rom	sParty_Travis
0x0830C3E4	rom	sParty_Ethan2
0x0830C3F4	rom	sParty_Ethan3
0x0830C404	rom	sParty_Ethan4
0x0830C41C	rom	sParty_Ethan5
0x0830C434	rom	sParty_Brent
0x0830C43C	rom	sParty_Donald
0x0830C454	rom	sParty_Taylor
0x0830C46C	rom	sParty_Jeffrey1
0x0830C484	rom	sParty_Derek
0x0830C494	rom	sParty_Jeffrey2
0x0830C4AC	rom	sParty_Jeffrey3
0x0830C4C4	rom	sParty_Jeffrey4
0x0830C4E4	rom	sParty_Jeffrey5
0x0830C50C	rom	sParty_Edward
0x0830C51C	rom	sParty_Preston
0x0830C524	rom	sParty_Virgil
0x0830C52C	rom	sParty_Blake
0x0830C534	rom	sParty_William
0x0830C54C	rom	sParty_Joshua
0x0830C55C	rom	sParty_Cameron1
0x0830C564	rom	sParty_Cameron2
0x0830C574	rom	sParty_Cameron3
0x0830C584	rom	sParty_Cameron4
0x0830C594	rom	sParty_Cameron5
0x0830C5A4	rom	sParty_Jaclyn
0x0830C5B4	rom	sParty_Hannah
0x0830C5BC	rom	sParty_Samantha
0x0830C5C4	rom	sParty_Maura
0x0830C5CC	rom	sParty_Kayla
0x0830C5E4	rom	sParty_Alexis
0x0830C5F4	rom	sParty_Jacki1
0x0830C604	rom	sParty_Jacki2
0x0830C614	rom	sParty_Jacki3
0x0830C624	rom	sParty_Jacki4
0x0830C634	rom	sParty_Jacki5
0x0830C644	rom	sParty_Walter1
0x0830C64C	rom	sParty_Micah
0x0830C65C	rom	sParty_Thomas
0x0830C664	rom	sParty_Walter2
0x0830C66C	rom	sParty_Walter3
0x0830C68C	rom	sParty_Walter4
0x0830C6AC	rom	sParty_Walter5
0x0830C6DC	rom	sParty_Sidney
0x0830C72C	rom	sParty_Phoebe
0x0830C77C	rom	sParty_Glacia
0x0830C7CC	rom	sParty_Drake
0x0830C81C	rom	sParty_Roxanne1
0x0830C84C	rom	sParty_Brawly1
0x0830C87C	rom	sParty_Wattson1
0x0830C8BC	rom	sParty_Flannery1
0x0830C8FC	rom	sParty_Norman1
0x0830C93C	rom	sParty_Winona1
0x0830C98C	rom	sParty_TateAndLiza1
0x0830C9CC	rom	sParty_Juan1
0x0830CA1C	rom	sParty_Jerry1
0x0830CA24	rom	sParty_Ted
0x0830CA2C	rom	sParty_Paul
0x0830CA44	rom	sParty_Jerry2
0x0830CA54	rom	sParty_Jerry3
0x0830CA64	rom	sParty_Jerry4
0x0830CA74	rom	sParty_Jerry5
0x0830CA8C	rom	sParty_Karen1
0x0830CA94	rom	sParty_Georgia
0x0830CAA4	rom	sParty_Karen2
0x0830CAB4	rom	sParty_Karen3
0x0830CAC4	rom	sParty_Karen4
0x0830CAD4	rom	sParty_Karen5
0x0830CAE4	rom	sParty_KateAndJoy
0x0830CB04	rom	sParty_AnnaAndMeg1
0x0830CB24	rom	sParty_AnnaAndMeg2
0x0830CB44	rom	sParty_AnnaAndMeg3
0x0830CB64	rom	sParty_AnnaAndMeg4
0x0830CB84	rom	sParty_AnnaAndMeg5
0x0830CBA4	rom	sParty_Victor
0x0830CBB4	rom	sParty_Miguel1
0x0830CBBC	rom	sParty_Colton
0x0830CC1C	rom	sParty_Miguel2
0x0830CC24	rom	sParty_Miguel3
0x0830CC2C	rom	sParty_Miguel4
0x0830CC34	rom	sParty_Miguel5
0x0830CC3C	rom	sParty_Victoria
0x0830CC44	rom	sParty_Vanessa
0x0830CC4C	rom	sParty_Bethany
0x0830CC64	rom	sParty_Isabel1
0x0830CC74	rom	sParty_Isabel2
0x0830CC84	rom	sParty_Isabel3
0x0830CC94	rom	sParty_Isabel4
0x0830CCA4	rom	sParty_Isabel5
0x0830CCB4	rom	sParty_Timothy1
0x0830CCBC	rom	sParty_Timothy2
0x0830CCCC	rom	sParty_Timothy3
0x0830CCDC	rom	sParty_Timothy4
0x0830CCEC	rom	sParty_Timothy5
0x0830CCFC	rom	sParty_Vicky
0x0830CD0C	rom	sParty_Shelby1
0x0830CD1C	rom	sParty_Shelby2
0x0830CD2C	rom	sParty_Shelby3
0x0830CD3C	rom	sParty_Shelby4
0x0830CD4C	rom	sParty_Shelby5
0x0830CD5C	rom	sParty_Calvin1
0x0830CD64	rom	sParty_Billy
0x0830CD74	rom	sParty_Josh
0x0830CD84	rom	sParty_Tommy
0x0830CD94	rom	sParty_Joey
0x0830CD9C	rom	sParty_Ben
0x0830CDBC	rom	sParty_Quincy
0x0830CDDC	rom	sParty_Katelynn
0x0830CDFC	rom	sParty_Jaylen
0x0830CE04	rom	sParty_Dillon
0x0830CE0C	rom	sParty_Calvin2
0x0830CE14	rom	sParty_Calvin3
0x0830CE24	rom	sParty_Calvin4
0x0830CE3C	rom	sParty_Calvin5
0x0830CE54	rom	sParty_Eddie
0x0830CE64	rom	sParty_Allen
0x0830CE74	rom	sParty_Timmy
0x0830CE84	rom	sParty_Wallace
0x0830CEE4	rom	sParty_Andrew
0x0830CEFC	rom	sParty_Ivan
0x0830CF14	rom	sParty_Claude
0x0830CF2C	rom	sParty_Elliot1
0x0830CF44	rom	sParty_Ned
0x0830CF4C	rom	sParty_Dale
0x0830CF6C	rom	sParty_Nolan
0x0830CF74	rom	sParty_Barny
0x0830CF84	rom	sParty_Wade
0x0830CF8C	rom	sParty_Carter
0x0830CF9C	rom	sParty_Elliot2
0x0830CFB4	rom	sParty_Elliot3
0x0830CFD4	rom	sParty_Elliot4
0x0830CFF4	rom	sParty_Elliot5
0x0830D014	rom	sParty_Ronald
0x0830D044	rom	sParty_Jacob
0x0830D05C	rom	sParty_Anthony
0x0830D06C	rom	sParty_Benjamin1
0x0830D074	rom	sParty_Benjamin2
0x0830D07C	rom	sParty_Benjamin3
0x0830D084	rom	sParty_Benjamin4
0x0830D08C	rom	sParty_Benjamin5
0x0830D094	rom	sParty_Abigail1
0x0830D09C	rom	sParty_Jasmine
0x0830D0B4	rom	sParty_Abigail2
0x0830D0BC	rom	sParty_Abigail3
0x0830D0C4	rom	sParty_Abigail4
0x0830D0CC	rom	sParty_Abigail5
0x0830D0D4	rom	sParty_Dylan1
0x0830D0DC	rom	sParty_Dylan2
0x0830D0E4	rom	sParty_Dylan3
0x0830D0EC	rom	sParty_Dylan4
0x0830D0F4	rom	sParty_Dylan5
0x0830D0FC	rom	sParty_Maria1
0x0830D104	rom	sParty_Maria2
0x0830D10C	rom	sParty_Maria3
0x0830D114	rom	sParty_Maria4
0x0830D11C	rom	sParty_Maria5
0x0830D124	rom	sParty_Camden
0x0830D134	rom	sParty_Demetrius
0x0830D144	rom	sParty_Isaiah1
0x0830D14C	rom	sParty_Pablo1
0x0830D15C	rom	sParty_Chase
0x0830D16C	rom	sParty_Isaiah2
0x0830D174	rom	sParty_Isaiah3
0x0830D17C	rom	sParty_Isaiah4
0x0830D184	rom	sParty_Isaiah5
0x0830D18C	rom	sParty_Isobel
0x0830D194	rom	sParty_Donny
0x0830D1A4	rom	sParty_Talia
0x0830D1AC	rom	sParty_Katelyn1
0x0830D1B4	rom	sParty_Allison
0x0830D1C4	rom	sParty_Katelyn2
0x0830D1CC	rom	sParty_Katelyn3
0x0830D1D4	rom	sParty_Katelyn4
0x0830D1DC	rom	sParty_Katelyn5
0x0830D1E4	rom	sParty_Nicolas1
0x0830D1F4	rom	sParty_Nicolas2
0x0830D204	rom	sParty_Nicolas3
0x0830D214	rom	sParty_Nicolas4
0x0830D22C	rom	sParty_Nicolas5
0x0830D244	rom	sParty_Aaron
0x0830D254	rom	sParty_Perry
0x0830D25C	rom	sParty_Hugh
0x0830D26C	rom	sParty_Phil
0x0830D274	rom	sParty_Jared
0x0830D28C	rom	sParty_Humberto
0x0830D294	rom	sParty_Presley
0x0830D2A4	rom	sParty_Edwardo
0x0830D2B4	rom	sParty_Colin
0x0830D2C4	rom	sParty_Robert1
0x0830D2CC	rom	sParty_Benny
0x0830D2E4	rom	sParty_Chester
0x0830D2F4	rom	sParty_Robert2
0x0830D304	rom	sParty_Robert3
0x0830D314	rom	sParty_Robert4
0x0830D324	rom	sParty_Robert5
0x0830D334	rom	sParty_Alex
0x0830D344	rom	sParty_Beck
0x0830D34C	rom	sParty_Yasu
0x0830D354	rom	sParty_Takashi
0x0830D364	rom	sParty_Dianne
0x0830D384	rom	sParty_Jani
0x0830D38C	rom	sParty_Lao1
0x0830D3BC	rom	sParty_Lung
0x0830D3CC	rom	sParty_Lao2
0x0830D40C	rom	sParty_Lao3
0x0830D44C	rom	sParty_Lao4
0x0830D48C	rom	sParty_Lao5
0x0830D4CC	rom	sParty_Jocelyn
0x0830D4D4	rom	sParty_Laura
0x0830D4DC	rom	sParty_Cyndy1
0x0830D4EC	rom	sParty_Cora
0x0830D4F4	rom	sParty_Paula
0x0830D4FC	rom	sParty_Cyndy2
0x0830D50C	rom	sParty_Cyndy3
0x0830D51C	rom	sParty_Cyndy4
0x0830D52C	rom	sParty_Cyndy5
0x0830D53C	rom	sParty_Madeline1
0x0830D54C	rom	sParty_Clarissa
0x0830D55C	rom	sParty_Angelica
0x0830D56C	rom	sParty_Madeline2
0x0830D57C	rom	sParty_Madeline3
0x0830D58C	rom	sParty_Madeline4
0x0830D5AC	rom	sParty_Madeline5
0x0830D5CC	rom	sParty_Beverly
0x0830D5DC	rom	sParty_Imani
0x0830D5E4	rom	sParty_Kyla
0x0830D5EC	rom	sParty_Denise
0x0830D5FC	rom	sParty_Beth
0x0830D604	rom	sParty_Tara
0x0830D614	rom	sParty_Missy
0x0830D61C	rom	sParty_Alice
0x0830D634	rom	sParty_Jenny1
0x0830D63C	rom	sParty_Grace
0x0830D644	rom	sParty_Tanya
0x0830D64C	rom	sParty_Sharon
0x0830D654	rom	sParty_Nikki
0x0830D664	rom	sParty_Brenda
0x0830D66C	rom	sParty_Katie
0x0830D67C	rom	sParty_Susie
0x0830D684	rom	sParty_Kara
0x0830D68C	rom	sParty_Dana
0x0830D694	rom	sParty_Sienna
0x0830D6A4	rom	sParty_Debra
0x0830D6AC	rom	sParty_Linda
0x0830D6BC	rom	sParty_Kaylee
0x0830D6CC	rom	sParty_Laurel
0x0830D6DC	rom	sParty_Carlee
0x0830D6E4	rom	sParty_Jenny2
0x0830D6EC	rom	sParty_Jenny3
0x0830D6F4	rom	sParty_Jenny4
0x0830D704	rom	sParty_Jenny5
0x0830D71C	rom	sParty_Heidi
0x0830D73C	rom	sParty_Becky
0x0830D75C	rom	sParty_Carol
0x0830D76C	rom	sParty_Nancy
0x0830D77C	rom	sParty_Martha
0x0830D78C	rom	sParty_Diana1
0x0830D7A4	rom	sParty_Cedric
0x0830D7B4	rom	sParty_Irene
0x0830D7C4	rom	sParty_Diana2
0x0830D7DC	rom	sParty_Diana3
0x0830D7F4	rom	sParty_Diana4
0x0830D80C	rom	sParty_Diana5
0x0830D824	rom	sParty_AmyAndLiv1
0x0830D834	rom	sParty_AmyAndLiv2
0x0830D844	rom	sParty_GinaAndMia1
0x0830D854	rom	sParty_MiuAndYuki
0x0830D864	rom	sParty_AmyAndLiv3
0x0830D874	rom	sParty_GinaAndMia2
0x0830D894	rom	sParty_AmyAndLiv4
0x0830D8A4	rom	sParty_AmyAndLiv5
0x0830D8C4	rom	sParty_AmyAndLiv6
0x0830D8E4	rom	sParty_Huey
0x0830D8F4	rom	sParty_Edmond
0x0830D8FC	rom	sParty_Ernest1
0x0830D90C	rom	sParty_Dwayne
0x0830D924	rom	sParty_Phillip
0x0830D934	rom	sParty_Leonard
0x0830D94C	rom	sParty_Duncan
0x0830D95C	rom	sParty_Ernest2
0x0830D974	rom	sParty_Ernest3
0x0830D98C	rom	sParty_Ernest4
0x0830D9A4	rom	sParty_Ernest5
0x0830D9BC	rom	sParty_Eli
0x0830D9C4	rom	sParty_Annika
0x0830D9E4	rom	sParty_Jazmyn
0x0830D9EC	rom	sParty_Jonas
0x0830D9FC	rom	sParty_Kayley
0x0830DA0C	rom	sParty_Auron
0x0830DA1C	rom	sParty_Kelvin
0x0830DA2C	rom	sParty_Marley
0x0830DA3C	rom	sParty_Reyna
0x0830DA4C	rom	sParty_Hudson
0x0830DA54	rom	sParty_Conor
0x0830DA64	rom	sParty_Edwin1
0x0830DA74	rom	sParty_Hector
0x0830DA84	rom	sParty_TabithaMossdeep
0x0830DA9C	rom	sParty_Edwin2
0x0830DAAC	rom	sParty_Edwin3
0x0830DABC	rom	sParty_Edwin4
0x0830DACC	rom	sParty_Edwin5
0x0830DADC	rom	sParty_WallyVR1
0x0830DB2C	rom	sParty_BrendanRoute103Mudkip
0x0830DB34	rom	sParty_BrendanRoute110Mudkip
0x0830DB4C	rom	sParty_BrendanRoute119Mudkip
0x0830DB64	rom	sParty_BrendanRoute103Treecko
0x0830DB6C	rom	sParty_BrendanRoute110Treecko
0x0830DB84	rom	sParty_BrendanRoute119Treecko
0x0830DB9C	rom	sParty_BrendanRoute103Torchic
0x0830DBA4	rom	sParty_BrendanRoute110Torchic
0x0830DBBC	rom	sParty_BrendanRoute119Torchic
0x0830DBD4	rom	sParty_MayRoute103Mudkip
0x0830DBDC	rom	sParty_MayRoute110Mudkip
0x0830DBF4	rom	sParty_MayRoute119Mudkip
0x0830DC0C	rom	sParty_MayRoute103Treecko
0x0830DC14	rom	sParty_MayRoute110Treecko
0x0830DC2C	rom	sParty_MayRoute119Treecko
0x0830DC44	rom	sParty_MayRoute103Torchic
0x0830DC4C	rom	sParty_MayRoute110Torchic
0x0830DC64	rom	sParty_MayRoute119Torchic
0x0830DC7C	rom	sParty_Isaac1
0x0830DCAC	rom	sParty_Davis
0x0830DCB4	rom	sParty_Mitchell
0x0830DCD4	rom	sParty_Isaac2
0x0830DD04	rom	sParty_Isaac3
0x0830DD34	rom	sParty_Isaac4
0x0830DD64	rom	sParty_Isaac5
0x0830DD94	rom	sParty_Lydia1
0x0830DDC4	rom	sParty_Halle
0x0830DDD4	rom	sParty_Garrison
0x0830DDDC	rom	sParty_Lydia2
0x0830DE0C	rom	sParty_Lydia3
0x0830DE3C	rom	sParty_Lydia4
0x0830DE6C	rom	sParty_Lydia5
0x0830DE9C	rom	sParty_Jackson1
0x0830DEA4	rom	sParty_Lorenzo
0x0830DEBC	rom	sParty_Sebastian
0x0830DEC4	rom	sParty_Jackson2
0x0830DECC	rom	sParty_Jackson3
0x0830DED4	rom	sParty_Jackson4
0x0830DEDC	rom	sParty_Jackson5
0x0830DEEC	rom	sParty_Catherine1
0x0830DEFC	rom	sParty_Jenna
0x0830DF14	rom	sParty_Sophia
0x0830DF24	rom	sParty_Catherine2
0x0830DF34	rom	sParty_Catherine3
0x0830DF44	rom	sParty_Catherine4
0x0830DF54	rom	sParty_Catherine5
0x0830DF64	rom	sParty_Julio
0x0830DF6C	rom	sParty_GruntSeafloorCavern5
0x0830DF7C	rom	sParty_GruntUnused
0x0830DF8C	rom	sParty_GruntMtPyre4
0x0830DF9C	rom	sParty_GruntJaggedPass
0x0830DFAC	rom	sParty_Marc
0x0830DFBC	rom	sParty_Brenden
0x0830DFC4	rom	sParty_Lilith
0x0830DFCC	rom	sParty_Cristian
0x0830DFD4	rom	sParty_Sylvia
0x0830DFDC	rom	sParty_Leonardo
0x0830DFE4	rom	sParty_Athena
0x0830E004	rom	sParty_Harrison
0x0830E00C	rom	sParty_GruntMtChimney2
0x0830E014	rom	sParty_Clarence
0x0830E01C	rom	sParty_Terry
0x0830E024	rom	sParty_Nate
0x0830E02C	rom	sParty_Kathleen
0x0830E034	rom	sParty_Clifford
0x0830E03C	rom	sParty_Nicholas
0x0830E044	rom	sParty_GruntSpaceCenter3
0x0830E054	rom	sParty_GruntSpaceCenter4
0x0830E05C	rom	sParty_GruntSpaceCenter5
0x0830E064	rom	sParty_GruntSpaceCenter6
0x0830E06C	rom	sParty_GruntSpaceCenter7
0x0830E074	rom	sParty_Macey
0x0830E07C	rom	sParty_BrendanRustboroTreecko
0x0830E08C	rom	sParty_BrendanRustboroMudkip
0x0830E09C	rom	sParty_Paxton
0x0830E0AC	rom	sParty_Isabella
0x0830E0B4	rom	sParty_GruntWeatherInst5
0x0830E0C4	rom	sParty_TabithaMtChimney
0x0830E0E4	rom	sParty_Jonathan
0x0830E0F4	rom	sParty_BrendanRustboroTorchic
0x0830E104	rom	sParty_MayRustboroMudkip
0x0830E114	rom	sParty_MaxieMagmaHideout
0x0830E12C	rom	sParty_MaxieMtChimney
0x0830E144	rom	sParty_Tiana
0x0830E154	rom	sParty_Haley1
0x0830E164	rom	sParty_Janice
0x0830E16C	rom	sParty_Vivi
0x0830E184	rom	sParty_Haley2
0x0830E194	rom	sParty_Haley3
0x0830E1A4	rom	sParty_Haley4
0x0830E1B4	rom	sParty_Haley5
0x0830E1CC	rom	sParty_Sally
0x0830E1D4	rom	sParty_Robin
0x0830E1EC	rom	sParty_Andrea
0x0830E1F4	rom	sParty_Crissy
0x0830E204	rom	sParty_Rick
0x0830E214	rom	sParty_Lyle
0x0830E234	rom	sParty_Jose
0x0830E244	rom	sParty_Doug
0x0830E254	rom	sParty_Greg
0x0830E264	rom	sParty_Kent
0x0830E26C	rom	sParty_James1
0x0830E27C	rom	sParty_James2
0x0830E284	rom	sParty_James3
0x0830E294	rom	sParty_James4
0x0830E2AC	rom	sParty_James5
0x0830E2CC	rom	sParty_Brice
0x0830E2DC	rom	sParty_Trent1
0x0830E2F4	rom	sParty_Lenny
0x0830E304	rom	sParty_Lucas1
0x0830E314	rom	sParty_Alan
0x0830E32C	rom	sParty_Clark
0x0830E334	rom	sParty_Eric
0x0830E344	rom	sParty_Lucas2
0x0830E354	rom	sParty_Mike1
0x0830E374	rom	sParty_Mike2
0x0830E38C	rom	sParty_Trent2
0x0830E3AC	rom	sParty_Trent3
0x0830E3CC	rom	sParty_Trent4
0x0830E3EC	rom	sParty_Trent5
0x0830E40C	rom	sParty_DezAndLuke
0x0830E41C	rom	sParty_LeaAndJed
0x0830E42C	rom	sParty_KiraAndDan1
0x0830E43C	rom	sParty_KiraAndDan2
0x0830E44C	rom	sParty_KiraAndDan3
0x0830E45C	rom	sParty_KiraAndDan4
0x0830E46C	rom	sParty_KiraAndDan5
0x0830E47C	rom	sParty_Johanna
0x0830E484	rom	sParty_Gerald
0x0830E494	rom	sParty_Vivian
0x0830E4B4	rom	sParty_Danielle
0x0830E4C4	rom	sParty_Hideo
0x0830E4E4	rom	sParty_Keigo
0x0830E504	rom	sParty_Riley
0x0830E524	rom	sParty_Flint
0x0830E534	rom	sParty_Ashley
0x0830E54C	rom	sParty_WallyMauville
0x0830E554	rom	sParty_WallyVR2
0x0830E5A4	rom	sParty_WallyVR3
0x0830E5F4	rom	sParty_WallyVR4
0x0830E644	rom	sParty_WallyVR5
0x0830E694	rom	sParty_BrendanLilycoveMudkip
0x0830E6B4	rom	sParty_BrendanLilycoveTreecko
0x0830E6D4	rom	sParty_BrendanLilycoveTorchic
0x0830E6F4	rom	sParty_MayLilycoveMudkip
0x0830E714	rom	sParty_MayLilycoveTreecko
0x0830E734	rom	sParty_MayLilycoveTorchic
0x0830E754	rom	sParty_Jonah
0x0830E76C	rom	sParty_Henry
0x0830E77C	rom	sParty_Roger
0x0830E794	rom	sParty_Alexa
0x0830E7A4	rom	sParty_Ruben
0x0830E7B4	rom	sParty_Koji1
0x0830E7BC	rom	sParty_Wayne
0x0830E7D4	rom	sParty_Aidan
0x0830E7E4	rom	sParty_Reed
0x0830E7F4	rom	sParty_Tisha
0x0830E7FC	rom	sParty_ToriAndTia
0x0830E80C	rom	sParty_KimAndIris
0x0830E82C	rom	sParty_TyraAndIvy
0x0830E84C	rom	sParty_MelAndPaul
0x0830E86C	rom	sParty_JohnAndJay1
0x0830E88C	rom	sParty_JohnAndJay2
0x0830E8AC	rom	sParty_JohnAndJay3
0x0830E8CC	rom	sParty_JohnAndJay4
0x0830E8EC	rom	sParty_JohnAndJay5
0x0830E90C	rom	sParty_ReliAndIan
0x0830E91C	rom	sParty_LilaAndRoy1
0x0830E92C	rom	sParty_LilaAndRoy2
0x0830E93C	rom	sParty_LilaAndRoy3
0x0830E94C	rom	sParty_LilaAndRoy4
0x0830E95C	rom	sParty_LilaAndRoy5
0x0830E96C	rom	sParty_LisaAndRay
0x0830E97C	rom	sParty_Chris
0x0830E99C	rom	sParty_Dawson
0x0830E9AC	rom	sParty_Sarah
0x0830E9BC	rom	sParty_Darian
0x0830E9C4	rom	sParty_Hailey
0x0830E9CC	rom	sParty_Chandler
0x0830E9DC	rom	sParty_Kaleb
0x0830E9EC	rom	sParty_Joseph
0x0830E9FC	rom	sParty_Alyssa
0x0830EA04	rom	sParty_Marcos
0x0830EA0C	rom	sParty_Rhett
0x0830EA14	rom	sParty_Tyron
0x0830EA1C	rom	sParty_Celina
0x0830EA24	rom	sParty_Bianca
0x0830EA2C	rom	sParty_Hayden
0x0830EA34	rom	sParty_Sophie
0x0830EA44	rom	sParty_Coby
0x0830EA54	rom	sParty_Lawrence
0x0830EA64	rom	sParty_Wyatt
0x0830EA74	rom	sParty_Angelina
0x0830EA84	rom	sParty_Kai
0x0830EA8C	rom	sParty_Charlotte
0x0830EA94	rom	sParty_Deandre
0x0830EAAC	rom	sParty_GruntMagmaHideout1
0x0830EAB4	rom	sParty_GruntMagmaHideout2
0x0830EABC	rom	sParty_GruntMagmaHideout3
0x0830EAC4	rom	sParty_GruntMagmaHideout4
0x0830EAD4	rom	sParty_GruntMagmaHideout5
0x0830EAE4	rom	sParty_GruntMagmaHideout6
0x0830EAEC	rom	sParty_GruntMagmaHideout7
0x0830EAF4	rom	sParty_GruntMagmaHideout8
0x0830EAFC	rom	sParty_GruntMagmaHideout9
0x0830EB04	rom	sParty_GruntMagmaHideout10
0x0830EB0C	rom	sParty_GruntMagmaHideout11
0x0830EB14	rom	sParty_GruntMagmaHideout12
0x0830EB1C	rom	sParty_GruntMagmaHideout13
0x0830EB24	rom	sParty_GruntMagmaHideout14
0x0830EB2C	rom	sParty_GruntMagmaHideout15
0x0830EB34	rom	sParty_GruntMagmaHideout16
0x0830EB3C	rom	sParty_TabithaMagmaHideout
0x0830EB5C	rom	sParty_Darcy
0x0830EB6C	rom	sParty_MaxieMossdeep
0x0830EB84	rom	sParty_Pete
0x0830EB8C	rom	sParty_Isabelle
0x0830EB94	rom	sParty_Andres1
0x0830EBA4	rom	sParty_Josue
0x0830EBB4	rom	sParty_Camron
0x0830EBBC	rom	sParty_Cory1
0x0830EBD4	rom	sParty_Carolina
0x0830EBEC	rom	sParty_Elijah
0x0830EBFC	rom	sParty_Celia
0x0830EC0C	rom	sParty_Bryan
0x0830EC1C	rom	sParty_Branden
0x0830EC2C	rom	sParty_Bryant
0x0830EC3C	rom	sParty_Shayla
0x0830EC4C	rom	sParty_Kyra
0x0830EC5C	rom	sParty_Jaiden
0x0830EC6C	rom	sParty_Alix
0x0830EC7C	rom	sParty_Helene
0x0830EC8C	rom	sParty_Marlene
0x0830EC9C	rom	sParty_Devan
0x0830ECAC	rom	sParty_Johnson
0x0830ECBC	rom	sParty_Melina
0x0830ECC4	rom	sParty_Brandi
0x0830ECCC	rom	sParty_Aisha
0x0830ECD4	rom	sParty_Makayla
0x0830ECE4	rom	sParty_Fabian
0x0830ECEC	rom	sParty_Dayton
0x0830ECFC	rom	sParty_Rachel
0x0830ED04	rom	sParty_Leonel
0x0830ED14	rom	sParty_Callie
0x0830ED24	rom	sParty_Cale
0x0830ED34	rom	sParty_Myles
0x0830ED64	rom	sParty_Pat
0x0830ED94	rom	sParty_Cristin1
0x0830EDA4	rom	sParty_MayRustboroTreecko
0x0830EDB4	rom	sParty_MayRustboroTorchic
0x0830EDC4	rom	sParty_Roxanne2
0x0830EE04	rom	sParty_Roxanne3
0x0830EE54	rom	sParty_Roxanne4
0x0830EEA4	rom	sParty_Roxanne5
0x0830EF04	rom	sParty_Brawly2
0x0830EF44	rom	sParty_Brawly3
0x0830EF84	rom	sParty_Brawly4
0x0830EFD4	rom	sParty_Brawly5
0x0830F034	rom	sParty_Wattson2
0x0830F074	rom	sParty_Wattson3
0x0830F0C4	rom	sParty_Wattson4
0x0830F114	rom	sParty_Wattson5
0x0830F174	rom	sParty_Flannery2
0x0830F1B4	rom	sParty_Flannery3
0x0830F204	rom	sParty_Flannery4
0x0830F264	rom	sParty_Flannery5
0x0830F2C4	rom	sParty_Norman2
0x0830F304	rom	sParty_Norman3
0x0830F354	rom	sParty_Norman4
0x0830F3A4	rom	sParty_Norman5
0x0830F404	rom	sParty_Winona2
0x0830F454	rom	sParty_Winona3
0x0830F4B4	rom	sParty_Winona4
0x0830F514	rom	sParty_Winona5
0x0830F574	rom	sParty_TateAndLiza2
0x0830F5C4	rom	sParty_TateAndLiza3
0x0830F624	rom	sParty_TateAndLiza4
0x0830F684	rom	sParty_TateAndLiza5
0x0830F6E4	rom	sParty_Juan2
0x0830F734	rom	sParty_Juan3
0x0830F784	rom	sParty_Juan4
0x0830F7E4	rom	sParty_Juan5
0x0830F844	rom	sParty_Angelo
0x0830F864	rom	sParty_Darius
0x0830F86C	rom	sParty_Steven
0x0830F8CC	rom	sParty_Anabel
0x0830F8D4	rom	sParty_Tucker
0x0830F8DC	rom	sParty_Spenser
0x0830F8E4	rom	sParty_Greta
0x0830F8EC	rom	sParty_Noland
0x0830F8F4	rom	sParty_Lucy
0x0830F8FC	rom	sParty_Brandon
0x0830F904	rom	sParty_Andres2
0x0830F914	rom	sParty_Andres3
0x0830F92C	rom	sParty_Andres4
0x0830F944	rom	sParty_Andres5
0x0830F95C	rom	sParty_Cory2
0x0830F974	rom	sParty_Cory3
0x0830F98C	rom	sParty_Cory4
0x0830F9A4	rom	sParty_Cory5
0x0830F9BC	rom	sParty_Pablo2
0x0830F9CC	rom	sParty_Pablo3
0x0830F9E4	rom	sParty_Pablo4
0x0830F9FC	rom	sParty_Pablo5
0x0830FA14	rom	sParty_Koji2
0x0830FA24	rom	sParty_Koji3
0x0830FA3C	rom	sParty_Koji4
0x0830FA54	rom	sParty_Koji5
0x0830FA6C	rom	sParty_Cristin2
0x0830FA7C	rom	sParty_Cristin3
0x0830FA94	rom	sParty_Cristin4
0x0830FAAC	rom	sParty_Cristin5
0x0830FAC4	rom	sParty_Fernando2
0x0830FADC	rom	sParty_Fernando3
0x0830FAF4	rom	sParty_Fernando4
0x0830FB0C	rom	sParty_Fernando5
0x0830FB24	rom	sParty_Sawyer2
0x0830FB34	rom	sParty_Sawyer3
0x0830FB4C	rom	sParty_Sawyer4
0x0830FB64	rom	sParty_Sawyer5
0x0830FB7C	rom	sParty_Gabrielle2
0x0830FBAC	rom	sParty_Gabrielle3
0x0830FBDC	rom	sParty_Gabrielle4
0x0830FC0C	rom	sParty_Gabrielle5
0x0830FC3C	rom	sParty_Thalia2
0x0830FC4C	rom	sParty_Thalia3
0x0830FC64	rom	sParty_Thalia4
0x0830FC7C	rom	sParty_Thalia5
0x0830FC94	rom	sParty_Mariela
0x0830FC9C	rom	sParty_Alvaro
0x0830FCAC	rom	sParty_Everett
0x0830FCB4	rom	sParty_Red
0x0830FCBC	rom	sParty_Leaf
0x0830FCC4	rom	sParty_BrendanLinkPlaceholder
0x0830FCCC	rom	sParty_MayLinkPlaceholder
0x0830FCD4	rom	gTrainerClassNames
0x08310030	rom	gTrainers
0x083185C8	rom	gSpeciesNames
0x0831977C	rom	gMoveNames
0x0831A984	rom	sUnrefArray
0x0831A988	rom	sVsLetter_V_OamData
0x0831A990	rom	sVsLetter_S_OamData
0x0831A998	rom	sVsLetterAffineAnimCmds0
0x0831A9A8	rom	sVsLetterAffineAnimCmds1
0x0831A9C8	rom	sVsLetterAffineAnimTable
0x0831A9D0	rom	sVsLetter_V_SpriteTemplate
0x0831A9E8	rom	sVsLetter_S_SpriteTemplate
0x0831AA00	rom	sVsLettersSpriteSheet
0x0831AA08	rom	gBattleBgTemplates
0x0831AA18	rom	sStandardBattleWindowTemplates
0x0831AAE0	rom	sBattleArenaWindowTemplates
0x0831ABA0	rom	gBattleWindowTemplates
0x0831ABA8	rom	sBattleEnvironmentTable
0x0831AC70	rom	sIntroScanlineParams16Bit
0x0831AC7C	rom	sIntroScanlineParams32Bit
0x0831AC88	rom	gUnusedBattleInitSprite
0x0831ACA0	rom	sText_ShedinjaJpnName
0x0831ACA8	rom	gOamData_BattleSpriteOpponentSide
0x0831ACB0	rom	gOamData_BattleSpritePlayerSide
0x0831ACB8	rom	sAnim_Unused
0x0831ACC0	rom	sAnims_Unused
0x0831ACC4	rom	sAffineAnim_Unused
0x0831ACDC	rom	sAffineAnims_Unused
0x0831ACE0	rom	sCenterToCornerVecXs
0x0831ACE8	rom	gTypeEffectiveness
0x0831AE38	rom	gTypeNames
0x0831AEB8	rom	gTrainerMoneyTable
0x0831AF98	rom	sNoneDescription
0x0831AFAC	rom	sStenchDescription
0x0831AFC6	rom	sDrizzleDescription
0x0831AFDE	rom	sSpeedBoostDescription
0x0831AFF6	rom	sBattleArmorDescription
0x0831B00C	rom	sSturdyDescription
0x0831B026	rom	sDampDescription
0x0831B041	rom	sLimberDescription
0x0831B055	rom	sSandVeilDescription
0x0831B071	rom	sStaticDescription
0x0831B087	rom	sVoltAbsorbDescription
0x0831B0A2	rom	sWaterAbsorbDescription
0x0831B0B9	rom	sObliviousDescription
0x0831B0CE	rom	sCloudNineDescription
0x0831B0E7	rom	sCompoundEyesDescription
0x0831B0F8	rom	sInsomniaDescription
0x0831B108	rom	sColorChangeDescription
0x0831B124	rom	sImmunityDescription
0x0831B138	rom	sFlashFireDescription
0x0831B152	rom	sShieldDustDescription
0x0831B16A	rom	sOwnTempoDescription
0x0831B17E	rom	sSuctionCupsDescription
0x0831B197	rom	sIntimidateDescription
0x0831B1B0	rom	sShadowTagDescription
0x0831B1CB	rom	sRoughSkinDescription
0x0831B1DB	rom	sWonderGuardDescription
0x0831B1F3	rom	sLevitateDescription
0x0831B20E	rom	sEffectSporeDescription
0x0831B228	rom	sSynchronizeDescription
0x0831B243	rom	sClearBodyDescription
0x0831B25F	rom	sNaturalCureDescription
0x0831B279	rom	sLightningRodDescription
0x0831B291	rom	sSereneGraceDescription
0x0831B2A9	rom	sSwiftSwimDescription
0x0831B2BF	rom	sChlorophyllDescription
0x0831B2D9	rom	sIlluminateDescription
0x0831B2F3	rom	sTraceDescription
0x0831B30B	rom	sHugePowerDescription
0x0831B31A	rom	sPoisonPointDescription
0x0831B332	rom	sInnerFocusDescription
0x0831B346	rom	sMagmaArmorDescription
0x0831B359	rom	sWaterVeilDescription
0x0831B369	rom	sMagnetPullDescription
0x0831B383	rom	sSoundproofDescription
0x0831B39D	rom	sRainDishDescription
0x0831B3B9	rom	sSandStreamDescription
0x0831B3CE	rom	sPressureDescription
0x0831B3E5	rom	sThickFatDescription
0x0831B3FF	rom	sEarlyBirdDescription
0x0831B41B	rom	sFlameBodyDescription
0x0831B435	rom	sRunAwayDescription
0x0831B44C	rom	sKeenEyeDescription
0x0831B467	rom	sHyperCutterDescription
0x0831B482	rom	sPickupDescription
0x0831B495	rom	sTruantDescription
0x0831B4B1	rom	sHustleDescription
0x0831B4CC	rom	sCuteCharmDescription
0x0831B4E3	rom	sPlusDescription
0x0831B4F9	rom	sMinusDescription
0x0831B50E	rom	sForecastDescription
0x0831B528	rom	sStickyHoldDescription
0x0831B53D	rom	sShedSkinDescription
0x0831B559	rom	sGutsDescription
0x0831B572	rom	sMarvelScaleDescription
0x0831B58C	rom	sLiquidOozeDescription
0x0831B5A4	rom	sOvergrowDescription
0x0831B5C0	rom	sBlazeDescription
0x0831B5DB	rom	sTorrentDescription
0x0831B5F7	rom	sSwarmDescription
0x0831B611	rom	sRockHeadDescription
0x0831B629	rom	sDroughtDescription
0x0831B645	rom	sArenaTrapDescription
0x0831B657	rom	sVitalSpiritDescription
0x0831B667	rom	sWhiteSmokeDescription
0x0831B683	rom	sPurePowerDescription
0x0831B692	rom	sShellArmorDescription
0x0831B6A8	rom	sCacophonyDescription
0x0831B6C2	rom	sAirLockDescription
0x0831B6DB	rom	gAbilityNames
0x0831BAD4	rom	gAbilityDescriptionPointers
0x0831BC0C	rom	sTurnActionsFuncsTable
0x0831BC44	rom	sEndTurnFuncsTable
0x0831BC70	rom	gStatusConditionString_PoisonJpn
0x0831BC78	rom	gStatusConditionString_SleepJpn
0x0831BC80	rom	gStatusConditionString_ParalysisJpn
0x0831BC88	rom	gStatusConditionString_BurnJpn
0x0831BC90	rom	gStatusConditionString_IceJpn
0x0831BC98	rom	gStatusConditionString_ConfusionJpn
0x0831BCA0	rom	gStatusConditionString_LoveJpn
0x0831BCA8	rom	gStatusConditionStringsTable
0x0831BCE0	rom	sPkblToEscapeFactor
0x0831BCEF	rom	sGoNearCounterToCatchFactor
0x0831BCF3	rom	sGoNearCounterToEscapeFactor
0x0831BCF8	rom	sSoundMovesTable
0x0831BD10	rom	gBattleScriptingCommandsTable
0x0831C0F4	rom	sAccuracyStageRatios
0x0831C128	rom	sCriticalHitChance
0x0831C134	rom	sStatusFlagsForMoveEffects
0x0831C224	rom	sMoveEffectBS_Ptrs
0x0831C2C0	rom	sUnusedWinTemplate
0x0831C2C8	rom	sLevelUpBanner_Pal
0x0831C2E8	rom	sLevelUpBanner_Gfx
0x0831C3B0	rom	sRubyLevelUpStatBoxStats
0x0831C3B8	rom	sOamData_MonIconOnLvlUpBanner
0x0831C3C0	rom	sSpriteTemplate_MonIconOnLvlUpBanner
0x0831C3D8	rom	sProtectSuccessRates
0x0831C3E0	rom	sMovesForbiddenToCopy
0x0831C408	rom	sFlailHpScaleToPowerTable
0x0831C414	rom	sNaturePowerMoves
0x0831C428	rom	sWeightToDamageTable
0x0831C440	rom	sPickupItems
0x0831C464	rom	sRarePickupItems
0x0831C47A	rom	sPickupProbabilities
0x0831C483	rom	sEnvironmentToType
0x0831C48D	rom	sBallCatchBonuses
0x0831C494	rom	gBattlePalaceNatureToMoveGroupLikelihood
0x0831C4F8	rom	sBattlePalaceNatureToFlavorTextId
0x0831C514	rom	sPlayerBufferCommands
0x0831C5F8	rom	sTargetIdentities
0x0831C5FC	rom	sUnused
0x0831C604	rom	gBattlePalaceNatureToMoveTarget
0x0831C620	rom	sSmokescreenImpactSpriteSheet
0x0831C628	rom	sSmokescreenImpactSpritePalette
0x0831C630	rom	sOamData_SmokescreenImpact
0x0831C638	rom	sAnim_SmokescreenImpact_0
0x0831C648	rom	sAnim_SmokescreenImpact_1
0x0831C658	rom	sAnim_SmokescreenImpact_2
0x0831C668	rom	sAnim_SmokescreenImpact_3
0x0831C678	rom	sAnims_SmokescreenImpact
0x0831C688	rom	sSmokescreenImpactSpriteTemplate
0x0831C6A0	rom	gSpriteSheet_EnemyShadow
0x0831C6A8	rom	sOamData_EnemyShadow
0x0831C6B0	rom	gSpriteTemplate_EnemyShadow
0x0831C6C8	rom	sOpponentBufferCommands
0x0831C7AC	rom	sUnused
0x0831C7B4	rom	sLinkOpponentBufferCommands
0x0831C898	rom	gBattleMoves
0x0831D93C	rom	sCombinedMoves
0x0831D94C	rom	sSpeciesToHoennPokedexNum
0x0831DC82	rom	sSpeciesToNationalPokedexNum
0x0831DFB8	rom	sHoennToNationalOrder
0x0831E2F0	rom	gSpindaSpotGraphics
0x0831E380	rom	gItemEffect_Potion
0x0831E387	rom	gItemEffect_Antidote
0x0831E38D	rom	gItemEffect_BurnHeal
0x0831E393	rom	gItemEffect_IceHeal
0x0831E399	rom	gItemEffect_Awakening
0x0831E39F	rom	gItemEffect_ParalyzeHeal
0x0831E3A5	rom	gItemEffect_FullRestore
0x0831E3AC	rom	gItemEffect_MaxPotion
0x0831E3B3	rom	gItemEffect_HyperPotion
0x0831E3BA	rom	gItemEffect_SuperPotion
0x0831E3C1	rom	gItemEffect_FullHeal
0x0831E3C7	rom	gItemEffect_Revive
0x0831E3CE	rom	gItemEffect_MaxRevive
0x0831E3D5	rom	gItemEffect_FreshWater
0x0831E3DC	rom	gItemEffect_SodaPop
0x0831E3E3	rom	gItemEffect_Lemonade
0x0831E3EA	rom	gItemEffect_MoomooMilk
0x0831E3F1	rom	gItemEffect_EnergyPowder
0x0831E3FB	rom	gItemEffect_EnergyRoot
0x0831E405	rom	gItemEffect_HealPowder
0x0831E40E	rom	gItemEffect_RevivalHerb
0x0831E418	rom	gItemEffect_Ether
0x0831E41F	rom	gItemEffect_MaxEther
0x0831E426	rom	gItemEffect_Elixir
0x0831E42D	rom	gItemEffect_MaxElixir
0x0831E434	rom	gItemEffect_LavaCookie
0x0831E43A	rom	gItemEffect_BlueFlute
0x0831E440	rom	gItemEffect_YellowFlute
0x0831E446	rom	gItemEffect_RedFlute
0x0831E44C	rom	gItemEffect_BerryJuice
0x0831E453	rom	gItemEffect_SacredAsh
0x0831E45A	rom	gItemEffect_HPUp
0x0831E464	rom	gItemEffect_Protein
0x0831E46E	rom	gItemEffect_Iron
0x0831E478	rom	gItemEffect_Carbos
0x0831E482	rom	gItemEffect_Calcium
0x0831E48C	rom	gItemEffect_RareCandy
0x0831E496	rom	gItemEffect_PPUp
0x0831E49F	rom	gItemEffect_Zinc
0x0831E4A9	rom	gItemEffect_PPMax
0x0831E4B2	rom	gItemEffect_GuardSpec
0x0831E4BA	rom	gItemEffect_DireHit
0x0831E4C2	rom	gItemEffect_XAttack
0x0831E4CA	rom	gItemEffect_XDefend
0x0831E4D2	rom	gItemEffect_XSpeed
0x0831E4DA	rom	gItemEffect_XAccuracy
0x0831E4E2	rom	gItemEffect_XSpecial
0x0831E4EA	rom	gItemEffect_SunStone
0x0831E4F0	rom	gItemEffect_MoonStone
0x0831E4F6	rom	gItemEffect_FireStone
0x0831E4FC	rom	gItemEffect_ThunderStone
0x0831E502	rom	gItemEffect_WaterStone
0x0831E508	rom	gItemEffect_LeafStone
0x0831E50E	rom	gItemEffect_CheriBerry
0x0831E514	rom	gItemEffect_ChestoBerry
0x0831E51A	rom	gItemEffect_PechaBerry
0x0831E520	rom	gItemEffect_RawstBerry
0x0831E526	rom	gItemEffect_AspearBerry
0x0831E52C	rom	gItemEffect_LeppaBerry
0x0831E533	rom	gItemEffect_OranBerry
0x0831E53A	rom	gItemEffect_PersimBerry
0x0831E540	rom	gItemEffect_LumBerry
0x0831E546	rom	gItemEffect_SitrusBerry
0x0831E54D	rom	gItemEffect_PomegBerry
0x0831E557	rom	gItemEffect_KelpsyBerry
0x0831E561	rom	gItemEffect_QualotBerry
0x0831E56B	rom	gItemEffect_HondewBerry
0x0831E575	rom	gItemEffect_GrepaBerry
0x0831E57F	rom	gItemEffect_TamatoBerry
0x0831E58C	rom	gItemEffectTable
0x0831E818	rom	gNatureStatTable
0x0831E898	rom	gTMHMLearnsets
0x0831F578	rom	gFacilityClassToPicIndex
0x0831F5CA	rom	gFacilityClassToTrainerClass
0x0831F61C	rom	gSpeciesIdToCryId
0x0831F72C	rom	gExperienceTables
0x083203CC	rom	gSpeciesInfo
0x083230DC	rom	sBulbasaurLevelUpLearnset
0x083230F4	rom	sIvysaurLevelUpLearnset
0x08323110	rom	sVenusaurLevelUpLearnset
0x0832312E	rom	sCharmanderLevelUpLearnset
0x08323144	rom	sCharmeleonLevelUpLearnset
0x0832315C	rom	sCharizardLevelUpLearnset
0x08323178	rom	sSquirtleLevelUpLearnset
0x08323190	rom	sWartortleLevelUpLearnset
0x083231AC	rom	sBlastoiseLevelUpLearnset
0x083231CA	rom	sCaterpieLevelUpLearnset
0x083231D0	rom	sMetapodLevelUpLearnset
0x083231D6	rom	sButterfreeLevelUpLearnset
0x083231EE	rom	sWeedleLevelUpLearnset
0x083231F4	rom	sKakunaLevelUpLearnset
0x083231FA	rom	sBeedrillLevelUpLearnset
0x0832320E	rom	sPidgeyLevelUpLearnset
0x08323222	rom	sPidgeottoLevelUpLearnset
0x0832323A	rom	sPidgeotLevelUpLearnset
0x08323254	rom	sRattataLevelUpLearnset
0x08323266	rom	sRaticateLevelUpLearnset
0x0832327A	rom	sSpearowLevelUpLearnset
0x0832328E	rom	sFearowLevelUpLearnset
0x083232A4	rom	sEkansLevelUpLearnset
0x083232BC	rom	sArbokLevelUpLearnset
0x083232D8	rom	sPikachuLevelUpLearnset
0x083232F0	rom	sRaichuLevelUpLearnset
0x083232FA	rom	sSandshrewLevelUpLearnset
0x0832330E	rom	sSandslashLevelUpLearnset
0x08323326	rom	sNidoranFLevelUpLearnset
0x0832333C	rom	sNidorinaLevelUpLearnset
0x08323352	rom	sNidoqueenLevelUpLearnset
0x0832335E	rom	sNidoranMLevelUpLearnset
0x08323374	rom	sNidorinoLevelUpLearnset
0x0832338A	rom	sNidokingLevelUpLearnset
0x08323396	rom	sClefairyLevelUpLearnset
0x083233B2	rom	sClefableLevelUpLearnset
0x083233BC	rom	sVulpixLevelUpLearnset
0x083233D4	rom	sNinetalesLevelUpLearnset
0x083233E0	rom	sJigglypuffLevelUpLearnset
0x083233F8	rom	sWigglytuffLevelUpLearnset
0x08323402	rom	sZubatLevelUpLearnset
0x08323418	rom	sGolbatLevelUpLearnset
0x08323434	rom	sOddishLevelUpLearnset
0x08323446	rom	sGloomLevelUpLearnset
0x0832345C	rom	sVileplumeLevelUpLearnset
0x08323468	rom	sParasLevelUpLearnset
0x0832347C	rom	sParasectLevelUpLearnset
0x08323494	rom	sVenonatLevelUpLearnset
0x083234AC	rom	sVenomothLevelUpLearnset
0x083234CA	rom	sDiglettLevelUpLearnset
0x083234DE	rom	sDugtrioLevelUpLearnset
0x083234F8	rom	sMeowthLevelUpLearnset
0x0832350C	rom	sPersianLevelUpLearnset
0x08323522	rom	sPsyduckLevelUpLearnset
0x08323536	rom	sGolduckLevelUpLearnset
0x0832354E	rom	sMankeyLevelUpLearnset
0x08323564	rom	sPrimeapeLevelUpLearnset
0x08323580	rom	sGrowlitheLevelUpLearnset
0x08323596	rom	sArcanineLevelUpLearnset
0x083235A2	rom	sPoliwagLevelUpLearnset
0x083235B4	rom	sPoliwhirlLevelUpLearnset
0x083235CA	rom	sPoliwrathLevelUpLearnset
0x083235D8	rom	sAbraLevelUpLearnset
0x083235DC	rom	sKadabraLevelUpLearnset
0x083235F6	rom	sAlakazamLevelUpLearnset
0x08323610	rom	sMachopLevelUpLearnset
0x0832362A	rom	sMachokeLevelUpLearnset
0x08323646	rom	sMachampLevelUpLearnset
0x08323662	rom	sBellsproutLevelUpLearnset
0x08323678	rom	sWeepinbellLevelUpLearnset
0x08323692	rom	sVictreebelLevelUpLearnset
0x0832369C	rom	sTentacoolLevelUpLearnset
0x083236B0	rom	sTentacruelLevelUpLearnset
0x083236C8	rom	sGeodudeLevelUpLearnset
0x083236E0	rom	sGravelerLevelUpLearnset
0x083236FC	rom	sGolemLevelUpLearnset
0x08323718	rom	sPonytaLevelUpLearnset
0x0832372E	rom	sRapidashLevelUpLearnset
0x0832374C	rom	sSlowpokeLevelUpLearnset
0x08323762	rom	sSlowbroLevelUpLearnset
0x0832377C	rom	sMagnemiteLevelUpLearnset
0x08323794	rom	sMagnetonLevelUpLearnset
0x083237B0	rom	sFarfetchdLevelUpLearnset
0x083237C6	rom	sDoduoLevelUpLearnset
0x083237DA	rom	sDodrioLevelUpLearnset
0x083237F2	rom	sSeelLevelUpLearnset
0x08323804	rom	sDewgongLevelUpLearnset
0x0832381E	rom	sGrimerLevelUpLearnset
0x08323834	rom	sMukLevelUpLearnset
0x0832384C	rom	sShellderLevelUpLearnset
0x0832385E	rom	sCloysterLevelUpLearnset
0x0832386C	rom	sGastlyLevelUpLearnset
0x08323880	rom	sHaunterLevelUpLearnset
0x08323898	rom	sGengarLevelUpLearnset
0x083238B0	rom	sOnixLevelUpLearnset
0x083238C8	rom	sDrowzeeLevelUpLearnset
0x083238DE	rom	sHypnoLevelUpLearnset
0x083238F8	rom	sKrabbyLevelUpLearnset
0x0832390C	rom	sKinglerLevelUpLearnset
0x08323924	rom	sVoltorbLevelUpLearnset
0x0832393C	rom	sElectrodeLevelUpLearnset
0x08323958	rom	sExeggcuteLevelUpLearnset
0x0832396E	rom	sExeggutorLevelUpLearnset
0x0832397A	rom	sCuboneLevelUpLearnset
0x08323994	rom	sMarowakLevelUpLearnset
0x083239B4	rom	sHitmonleeLevelUpLearnset
0x083239D0	rom	sHitmonchanLevelUpLearnset
0x083239EA	rom	sLickitungLevelUpLearnset
0x08323A00	rom	sKoffingLevelUpLearnset
0x08323A16	rom	sWeezingLevelUpLearnset
0x08323A30	rom	sRhyhornLevelUpLearnset
0x08323A46	rom	sRhydonLevelUpLearnset
0x08323A60	rom	sChanseyLevelUpLearnset
0x08323A7A	rom	sTangelaLevelUpLearnset
0x08323A94	rom	sKangaskhanLevelUpLearnset
0x08323AAA	rom	sHorseaLevelUpLearnset
0x08323ABC	rom	sSeadraLevelUpLearnset
0x08323AD4	rom	sGoldeenLevelUpLearnset
0x08323AEA	rom	sSeakingLevelUpLearnset
0x08323B02	rom	sStaryuLevelUpLearnset
0x08323B1C	rom	sStarmieLevelUpLearnset
0x08323B28	rom	sMrMimeLevelUpLearnset
0x08323B48	rom	sScytherLevelUpLearnset
0x08323B60	rom	sJynxLevelUpLearnset
0x08323B7C	rom	sElectabuzzLevelUpLearnset
0x08323B90	rom	sMagmarLevelUpLearnset
0x08323BAA	rom	sPinsirLevelUpLearnset
0x08323BC0	rom	sTaurosLevelUpLearnset
0x08323BD4	rom	sMagikarpLevelUpLearnset
0x08323BDC	rom	sGyaradosLevelUpLearnset
0x08323BF0	rom	sLaprasLevelUpLearnset
0x08323C0A	rom	sDittoLevelUpLearnset
0x08323C0E	rom	sEeveeLevelUpLearnset
0x08323C22	rom	sVaporeonLevelUpLearnset
0x08323C3A	rom	sJolteonLevelUpLearnset
0x08323C52	rom	sFlareonLevelUpLearnset
0x08323C6A	rom	sPorygonLevelUpLearnset
0x08323C82	rom	sOmanyteLevelUpLearnset
0x08323C98	rom	sOmastarLevelUpLearnset
0x08323CB2	rom	sKabutoLevelUpLearnset
0x08323CC8	rom	sKabutopsLevelUpLearnset
0x08323CE2	rom	sAerodactylLevelUpLearnset
0x08323CF4	rom	sSnorlaxLevelUpLearnset
0x08323D10	rom	sArticunoLevelUpLearnset
0x08323D24	rom	sZapdosLevelUpLearnset
0x08323D38	rom	sMoltresLevelUpLearnset
0x08323D4C	rom	sDratiniLevelUpLearnset
0x08323D62	rom	sDragonairLevelUpLearnset
0x08323D7C	rom	sDragoniteLevelUpLearnset
0x08323D98	rom	sMewtwoLevelUpLearnset
0x08323DB0	rom	sMewLevelUpLearnset
0x08323DBE	rom	sChikoritaLevelUpLearnset
0x08323DD4	rom	sBayleefLevelUpLearnset
0x08323DEE	rom	sMeganiumLevelUpLearnset
0x08323E08	rom	sCyndaquilLevelUpLearnset
0x08323E1A	rom	sQuilavaLevelUpLearnset
0x08323E2E	rom	sTyphlosionLevelUpLearnset
0x08323E44	rom	sTotodileLevelUpLearnset
0x08323E58	rom	sCroconawLevelUpLearnset
0x08323E6E	rom	sFeraligatrLevelUpLearnset
0x08323E86	rom	sSentretLevelUpLearnset
0x08323E9A	rom	sFurretLevelUpLearnset
0x08323EB2	rom	sHoothootLevelUpLearnset
0x08323EC6	rom	sNoctowlLevelUpLearnset
0x08323EDE	rom	sLedybaLevelUpLearnset
0x08323EF4	rom	sLedianLevelUpLearnset
0x08323F0C	rom	sSpinarakLevelUpLearnset
0x08323F22	rom	sAriadosLevelUpLearnset
0x08323F3C	rom	sCrobatLevelUpLearnset
0x08323F58	rom	sChinchouLevelUpLearnset
0x08323F6E	rom	sLanturnLevelUpLearnset
0x08323F86	rom	sPichuLevelUpLearnset
0x08323F92	rom	sCleffaLevelUpLearnset
0x08323F9E	rom	sIgglybuffLevelUpLearnset
0x08323FAA	rom	sTogepiLevelUpLearnset
0x08323FC0	rom	sTogeticLevelUpLearnset
0x08323FD6	rom	sNatuLevelUpLearnset
0x08323FE8	rom	sXatuLevelUpLearnset
0x08323FFA	rom	sMareepLevelUpLearnset
0x0832400A	rom	sFlaaffyLevelUpLearnset
0x0832401C	rom	sAmpharosLevelUpLearnset
0x08324032	rom	sBellossomLevelUpLearnset
0x08324040	rom	sMarillLevelUpLearnset
0x08324054	rom	sAzumarillLevelUpLearnset
0x0832406E	rom	sSudowoodoLevelUpLearnset
0x08324082	rom	sPolitoedLevelUpLearnset
0x08324090	rom	sHoppipLevelUpLearnset
0x083240A6	rom	sSkiploomLevelUpLearnset
0x083240C2	rom	sJumpluffLevelUpLearnset
0x083240DE	rom	sAipomLevelUpLearnset
0x083240F4	rom	sSunkernLevelUpLearnset
0x08324106	rom	sSunfloraLevelUpLearnset
0x0832411A	rom	sYanmaLevelUpLearnset
0x08324130	rom	sWooperLevelUpLearnset
0x08324146	rom	sQuagsireLevelUpLearnset
0x0832415C	rom	sEspeonLevelUpLearnset
0x08324174	rom	sUmbreonLevelUpLearnset
0x0832418C	rom	sMurkrowLevelUpLearnset
0x0832419E	rom	sSlowkingLevelUpLearnset
0x083241B4	rom	sMisdreavusLevelUpLearnset
0x083241CA	rom	sUnownLevelUpLearnset
0x083241CE	rom	sWobbuffetLevelUpLearnset
0x083241D8	rom	sGirafarigLevelUpLearnset
0x083241EE	rom	sPinecoLevelUpLearnset
0x08324202	rom	sForretressLevelUpLearnset
0x08324218	rom	sDunsparceLevelUpLearnset
0x0832422C	rom	sGligarLevelUpLearnset
0x0832423E	rom	sSteelixLevelUpLearnset
0x08324256	rom	sSnubbullLevelUpLearnset
0x0832426C	rom	sGranbullLevelUpLearnset
0x08324282	rom	sQwilfishLevelUpLearnset
0x08324296	rom	sScizorLevelUpLearnset
0x083242AE	rom	sShuckleLevelUpLearnset
0x083242BE	rom	sHeracrossLevelUpLearnset
0x083242D4	rom	sSneaselLevelUpLearnset
0x083242EE	rom	sTeddiursaLevelUpLearnset
0x08324304	rom	sUrsaringLevelUpLearnset
0x0832431E	rom	sSlugmaLevelUpLearnset
0x08324332	rom	sMagcargoLevelUpLearnset
0x0832434A	rom	sSwinubLevelUpLearnset
0x0832435C	rom	sPiloswineLevelUpLearnset
0x08324374	rom	sCorsolaLevelUpLearnset
0x0832438A	rom	sRemoraidLevelUpLearnset
0x0832439C	rom	sOctilleryLevelUpLearnset
0x083243B0	rom	sDelibirdLevelUpLearnset
0x083243B4	rom	sMantineLevelUpLearnset
0x083243C8	rom	sSkarmoryLevelUpLearnset
0x083243DE	rom	sHoundourLevelUpLearnset
0x083243F4	rom	sHoundoomLevelUpLearnset
0x0832440C	rom	sKingdraLevelUpLearnset
0x08324424	rom	sPhanpyLevelUpLearnset
0x08324438	rom	sDonphanLevelUpLearnset
0x0832444C	rom	sPorygon2LevelUpLearnset
0x08324464	rom	sStantlerLevelUpLearnset
0x08324478	rom	sSmeargleLevelUpLearnset
0x0832448E	rom	sTyrogueLevelUpLearnset
0x08324492	rom	sHitmontopLevelUpLearnset
0x083244AA	rom	sSmoochumLevelUpLearnset
0x083244C2	rom	sElekidLevelUpLearnset
0x083244D4	rom	sMagbyLevelUpLearnset
0x083244E8	rom	sMiltankLevelUpLearnset
0x083244FC	rom	sBlisseyLevelUpLearnset
0x08324516	rom	sRaikouLevelUpLearnset
0x0832452C	rom	sEnteiLevelUpLearnset
0x08324542	rom	sSuicuneLevelUpLearnset
0x08324558	rom	sLarvitarLevelUpLearnset
0x0832456E	rom	sPupitarLevelUpLearnset
0x08324588	rom	sTyranitarLevelUpLearnset
0x083245A2	rom	sLugiaLevelUpLearnset
0x083245B8	rom	sHoOhLevelUpLearnset
0x083245CE	rom	sCelebiLevelUpLearnset
0x083245E2	rom	sSpecies252LevelUpLearnset
0x083245E6	rom	sSpecies253LevelUpLearnset
0x083245EA	rom	sSpecies254LevelUpLearnset
0x083245EE	rom	sSpecies255LevelUpLearnset
0x083245F2	rom	sSpecies256LevelUpLearnset
0x083245F6	rom	sSpecies257LevelUpLearnset
0x083245FA	rom	sSpecies258LevelUpLearnset
0x083245FE	rom	sSpecies259LevelUpLearnset
0x08324602	rom	sSpecies260LevelUpLearnset
0x08324606	rom	sSpecies261LevelUpLearnset
0x0832460A	rom	sSpecies262LevelUpLearnset
0x0832460E	rom	sSpecies263LevelUpLearnset
0x08324612	rom	sSpecies264LevelUpLearnset
0x08324616	rom	sSpecies265LevelUpLearnset
0x0832461A	rom	sSpecies266LevelUpLearnset
0x0832461E	rom	sSpecies267LevelUpLearnset
0x08324622	rom	sSpecies268LevelUpLearnset
0x08324626	rom	sSpecies269LevelUpLearnset
0x0832462A	rom	sSpecies270LevelUpLearnset
0x0832462E	rom	sSpecies271LevelUpLearnset
0x08324632	rom	sSpecies272LevelUpLearnset
0x08324636	rom	sSpecies273LevelUpLearnset
0x0832463A	rom	sSpecies274LevelUpLearnset
0x0832463E	rom	sSpecies275LevelUpLearnset
0x08324642	rom	sSpecies276LevelUpLearnset
0x08324646	rom	sTreeckoLevelUpLearnset
0x0832465E	rom	sGrovyleLevelUpLearnset
0x0832467C	rom	sSceptileLevelUpLearnset
0x0832469A	rom	sTorchicLevelUpLearnset
0x083246B2	rom	sCombuskenLevelUpLearnset
0x083246D0	rom	sBlazikenLevelUpLearnset
0x083246F2	rom	sMudkipLevelUpLearnset
0x0832470C	rom	sMarshtompLevelUpLearnset
0x0832472C	rom	sSwampertLevelUpLearnset
0x0832474C	rom	sPoochyenaLevelUpLearnset
0x08324766	rom	sMightyenaLevelUpLearnset
0x08324786	rom	sZigzagoonLevelUpLearnset
0x083247A0	rom	sLinooneLevelUpLearnset
0x083247BE	rom	sWurmpleLevelUpLearnset
0x083247C6	rom	sSilcoonLevelUpLearnset
0x083247CC	rom	sBeautiflyLevelUpLearnset
0x083247E2	rom	sCascoonLevelUpLearnset
0x083247E8	rom	sDustoxLevelUpLearnset
0x083247FE	rom	sLotadLevelUpLearnset
0x0832480E	rom	sLombreLevelUpLearnset
0x08324824	rom	sLudicoloLevelUpLearnset
0x0832482E	rom	sSeedotLevelUpLearnset
0x0832483E	rom	sNuzleafLevelUpLearnset
0x08324854	rom	sShiftryLevelUpLearnset
0x0832485E	rom	sNincadaLevelUpLearnset
0x08324874	rom	sNinjaskLevelUpLearnset
0x08324894	rom	sShedinjaLevelUpLearnset
0x083248AA	rom	sTaillowLevelUpLearnset
0x083248BE	rom	sSwellowLevelUpLearnset
0x083248D6	rom	sShroomishLevelUpLearnset
0x083248EC	rom	sBreloomLevelUpLearnset
0x0832490A	rom	sSpindaLevelUpLearnset
0x08324922	rom	sWingullLevelUpLearnset
0x08324934	rom	sPelipperLevelUpLearnset
0x08324950	rom	sSurskitLevelUpLearnset
0x08324962	rom	sMasquerainLevelUpLearnset
0x0832497C	rom	sWailmerLevelUpLearnset
0x08324996	rom	sWailordLevelUpLearnset
0x083249B6	rom	sSkittyLevelUpLearnset
0x083249D0	rom	sDelcattyLevelUpLearnset
0x083249DA	rom	sKecleonLevelUpLearnset
0x083249F6	rom	sBaltoyLevelUpLearnset
0x08324A0E	rom	sClaydolLevelUpLearnset
0x08324A2E	rom	sNosepassLevelUpLearnset
0x08324A44	rom	sTorkoalLevelUpLearnset
0x08324A5E	rom	sSableyeLevelUpLearnset
0x08324A7A	rom	sBarboachLevelUpLearnset
0x08324A92	rom	sWhiscashLevelUpLearnset
0x08324AB0	rom	sLuvdiscLevelUpLearnset
0x08324AC4	rom	sCorphishLevelUpLearnset
0x08324ADC	rom	sCrawdauntLevelUpLearnset
0x08324AFA	rom	sFeebasLevelUpLearnset
0x08324B02	rom	sMiloticLevelUpLearnset
0x08324B1A	rom	sCarvanhaLevelUpLearnset
0x08324B30	rom	sSharpedoLevelUpLearnset
0x08324B4E	rom	sTrapinchLevelUpLearnset
0x08324B60	rom	sVibravaLevelUpLearnset
0x08324B7A	rom	sFlygonLevelUpLearnset
0x08324B94	rom	sMakuhitaLevelUpLearnset
0x08324BB0	rom	sHariyamaLevelUpLearnset
0x08324BD0	rom	sElectrikeLevelUpLearnset
0x08324BE8	rom	sManectricLevelUpLearnset
0x08324C06	rom	sNumelLevelUpLearnset
0x08324C1C	rom	sCameruptLevelUpLearnset
0x08324C38	rom	sSphealLevelUpLearnset
0x08324C52	rom	sSealeoLevelUpLearnset
0x08324C6E	rom	sWalreinLevelUpLearnset
0x08324C8A	rom	sCacneaLevelUpLearnset
0x08324CA6	rom	sCacturneLevelUpLearnset
0x08324CC6	rom	sSnoruntLevelUpLearnset
0x08324CDE	rom	sGlalieLevelUpLearnset
0x08324CFC	rom	sLunatoneLevelUpLearnset
0x08324D12	rom	sSolrockLevelUpLearnset
0x08324D28	rom	sAzurillLevelUpLearnset
0x08324D36	rom	sSpoinkLevelUpLearnset
0x08324D4E	rom	sGrumpigLevelUpLearnset
0x08324D6C	rom	sPlusleLevelUpLearnset
0x08324D84	rom	sMinunLevelUpLearnset
0x08324D9C	rom	sMawileLevelUpLearnset
0x08324DB6	rom	sMedititeLevelUpLearnset
0x08324DCE	rom	sMedichamLevelUpLearnset
0x08324DF2	rom	sSwabluLevelUpLearnset
0x08324E0A	rom	sAltariaLevelUpLearnset
0x08324E2A	rom	sWynautLevelUpLearnset
0x08324E3A	rom	sDuskullLevelUpLearnset
0x08324E52	rom	sDusclopsLevelUpLearnset
0x08324E70	rom	sRoseliaLevelUpLearnset
0x08324E90	rom	sSlakothLevelUpLearnset
0x08324EA4	rom	sVigorothLevelUpLearnset
0x08324EBE	rom	sSlakingLevelUpLearnset
0x08324ED8	rom	sGulpinLevelUpLearnset
0x08324EF0	rom	sSwalotLevelUpLearnset
0x08324F10	rom	sTropiusLevelUpLearnset
0x08324F28	rom	sWhismurLevelUpLearnset
0x08324F40	rom	sLoudredLevelUpLearnset
0x08324F5E	rom	sExploudLevelUpLearnset
0x08324F7E	rom	sClamperlLevelUpLearnset
0x08324F88	rom	sHuntailLevelUpLearnset
0x08324F9A	rom	sGorebyssLevelUpLearnset
0x08324FAC	rom	sAbsolLevelUpLearnset
0x08324FC4	rom	sShuppetLevelUpLearnset
0x08324FDA	rom	sBanetteLevelUpLearnset
0x08324FF6	rom	sSeviperLevelUpLearnset
0x0832500C	rom	sZangooseLevelUpLearnset
0x08325024	rom	sRelicanthLevelUpLearnset
0x0832503C	rom	sAronLevelUpLearnset
0x08325056	rom	sLaironLevelUpLearnset
0x08325076	rom	sAggronLevelUpLearnset
0x08325096	rom	sCastformLevelUpLearnset
0x083250A8	rom	sVolbeatLevelUpLearnset
0x083250BE	rom	sIllumiseLevelUpLearnset
0x083250D4	rom	sLileepLevelUpLearnset
0x083250EA	rom	sCradilyLevelUpLearnset
0x08325106	rom	sAnorithLevelUpLearnset
0x0832511C	rom	sArmaldoLevelUpLearnset
0x08325138	rom	sRaltsLevelUpLearnset
0x0832514E	rom	sKirliaLevelUpLearnset
0x0832516A	rom	sGardevoirLevelUpLearnset
0x08325186	rom	sBagonLevelUpLearnset
0x0832519E	rom	sShelgonLevelUpLearnset
0x083251BE	rom	sSalamenceLevelUpLearnset
0x083251E0	rom	sBeldumLevelUpLearnset
0x083251E4	rom	sMetangLevelUpLearnset
0x083251FA	rom	sMetagrossLevelUpLearnset
0x08325216	rom	sRegirockLevelUpLearnset
0x0832522A	rom	sRegiceLevelUpLearnset
0x0832523E	rom	sRegisteelLevelUpLearnset
0x08325254	rom	sKyogreLevelUpLearnset
0x0832526C	rom	sGroudonLevelUpLearnset
0x08325284	rom	sRayquazaLevelUpLearnset
0x0832529C	rom	sLatiasLevelUpLearnset
0x083252B4	rom	sLatiosLevelUpLearnset
0x083252CC	rom	sJirachiLevelUpLearnset
0x083252E6	rom	sDeoxysLevelUpLearnset
0x08325300	rom	sChimechoLevelUpLearnset
0x0832531C	rom	gEvolutionTable
0x0832937C	rom	gLevelUpLearnsets
0x083299EC	rom	sMonFrontAnimIdsTable
0x08329B87	rom	sMonAnimationDelayTable
0x08329D22	rom	gPPUpGetMask
0x08329D26	rom	gPPUpClearMask
0x08329D2A	rom	gPPUpAddValues
0x08329D2E	rom	gStatStageRatios
0x08329D48	rom	sDeoxysBaseStats
0x08329D54	rom	gUnionRoomFacilityClasses
0x08329D74	rom	sHoldEffectToType
0x08329D98	rom	gBattlerSpriteTemplates
0x08329DF8	rom	sTrainerBackSpriteTemplates
0x08329EB8	rom	sSecretBaseFacilityClasses
0x08329EC2	rom	sGetMonDataEVConstants
0x08329EC8	rom	sStatsToRaise
0x08329ECE	rom	sFriendshipEventModifiers
0x08329EEA	rom	sHMMoves
0x08329EFC	rom	sAlteringCaveWildMonHeldItems
0x08329F20	rom	sOamData_64x64
0x08329F28	rom	sSpriteTemplate_64x64
0x08329F40	rom	gSineTable
0x0832A1C0	rom	gSineDegreeTable
0x0832A328	rom	gBitTable
0x0832A3A8	rom	sInvisibleSpriteTemplate
0x0832A3C0	rom	sSpriteDimensions
0x0832A3D8	rom	sCrc16Table
0x0832A5D8	rom	gMiscBlank_Gfx
0x0832ADD8	rom	gEggMoves
0x0832B6C0	rom	sDaycareLevelMenuWindowTemplate
0x0832B6C8	rom	sLevelMenuItems
0x0832B6E0	rom	sDaycareListMenuLevelTemplate
0x0832B6F8	rom	sCompatibilityMessages
0x0832B708	rom	sJapaneseEggNickname
0x0832B70C	rom	sEggPalette
0x0832B72C	rom	sEggHatchTiles
0x0832BF2C	rom	sEggShardTiles
0x0832BFAC	rom	sOamData_Egg
0x0832BFB4	rom	sSpriteAnim_Egg_Normal
0x0832BFBC	rom	sSpriteAnim_Egg_Cracked1
0x0832BFC4	rom	sSpriteAnim_Egg_Cracked2
0x0832BFCC	rom	sSpriteAnim_Egg_Cracked3
0x0832BFD4	rom	sSpriteAnimTable_Egg
0x0832BFE4	rom	sEggHatch_Sheet
0x0832BFEC	rom	sEggShards_Sheet
0x0832BFF4	rom	sEgg_SpritePalette
0x0832BFFC	rom	sSpriteTemplate_Egg
0x0832C014	rom	sOamData_EggShard
0x0832C01C	rom	sSpriteAnim_EggShard0
0x0832C024	rom	sSpriteAnim_EggShard1
0x0832C02C	rom	sSpriteAnim_EggShard2
0x0832C034	rom	sSpriteAnim_EggShard3
0x0832C03C	rom	sSpriteAnimTable_EggShard
0x0832C04C	rom	sSpriteTemplate_EggShard
0x0832C064	rom	sBgTemplates_EggHatch
0x0832C06C	rom	sWinTemplates_EggHatch
0x0832C07C	rom	sYesNoWinTemplate
0x0832C084	rom	sEggShardVelocities
0x0832C0D0	rom	sSpriteSheet_SinglesPlayerHealthbox
0x0832C0D8	rom	sSpriteSheet_SinglesOpponentHealthbox
0x0832C0E0	rom	sSpriteSheets_DoublesPlayerHealthbox
0x0832C0F0	rom	sSpriteSheets_DoublesOpponentHealthbox
0x0832C100	rom	sSpriteSheet_SafariHealthbox
0x0832C108	rom	sSpriteSheets_HealthBar
0x0832C128	rom	sSpritePalettes_HealthBoxHealthBar
0x0832C138	rom	sOamData_64x32
0x0832C140	rom	sHealthboxPlayerSpriteTemplates
0x0832C170	rom	sHealthboxOpponentSpriteTemplates
0x0832C1A0	rom	sHealthboxSafariSpriteTemplate
0x0832C1B8	rom	sOamData_Healthbar
0x0832C1C0	rom	sHealthbarSpriteTemplates
0x0832C220	rom	sUnused_Subsprites_0
0x0832C234	rom	sUnused_Subsprites_2
0x0832C248	rom	sUnused_Subsprites_1
0x0832C250	rom	sUnused_Subsprites_3
0x0832C258	rom	sHealthBar_Subsprites_Player
0x0832C260	rom	sHealthBar_Subsprites_Opponent
0x0832C26C	rom	sUnused_SubspriteTable
0x0832C28C	rom	sHealthBar_SubspriteTables
0x0832C29C	rom	sStatusSummaryBar_Subsprites_Enter
0x0832C2AC	rom	sStatusSummaryBar_Subsprites_Exit
0x0832C2C4	rom	sStatusSummaryBar_SubspriteTable_Enter
0x0832C2CC	rom	sStatusSummaryBar_SubspriteTable_Exit
0x0832C2D4	rom	sUnusedStatusSummary
0x0832C334	rom	sStatusSummaryBarSpriteSheet
0x0832C33C	rom	sStatusSummaryBarSpritePal
0x0832C344	rom	sStatusSummaryBallsSpritePal
0x0832C34C	rom	sStatusSummaryBallsSpriteSheet
0x0832C354	rom	sOamData_Unused64x32
0x0832C35C	rom	sOamData_StatusSummaryBalls
0x0832C364	rom	sStatusSummaryBarSpriteTemplates
0x0832C394	rom	sStatusSummaryBallsSpriteTemplates
0x0832C3C4	rom	sEmptyWhiteText_GrayHighlight
0x0832C3D8	rom	sEmptyWhiteText_TransparentHighlight
0x0832C3EC	rom	sStatusIconColors
0x0832C3F8	rom	sHealthboxWindowTemplate
0x0832C400	rom	gBallSpriteSheets
0x0832C460	rom	gBallSpritePalettes
0x0832C4C0	rom	sBallOamData
0x0832C4C8	rom	sBallAnimSeq3
0x0832C4D0	rom	sBallAnimSeq5
0x0832C4D8	rom	sBallAnimSeq4
0x0832C4E0	rom	sBallAnimSeq6
0x0832C4E8	rom	sBallAnimSeq0
0x0832C4F0	rom	sBallAnimSeq1
0x0832C4FC	rom	sBallAnimSeq2
0x0832C508	rom	sBallAnimSequences
0x0832C524	rom	sAffineAnim_BallRotate_0
0x0832C534	rom	sAffineAnim_BallRotate_Right
0x0832C544	rom	sAffineAnim_BallRotate_Left
0x0832C554	rom	sAffineAnim_BallRotate_3
0x0832C564	rom	sAffineAnim_BallRotate_4
0x0832C574	rom	sAffineAnim_BallRotate
0x0832C588	rom	gBallSpriteTemplates
0x0832C6A8	rom	sUnusedStructSizes
0x0832C6C0	rom	sTradeMovesBoxTilemap
0x0832C8BE	rom	sTradePartyBoxTilemap
0x0832CABC	rom	sTradeStripesBG2Tilemap
0x0832D2BC	rom	sTradeStripesBG3Tilemap
0x0832DABC	rom	sText_EmptyString
0x0832DABD	rom	sText_UnusedTextFormat
0x0832DAC7	rom	gText_MaleSymbol4
0x0832DAC9	rom	gText_FemaleSymbol4
0x0832DACB	rom	gText_GenderlessSymbol
0x0832DACC	rom	sText_SpaceMove
0x0832DAD2	rom	sText_NewLine
0x0832DAD4	rom	sText_Slash
0x0832DAD6	rom	sText_Lv
0x0832DADB	rom	sText_ThreeDashes
0x0832DADF	rom	sText_FourQuestionMarks
0x0832DAE4	rom	sText_UnusedEmpty
0x0832DAE5	rom	sText_IsThisTradeOkay
0x0832DAF9	rom	sText_Cancel
0x0832DB00	rom	sText_ChooseAPkmn
0x0832DB12	rom	sText_Summary
0x0832DB1A	rom	sText_Trade
0x0832DB20	rom	sText_CancelTrade
0x0832DB2E	rom	sJPText_PressBButtonToQuit
0x0832DB3B	rom	sText_Summary2
0x0832DB43	rom	sText_Trade2
0x0832DB49	rom	sText_CommunicationStandby
0x0832DB76	rom	sText_TheTradeHasBeenCanceled
0x0832DB9C	rom	sText_OnlyPkmnForBattle
0x0832DBC1	rom	sText_WaitingForYourFriend
0x0832DBED	rom	sText_YourFriendWantsToTrade
0x0832DC14	rom	sOamData_MenuText
0x0832DC1C	rom	sOamData_Cursor
0x0832DC24	rom	sAnim_Cursor_Normal
0x0832DC2C	rom	sAnim_Cursor_OnCancel
0x0832DC34	rom	sAnims_Cursor
0x0832DC3C	rom	sCursor_SpriteSheet
0x0832DC44	rom	sCursor_SpritePalette
0x0832DC4C	rom	sAnim_MenuText_0
0x0832DC54	rom	sAnim_MenuText_1
0x0832DC5C	rom	sAnim_MenuText_2
0x0832DC64	rom	sAnim_MenuText_3
0x0832DC6C	rom	sAnim_MenuText_4
0x0832DC74	rom	sAnim_MenuText_5
0x0832DC7C	rom	sAnims_MenuText
0x0832DC94	rom	sSpriteTemplate_Cursor
0x0832DCAC	rom	sSpriteTemplate_MenuText
0x0832DCC4	rom	sMenuText_Pal
0x0832DCE4	rom	sSpritePalette_MenuText
0x0832DCEC	rom	sCursorMoveDestinations
0x0832DE24	rom	sTradeMonSpriteCoords
0x0832DE3E	rom	sTradeMonLevelCoords
0x0832DE56	rom	sTradeMonBoxCoords
0x0832DE6E	rom	sUnusedCoords
0x0832DE94	rom	sActionTexts
0x0832DEAC	rom	sSelectTradeMonActions
0x0832DEBC	rom	sMessages
0x0832DEE0	rom	sTradeTextColors
0x0832DEE4	rom	sBgTemplates
0x0832DEF4	rom	sWindowTemplates
0x0832DF8C	rom	sTradeYesNoWindowTemplate
0x0832DF94	rom	sText_ShedinjaJP
0x0832DF99	rom	sSelectedMonLevelGenderCoords
0x0832DFA0	rom	sPokeball_Pal
0x0832DFC0	rom	sPokeball_Gfx
0x0832E5C0	rom	sPokeballSymbol_Gfx
0x0832FFC0	rom	sCableCloseup_Map
0x083307C0	rom	sPokeballSymbol_Map
0x083308C0	rom	sUnusedPal1
0x083308E0	rom	sGba_Pal
0x08330900	rom	sUnusedPal2
0x08330920	rom	sWirelessSignalNone_Pal_Unused
0x08330940	rom	sLinkMon_Pal
0x08330960	rom	sLinkMonGlow_Gfx
0x08330B60	rom	sLinkMonShadow_Gfx
0x08330D60	rom	sCableEnd_Gfx
0x08330F60	rom	sGbaScreen_Gfx
0x08331F60	rom	gTradePlatform_Tilemap
0x08332F60	rom	sGbaAffine_Gfx
0x08335760	rom	sEmptyGfx
0x083357A0	rom	sGbaAffineMapCable
0x083358A0	rom	sGbaAffineMapWireless
0x083359A0	rom	sGbaMapWireless
0x083369A0	rom	sGbaMapCable
0x083379A0	rom	sWirelessCloseup_Map
0x08337AA0	rom	sWirelessSignalSend_Pal
0x08337CA0	rom	sWirelessSignalRecv_Pal
0x08337EA0	rom	sWirelessSignalNone_Pal
0x08337EC0	rom	sWirelessSignal_Gfx
0x08338550	rom	sWirelessSignal_Tilemap
0x08338C44	rom	sOamData_Pokeball
0x08338C4C	rom	sAnim_Pokeball_SpinOnce
0x08338C88	rom	sAnim_Pokeball_SpinTwice
0x08338CC4	rom	sAnims_Pokeball
0x08338CCC	rom	sAffineAnim_Pokeball_Normal
0x08338CDC	rom	sAffineAnim_Pokeball_Squish
0x08338CEC	rom	sAffineAnim_Pokeball_Unsquish
0x08338D0C	rom	sAffineAnims_Pokeball
0x08338D18	rom	sPokeBallSpriteSheet
0x08338D20	rom	sPokeBallSpritePalette
0x08338D28	rom	sSpriteTemplate_Pokeball
0x08338D40	rom	sOamData_LinkMonGlow
0x08338D48	rom	sAnim_LinkMonGlow
0x08338D50	rom	sAnims_LinkMonGlow
0x08338D54	rom	sAffineAnim_LinkMonGlow
0x08338D6C	rom	sAffineAnims_LinkMonGlow
0x08338D70	rom	sSpriteSheet_LinkMonGlow
0x08338D78	rom	sSpritePalette_LinkMon
0x08338D80	rom	sSpritePalette_Gba
0x08338D88	rom	sSpriteTemplate_LinkMonGlow
0x08338DA0	rom	sOamData_LinkMonShadow
0x08338DA8	rom	sAnim_LinkMonShadow_Big
0x08338DB0	rom	sAnim_LinkMonShadow_Small
0x08338DB8	rom	sAnims_LinkMonShadow
0x08338DC0	rom	sSpriteSheet_LinkMonShadow
0x08338DC8	rom	sSpriteTemplate_LinkMonShadow
0x08338DE0	rom	sOamData_CableEnd
0x08338DE8	rom	sAnim_CableEnd
0x08338DF0	rom	sAnims_CableEnd
0x08338DF4	rom	sSpriteSheet_CableEnd
0x08338DFC	rom	sSpriteTemplate_CableEnd
0x08338E14	rom	sOamData_GbaScreen
0x08338E1C	rom	sAnim_GbaScreen_Long
0x08338E40	rom	sAnim_GbaScreen_Short
0x08338E64	rom	sAnims_GbaScreen_Long
0x08338E68	rom	sAnims_GbaScreen_Short
0x08338E6C	rom	sSpriteSheet_GbaScreen
0x08338E74	rom	sSpriteTemplate_GbaScreenFlash_Long
0x08338E8C	rom	sSpriteTemplate_GbaScreenFlash_Short
0x08338EA4	rom	sLinkMonShadow_Pal
0x08338EBC	rom	sAffineAnim_CrossingMonPic
0x08338ECC	rom	sAffineAnims_CrossingMonPics
0x08338ED0	rom	sIngameTrades
0x08338FC0	rom	sIngameTradeMail
0x08338FFC	rom	sTradeSequenceWindowTemplates
0x0833900C	rom	gTradeEvolutionSceneYesNoWindowTemplate
0x08339014	rom	sTradeSequenceBgTemplates
0x08339024	rom	sTradeBallVerticalVelocityTable
0x08339090	rom	sWirelessSignalAnimParams
0x083390D4	rom	sBlenderCenter_Pal
0x083390F4	rom	sBlenderCenter_Tilemap
0x083394F4	rom	sBlenderOuter_Pal
0x08339514	rom	sUnused_Pal
0x08339534	rom	sEmpty_Pal
0x083396F4	rom	sUnusedText_YesNo
0x083396FB	rom	sUnusedText_2
0x083396FD	rom	sUnusedText_Space
0x083396FF	rom	sUnusedText_Terminating
0x0833970C	rom	sUnusedText_LinkPartnerNotFound
0x0833973A	rom	sText_BerryBlenderStart
0x0833979B	rom	sText_NewParagraph
0x0833979D	rom	sText_WasMade
0x083397A8	rom	sText_Mister
0x083397AF	rom	sText_Laddie
0x083397B6	rom	sText_Lassie
0x083397BD	rom	sText_Master
0x083397C4	rom	sText_Dude
0x083397C9	rom	sText_Miss
0x083397D0	rom	sBlenderOpponentsNames
0x083397E8	rom	sText_PressAToStart
0x08339805	rom	sText_PleaseWaitAWhile
0x0833981A	rom	sText_CommunicationStandby
0x08339831	rom	sText_WouldLikeToBlendAnotherBerry
0x08339858	rom	sText_RunOutOfBerriesForBlending
0x08339896	rom	sText_YourPokeblockCaseIsFull
0x083398B0	rom	sText_HasNoBerriesToPut
0x083398DD	rom	sText_ApostropheSPokeblockCaseIsFull
0x083398F5	rom	sText_BlendingResults
0x08339909	rom	sText_BerryUsed
0x08339914	rom	sText_SpaceBerry
0x0833991B	rom	sText_Time
0x08339921	rom	sText_Min
0x08339928	rom	sText_Sec
0x0833992E	rom	sText_MaximumSpeed
0x0833993C	rom	sText_RPM
0x08339941	rom	sText_Dot
0x08339943	rom	sText_NewLine
0x08339945	rom	sText_Space
0x08339947	rom	sText_Ranking
0x0833994F	rom	sText_TheLevelIs
0x0833995D	rom	sText_TheFeelIs
0x08339970	rom	sText_Dot2
0x08339974	rom	sBgTemplates
0x08339980	rom	sWindowTemplates
0x083399B8	rom	sYesNoWindowTemplate_ContinuePlaying
0x083399C0	rom	sPlayerArrowQuadrant
0x083399C8	rom	sPlayerArrowPos
0x083399D0	rom	sPlayerIdMap
0x083399DC	rom	sArrowStartPos
0x083399E4	rom	sArrowStartPosIds
0x083399E7	rom	sArrowHitRangeStart
0x083399EC	rom	sLocalOpponentTasks
0x083399F8	rom	sOam_PlayerArrow
0x08339A00	rom	sAnim_PlayerArrow_TopLeft
0x08339A08	rom	sAnim_PlayerArrow_TopRight
0x08339A10	rom	sAnim_PlayerArrow_BottomLeft
0x08339A18	rom	sAnim_PlayerArrow_BottomRight
0x08339A20	rom	sAnim_PlayerArrow_TopLeft_Flash
0x08339A34	rom	sAnim_PlayerArrow_TopRight_Flash
0x08339A48	rom	sAnim_PlayerArrow_BottomLeft_Flash
0x08339A5C	rom	sAnim_PlayerArrow_BottomRight_Flash
0x08339A70	rom	sAnim_PlayerArrow_TopLeft_Off
0x08339A78	rom	sAnim_PlayerArrow_TopRight_Off
0x08339A80	rom	sAnim_PlayerArrow_BottomLeft_Off
0x08339A88	rom	sAnim_PlayerArrow_BottomRight_Off
0x08339A90	rom	sAnims_PlayerArrow
0x08339AC0	rom	sSpriteSheet_PlayerArrow
0x08339AC8	rom	sSpritePal_BlenderMisc
0x08339AD0	rom	sSpritePal_PlayerArrow
0x08339AD8	rom	sSpriteTemplate_PlayerArrow
0x08339AF0	rom	sOam_ScoreSymbols
0x08339AF8	rom	sAnim_ScoreSymbols_Good
0x08339B00	rom	sAnim_ScoreSymbols_Miss
0x08339B08	rom	sAnim_ScoreSymbols_BestFlash
0x08339B20	rom	sAnim_ScoreSymbols_BestStatic
0x08339B28	rom	sAnims_ScoreSymbols
0x08339B38	rom	sSpriteSheet_ScoreSymbols
0x08339B40	rom	sSpriteTemplate_ScoreSymbols
0x08339B58	rom	sOam_Particles
0x08339B60	rom	sAnim_SparkleCrossToX
0x08339B78	rom	sAnim_SparkleXToCross
0x08339B90	rom	sAnim_SparkleFull
0x08339BB4	rom	sAnim_GreenArrow
0x08339BBC	rom	sAnim_GreenDot
0x08339BC4	rom	sAnims_Particles
0x08339BD8	rom	sSpriteSheet_Particles
0x08339BE0	rom	sSpriteTemplate_Particles
0x08339BF8	rom	sOam_CountdownNumbers
0x08339C00	rom	sAnim_CountdownNumbers_3
0x08339C08	rom	sAnim_CountdownNumbers_2
0x08339C10	rom	sAnim_CountdownNumbers_1
0x08339C18	rom	sAnims_CountdownNumbers
0x08339C24	rom	sSpriteSheet_CountdownNumbers
0x08339C2C	rom	sSpriteTemplate_CountdownNumbers
0x08339C44	rom	sOam_Start
0x08339C4C	rom	sAnim_Start
0x08339C54	rom	sAnims_Start
0x08339C58	rom	sSpriteSheet_Start
0x08339C60	rom	sSpriteTemplate_Start
0x08339C78	rom	sBerrySpriteData
0x08339CA0	rom	sOpponentBerrySets
0x08339CBE	rom	sBerryMasterBerries
0x08339CC3	rom	sNumPlayersToSpeedDivisor
0x08339CC8	rom	sBlackPokeblockFlavorFlags
0x08339CD2	rom	sJPText_GoodTvReady
0x08339CDF	rom	sJPText_BadTvReady
0x08339CEC	rom	sJPText_Flavors
0x08339D05	rom	sUnused
0x08339D14	rom	sBlenderRecordWindowTemplate
0x08339D1C	rom	sContestWinnerPicDummy
0x08339D3C	rom	sDummyWarpData
0x08339D44	rom	sUnusedData
0x08339D64	rom	gDirectionToVectors
0x08339DAC	rom	sOverworldBgTemplates
0x08339DBC	rom	sFlashEffectParams
0x08339DC8	rom	sLinkPlayerMovementModes
0x08339DD4	rom	sLinkPlayerFacingHandlers
0x08339E00	rom	sMovementStatusHandler
0x08339E08	rom	gTilesetTiles_Petalburg
0x0833A704	rom	gTilesetPalettes_Petalburg
0x0833A904	rom	gTilesetTiles_Rustboro
0x0833BEC0	rom	gTilesetPalettes_Rustboro
0x0833C0C0	rom	gTilesetTiles_Dewford
0x0833D540	rom	gTilesetPalettes_Dewford
0x0833D740	rom	gTilesetTiles_Slateport
0x0833F708	rom	gTilesetPalettes_Slateport
0x0833F908	rom	gTilesetTiles_Mauville
0x0834172C	rom	gTilesetPalettes_Mauville
0x0834192C	rom	gTilesetTiles_Lavaridge
0x08342E28	rom	gTilesetPalettes_Lavaridge
0x08343028	rom	gTilesetTiles_Fallarbor
0x083447A0	rom	gTilesetPalettes_Fallarbor
0x083449A0	rom	gTilesetTiles_Fortree
0x08346020	rom	gTilesetPalettes_Fortree
0x08346220	rom	gTilesetTiles_Lilycove
0x083475C0	rom	gTilesetPalettes_Lilycove
0x083477C0	rom	gTilesetTiles_Mossdeep
0x08348E10	rom	gTilesetPalettes_Mossdeep
0x08349010	rom	gTilesetTiles_EverGrande
0x08349C28	rom	gTilesetPalettes_EverGrande
0x08349E28	rom	gTilesetTiles_Pacifidlog
0x0834B5B4	rom	gTilesetPalettes_Pacifidlog
0x0834B7B4	rom	gTilesetTiles_Sootopolis
0x0834C6B4	rom	gTilesetPalettes_Sootopolis
0x0834C8B4	rom	gTilesetTiles_BattleFrontierOutsideWest
0x0834E3E4	rom	gTilesetPalettes_BattleFrontierOutsideWest
0x0834E5E4	rom	gTilesetTiles_BattleFrontierOutsideEast
0x0834F984	rom	gTilesetPalettes_BattleFrontierOutsideEast
0x0834FB84	rom	gTilesetTiles_InsideBuilding
0x083508BC	rom	gTilesetPalettes_InsideBuilding
0x08350ABC	rom	gTilesetTiles_Shop
0x083520DC	rom	gTilesetPalettes_Shop
0x083522DC	rom	gTilesetTiles_PokemonCenter
0x08353574	rom	gTilesetPalettes_PokemonCenter
0x08353774	rom	gTilesetTiles_Cave
0x08355260	rom	gTilesetPalettes_Cave
0x08355460	rom	gTilesetTiles_PokemonSchool
0x08355BA8	rom	gTilesetPalettes_PokemonSchool
0x08355DA8	rom	gTilesetTiles_PokemonFanClub
0x083566D4	rom	gTilesetPalettes_PokemonFanClub
0x083568D4	rom	gTilesetTiles_Unused1
0x08356920	rom	gTilesetPalettes_Unused1
0x08356B20	rom	gTilesetTiles_MeteorFalls
0x08358840	rom	gTilesetPalettes_MeteorFalls
0x08358A40	rom	gTilesetTiles_OceanicMuseum
0x083599CC	rom	gTilesetPalettes_OceanicMuseum
0x08359BCC	rom	gTilesetTiles_CableClub
0x0835DBCC	rom	gTilesetTiles_UnknownCableClub
0x0835EACC	rom	gTilesetPalettes_CableClub
0x0835ECCC	rom	gTilesetTiles_SeashoreHouse
0x0835F5A8	rom	gTilesetPalettes_SeashoreHouse
0x0835F7A8	rom	gTilesetTiles_PrettyPetalFlowerShop
0x083603A0	rom	gTilesetPalettes_PrettyPetalFlowerShop
0x083605A0	rom	gTilesetTiles_PokemonDayCare
0x08360FDC	rom	gTilesetPalettes_PokemonDayCare
0x083611DC	rom	gTilesetTiles_Facility
0x08362E90	rom	gTilesetPalettes_Facility
0x08363090	rom	gTilesetTiles_BikeShop
0x083643C0	rom	gTilesetPalettes_BikeShop
0x083645C0	rom	gTilesetTiles_RusturfTunnel
0x08365008	rom	gTilesetPalettes_RusturfTunnel
0x08365208	rom	gTilesetTiles_SecretBaseBrownCaveCompressed
0x08365788	rom	gTilesetPalettes_SecretBaseBrownCave
0x08365988	rom	gTilesetTiles_SecretBaseTreeCompressed
0x08365EAC	rom	gTilesetPalettes_SecretBaseTree
0x083660AC	rom	gTilesetTiles_SecretBaseShrubCompressed
0x08366614	rom	gTilesetPalettes_SecretBaseShrub
0x08366814	rom	gTilesetTiles_SecretBaseBlueCaveCompressed
0x08366C30	rom	gTilesetPalettes_SecretBaseBlueCave
0x08366E30	rom	gTilesetTiles_SecretBaseYellowCaveCompressed
0x08367368	rom	gTilesetPalettes_SecretBaseYellowCave
0x08367568	rom	gTilesetTiles_SecretBaseRedCaveCompressed
0x083679A0	rom	gTilesetPalettes_SecretBaseRedCave
0x08367BA0	rom	gTilesetTiles_SecretBaseBrownCave
0x08368600	rom	gTilesetTiles_SecretBaseTree
0x08369060	rom	gTilesetTiles_SecretBaseShrub
0x08369AC0	rom	gTilesetTiles_SecretBaseBlueCave
0x0836A520	rom	gTilesetTiles_SecretBaseYellowCave
0x0836AF80	rom	gTilesetTiles_SecretBaseRedCave
0x0836B9E0	rom	gTilesetTiles_InsideOfTruck
0x0836BC3C	rom	gTilesetPalettes_InsideOfTruck
0x0836BE3C	rom	gTilesetTiles_Contest
0x0836C990	rom	gTilesetPalettes_Contest
0x0836CB90	rom	gTilesetTiles_LilycoveMuseum
0x0836DEAC	rom	gTilesetPalettes_LilycoveMuseum
0x0836E0AC	rom	gTilesetTiles_BrendansMaysHouse
0x0836F178	rom	gTilesetPalettes_BrendansMaysHouse
0x0836F378	rom	gTilesetTiles_Lab
0x083703DC	rom	gTilesetPalettes_Lab
0x083705DC	rom	gTilesetTiles_Underwater
0x08371798	rom	gTilesetPalettes_Underwater
0x08371998	rom	gTilesetTiles_GenericBuilding
0x083733C4	rom	gTilesetPalettes_GenericBuilding
0x083735C4	rom	gTilesetTiles_MauvilleGameCorner
0x08374288	rom	gTilesetPalettes_MauvilleGameCorner
0x08374488	rom	gTilesetTiles_Unused2
0x083749B0	rom	gTilesetPalettes_Unused2
0x08374BB0	rom	gTilesetTiles_RustboroGym
0x08374F34	rom	gTilesetPalettes_RustboroGym
0x08375134	rom	gTilesetTiles_DewfordGym
0x08375400	rom	gTilesetPalettes_DewfordGym
0x08375600	rom	gTilesetTiles_MauvilleGym
0x08375D84	rom	gTilesetPalettes_MauvilleGym
0x08375F84	rom	gTilesetTiles_LavaridgeGym
0x083762AC	rom	gTilesetPalettes_LavaridgeGym
0x083764AC	rom	gTilesetTiles_PetalburgGym
0x08376B50	rom	gTilesetPalettes_PetalburgGym
0x08376D50	rom	gTilesetTiles_FortreeGym
0x083770C4	rom	gTilesetPalettes_FortreeGym
0x083772C4	rom	gTilesetTiles_MossdeepGym
0x08377730	rom	gTilesetPalettes_MossdeepGym
0x08377930	rom	gTilesetTiles_SootopolisGym
0x08378AC4	rom	gTilesetPalettes_SootopolisGym
0x08378CC4	rom	gTilesetTiles_TrickHousePuzzle
0x08379A78	rom	gTilesetPalettes_TrickHousePuzzle
0x08379C78	rom	gTilesetTiles_InsideShip
0x0837A848	rom	gTilesetPalettes_InsideShip
0x0837AA48	rom	gTilesetTiles_SecretBase
0x0837EA48	rom	gTilesetTiles_UnknownSecretBase
0x08382A48	rom	gTilesetPalettes_SecretBase
0x08382C48	rom	gTilesetTiles_EliteFour
0x08383CC4	rom	gTilesetPalettes_EliteFour
0x08383EC4	rom	gTilesetTiles_BattleFrontier
0x08384BC8	rom	gTilesetPalettes_BattleFrontier
0x08384DC8	rom	gTilesetTiles_BattlePalace
0x08385540	rom	gTilesetPalettes_BattlePalace
0x08385740	rom	gTilesetTiles_BattleDome
0x08386990	rom	gTilesetPalettes_BattleDome
0x08386B90	rom	gTilesetTiles_BattleFactory
0x08387D7C	rom	gTilesetPalettes_BattleFactory
0x08387F7C	rom	gTilesetTiles_BattlePike
0x08389250	rom	gTilesetPalettes_BattlePike
0x08389450	rom	gTilesetTiles_BattleArena
0x08389F8C	rom	gTilesetPalettes_BattleArena
0x0838A18C	rom	gTilesetTiles_BattlePyramid
0x0838B39C	rom	gTilesetPalettes_BattlePyramid
0x0838B59C	rom	gTilesetTiles_MirageTower
0x0838CFE4	rom	gTilesetPalettes_MirageTower
0x0838D1E4	rom	gTilesetTiles_MossdeepGameCorner
0x0838D604	rom	gTilesetPalettes_MossdeepGameCorner
0x0838D804	rom	gTilesetTiles_IslandHarbor
0x0838F1D4	rom	gTilesetPalettes_IslandHarbor
0x0838F3D4	rom	gTilesetTiles_TrainerHill
0x083904C4	rom	gTilesetPalettes_TrainerHill
0x083906C4	rom	gTilesetTiles_NavelRock
0x08392258	rom	gTilesetPalettes_NavelRock
0x08392458	rom	gTilesetTiles_BattleFrontierRankingHall
0x08392CAC	rom	gTilesetPalettes_BattleFrontierRankingHall
0x08392EAC	rom	gTilesetTiles_BattleTent
0x08393910	rom	gTilesetPalettes_BattleTent
0x08393B10	rom	gTilesetTiles_MysteryEventsHouse
0x08395478	rom	gTilesetPalettes_MysteryEventsHouse
0x08395678	rom	gTilesetPalettes_UnionRoom
0x08395878	rom	gTilesetTiles_UnionRoom
0x083960F0	rom	gMetatiles_General
0x083980F0	rom	gMetatileAttributes_General
0x083984F0	rom	gMetatiles_Petalburg
0x08398DF0	rom	gMetatileAttributes_Petalburg
0x08398F10	rom	gMetatiles_Rustboro
0x0839A4F0	rom	gMetatileAttributes_Rustboro
0x0839A7AC	rom	gMetatiles_Dewford
0x0839BF5C	rom	gMetatileAttributes_Dewford
0x0839C252	rom	gMetatiles_Slateport
0x0839DBB2	rom	gMetatileAttributes_Slateport
0x0839DEDE	rom	gMetatiles_Mauville
0x0839FEBE	rom	gMetatileAttributes_Mauville
0x083A02BA	rom	gMetatiles_Lavaridge
0x083A1E4A	rom	gMetatileAttributes_Lavaridge
0x083A21BC	rom	gMetatiles_Fallarbor
0x083A38AC	rom	gMetatileAttributes_Fallarbor
0x083A3B8A	rom	gMetatiles_Fortree
0x083A4D0A	rom	gMetatileAttributes_Fortree
0x083A4F3A	rom	gMetatiles_Lilycove
0x083A652A	rom	gMetatileAttributes_Lilycove
0x083A67E8	rom	gMetatiles_Mossdeep
0x083A8448	rom	gMetatileAttributes_Mossdeep
0x083A87D4	rom	gMetatiles_EverGrande
0x083A9254	rom	gMetatileAttributes_EverGrande
0x083A93A4	rom	gMetatiles_Pacifidlog
0x083AA054	rom	gMetatileAttributes_Pacifidlog
0x083AA1EA	rom	gMetatiles_Sootopolis
0x083AB1CA	rom	gMetatileAttributes_Sootopolis
0x083AB3C6	rom	gMetatiles_BattleFrontierOutsideWest
0x083AD3A6	rom	gMetatileAttributes_BattleFrontierOutsideWest
0x083AD7A2	rom	gMetatiles_BattleFrontierOutsideEast
0x083AF782	rom	gMetatileAttributes_BattleFrontierOutsideEast
0x083AFB7E	rom	gMetatiles_InsideBuilding
0x083AFBFE	rom	gMetatileAttributes_InsideBuilding
0x083AFC0E	rom	gMetatiles_Shop
0x083B0E1E	rom	gMetatileAttributes_Shop
0x083B1060	rom	gMetatiles_PokemonCenter
0x083B1EE0	rom	gMetatileAttributes_PokemonCenter
0x083B20B0	rom	gMetatiles_Cave
0x083B3A90	rom	gMetatileAttributes_Cave
0x083B3DCC	rom	gMetatiles_PokemonSchool
0x083B416C	rom	gMetatileAttributes_PokemonSchool
0x083B41E0	rom	gMetatiles_PokemonFanClub
0x083B4860	rom	gMetatileAttributes_PokemonFanClub
0x083B4930	rom	gMetatiles_Unused1
0x083B4950	rom	gMetatileAttributes_Unused1
0x083B4954	rom	gMetatiles_MeteorFalls
0x083B5344	rom	gMetatileAttributes_MeteorFalls
0x083B5482	rom	gMetatiles_OceanicMuseum
0x083B5C22	rom	gMetatileAttributes_OceanicMuseum
0x083B5D16	rom	gMetatiles_CableClub
0x083B6D16	rom	gMetatileAttributes_CableClub
0x083B6F16	rom	gMetatiles_SeashoreHouse
0x083B7296	rom	gMetatileAttributes_SeashoreHouse
0x083B7306	rom	gMetatiles_PrettyPetalFlowerShop
0x083B7786	rom	gMetatileAttributes_PrettyPetalFlowerShop
0x083B7816	rom	gMetatiles_PokemonDayCare
0x083B7C56	rom	gMetatileAttributes_PokemonDayCare
0x083B7CDE	rom	gMetatiles_Facility
0x083B9CCE	rom	gMetatileAttributes_Facility
0x083BA0CC	rom	gMetatiles_BikeShop
0x083BB04C	rom	gMetatileAttributes_BikeShop
0x083BB23C	rom	gMetatiles_RusturfTunnel
0x083BB76C	rom	gMetatileAttributes_RusturfTunnel
0x083BB812	rom	gMetatiles_SecretBaseSecondary
0x083BCC52	rom	gMetatileAttributes_SecretBaseSecondary
0x083BCEDA	rom	gMetatiles_InsideOfTruck
0x083BD13A	rom	gMetatileAttributes_InsideOfTruck
0x083BD186	rom	gMetatiles_Contest
0x083BE016	rom	gMetatileAttributes_Contest
0x083BE1E8	rom	gMetatiles_LilycoveMuseum
0x083BEAD8	rom	gMetatileAttributes_LilycoveMuseum
0x083BEBF6	rom	gMetatiles_BrendansMaysHouse
0x083BF836	rom	gMetatileAttributes_BrendansMaysHouse
0x083BF9BE	rom	gMetatiles_Lab
0x083C039E	rom	gMetatileAttributes_Lab
0x083C04DA	rom	gMetatiles_Underwater
0x083C139A	rom	gMetatileAttributes_Underwater
0x083C1572	rom	gMetatiles_GenericBuilding
0x083C3572	rom	gMetatileAttributes_GenericBuilding
0x083C3972	rom	gMetatiles_MauvilleGameCorner
0x083C3F72	rom	gMetatileAttributes_MauvilleGameCorner
0x083C4032	rom	gMetatiles_Unused2
0x083C43D2	rom	gMetatileAttributes_Unused2
0x083C4446	rom	gMetatiles_RustboroGym
0x083C47C6	rom	gMetatileAttributes_RustboroGym
0x083C4836	rom	gMetatiles_DewfordGym
0x083C4C86	rom	gMetatileAttributes_DewfordGym
0x083C4D10	rom	gMetatiles_MauvilleGym
0x083C5460	rom	gMetatileAttributes_MauvilleGym
0x083C554A	rom	gMetatiles_LavaridgeGym
0x083C591A	rom	gMetatileAttributes_LavaridgeGym
0x083C5994	rom	gMetatiles_PetalburgGym
0x083C6794	rom	gMetatileAttributes_PetalburgGym
0x083C6954	rom	gMetatiles_FortreeGym
0x083C6E54	rom	gMetatileAttributes_FortreeGym
0x083C6EF4	rom	gMetatiles_MossdeepGym
0x083C7644	rom	gMetatileAttributes_MossdeepGym
0x083C772E	rom	gMetatiles_SootopolisGym
0x083C7ECE	rom	gMetatileAttributes_SootopolisGym
0x083C7FC2	rom	gMetatiles_TrickHousePuzzle
0x083C8B92	rom	gMetatileAttributes_TrickHousePuzzle
0x083C8D0C	rom	gMetatiles_InsideShip
0x083C9CCC	rom	gMetatileAttributes_InsideShip
0x083C9EC4	rom	gMetatiles_SecretBasePrimary
0x083C9EE4	rom	gMetatileAttributes_SecretBasePrimary
0x083C9EE8	rom	gMetatiles_EliteFour
0x083CB3A8	rom	gMetatileAttributes_EliteFour
0x083CB640	rom	gMetatiles_BattleFrontier
0x083CD610	rom	gMetatileAttributes_BattleFrontier
0x083CDA0A	rom	gMetatiles_BattlePalace
0x083CE4EA	rom	gMetatileAttributes_BattlePalace
0x083CE646	rom	gMetatiles_BattleDome
0x083D00F6	rom	gMetatileAttributes_BattleDome
0x083D044C	rom	gMetatiles_BattleFactory
0x083D1A6C	rom	gMetatileAttributes_BattleFactory
0x083D1D30	rom	gMetatiles_BattlePike
0x083D32E0	rom	gMetatileAttributes_BattlePike
0x083D3596	rom	gMetatiles_BattleArena
0x083D40A6	rom	gMetatileAttributes_BattleArena
0x083D4208	rom	gMetatiles_BattlePyramid
0x083D4FD8	rom	gMetatileAttributes_BattlePyramid
0x083D5192	rom	gMetatiles_MirageTower
0x083D6B72	rom	gMetatileAttributes_MirageTower
0x083D6EAE	rom	gMetatiles_MossdeepGameCorner
0x083D71FE	rom	gMetatileAttributes_MossdeepGameCorner
0x083D7268	rom	gMetatiles_IslandHarbor
0x083D8FC8	rom	gMetatileAttributes_IslandHarbor
0x083D9374	rom	gMetatiles_TrainerHill
0x083DB1D4	rom	gMetatileAttributes_TrainerHill
0x083DB5A0	rom	gMetatiles_NavelRock
0x083DD1D0	rom	gMetatileAttributes_NavelRock
0x083DD556	rom	gMetatiles_BattleFrontierRankingHall
0x083DDB36	rom	gMetatileAttributes_BattleFrontierRankingHall
0x083DDBF2	rom	gMetatiles_BattleTent
0x083DECC2	rom	gMetatileAttributes_BattleTent
0x083DEEDC	rom	gMetatiles_MysteryEventsHouse
0x083DF30C	rom	gMetatileAttributes_MysteryEventsHouse
0x083DF392	rom	gMetatiles_UnionRoom
0x083DF6A2	rom	gMetatileAttributes_UnionRoom
0x083DF704	rom	gTileset_General
0x083DF71C	rom	gTileset_Petalburg
0x083DF734	rom	gTileset_Rustboro
0x083DF74C	rom	gTileset_Dewford
0x083DF764	rom	gTileset_Slateport
0x083DF77C	rom	gTileset_Mauville
0x083DF794	rom	gTileset_Lavaridge
0x083DF7AC	rom	gTileset_Fallarbor
0x083DF7C4	rom	gTileset_Fortree
0x083DF7DC	rom	gTileset_Lilycove
0x083DF7F4	rom	gTileset_Mossdeep
0x083DF80C	rom	gTileset_EverGrande
0x083DF824	rom	gTileset_Pacifidlog
0x083DF83C	rom	gTileset_Sootopolis
0x083DF854	rom	gTileset_BattleFrontierOutsideWest
0x083DF86C	rom	gTileset_BattleFrontierOutsideEast
0x083DF884	rom	gTileset_Building
0x083DF89C	rom	gTileset_Shop
0x083DF8B4	rom	gTileset_PokemonCenter
0x083DF8CC	rom	gTileset_Cave
0x083DF8E4	rom	gTileset_PokemonSchool
0x083DF8FC	rom	gTileset_PokemonFanClub
0x083DF914	rom	gTileset_Unused1
0x083DF92C	rom	gTileset_MeteorFalls
0x083DF944	rom	gTileset_OceanicMuseum
0x083DF95C	rom	gTileset_CableClub
0x083DF974	rom	gTileset_SeashoreHouse
0x083DF98C	rom	gTileset_PrettyPetalFlowerShop
0x083DF9A4	rom	gTileset_PokemonDayCare
0x083DF9BC	rom	gTileset_Facility
0x083DF9D4	rom	gTileset_BikeShop
0x083DF9EC	rom	gTileset_RusturfTunnel
0x083DFA04	rom	gTileset_SecretBaseBrownCave
0x083DFA1C	rom	gTileset_SecretBaseTree
0x083DFA34	rom	gTileset_SecretBaseShrub
0x083DFA4C	rom	gTileset_SecretBaseBlueCave
0x083DFA64	rom	gTileset_SecretBaseYellowCave
0x083DFA7C	rom	gTileset_SecretBaseRedCave
0x083DFA94	rom	gTileset_InsideOfTruck
0x083DFAAC	rom	gTileset_Unused2
0x083DFAC4	rom	gTileset_Contest
0x083DFADC	rom	gTileset_LilycoveMuseum
0x083DFAF4	rom	gTileset_BrendansMaysHouse
0x083DFB0C	rom	gTileset_Lab
0x083DFB24	rom	gTileset_Underwater
0x083DFB3C	rom	gTileset_PetalburgGym
0x083DFB54	rom	gTileset_SootopolisGym
0x083DFB6C	rom	gTileset_GenericBuilding
0x083DFB84	rom	gTileset_MauvilleGameCorner
0x083DFB9C	rom	gTileset_RustboroGym
0x083DFBB4	rom	gTileset_DewfordGym
0x083DFBCC	rom	gTileset_MauvilleGym
0x083DFBE4	rom	gTileset_LavaridgeGym
0x083DFBFC	rom	gTileset_TrickHousePuzzle
0x083DFC14	rom	gTileset_FortreeGym
0x083DFC2C	rom	gTileset_MossdeepGym
0x083DFC44	rom	gTileset_InsideShip
0x083DFC5C	rom	gTileset_SecretBase
0x083DFC74	rom	gTilesetPointer_SecretBase
0x083DFC78	rom	gTilesetPointer_SecretBaseRedCave
0x083DFC7C	rom	gTileset_EliteFour
0x083DFC94	rom	gTileset_BattleFrontier
0x083DFCAC	rom	gTileset_BattlePalace
0x083DFCC4	rom	gTileset_BattleDome
0x083DFCDC	rom	gTileset_BattleFactory
0x083DFCF4	rom	gTileset_BattlePike
0x083DFD0C	rom	gTileset_BattleArena
0x083DFD24	rom	gTileset_BattlePyramid
0x083DFD3C	rom	gTileset_MirageTower
0x083DFD54	rom	gTileset_MossdeepGameCorner
0x083DFD6C	rom	gTileset_IslandHarbor
0x083DFD84	rom	gTileset_TrainerHill
0x083DFD9C	rom	gTileset_NavelRock
0x083DFDB4	rom	gTileset_BattleFrontierRankingHall
0x083DFDCC	rom	gTileset_BattleTent
0x083DFDE4	rom	gTileset_MysteryEventsHouse
0x083DFDFC	rom	gTileset_UnionRoom
0x08486EF8	rom	sDummyConnectionFlags
0x08486EFC	rom	sTileBitAttributes
0x08486FEC	rom	sDoorAnimTiles_Littleroot
0x084872EC	rom	sDoorNullPalette1
0x0848730C	rom	sDoorAnimTiles_BirchsLab
0x0848760C	rom	sDoorNullPalette2
0x0848762C	rom	sDoorAnimTiles_FallarborLightRoof
0x0848792C	rom	sDoorNullPalette3
0x0848794C	rom	sDoorAnimTiles_Lilycove
0x08487C4C	rom	sDoorNullPalette4
0x08487C6C	rom	sDoorAnimTiles_LilycoveWooden
0x08487F6C	rom	sDoorNullPalette5
0x08487F8C	rom	sDoorAnimTiles_General
0x0848828C	rom	sDoorNullPalette6
0x084882AC	rom	sDoorAnimTiles_PokeCenter
0x084885AC	rom	sDoorAnimTiles_Gym
0x084888AC	rom	sDoorAnimTiles_PokeMart
0x08488BAC	rom	sDoorAnimTiles_RustboroTan
0x08488EAC	rom	sDoorNullPalette7
0x08488ECC	rom	sDoorAnimTiles_RustboroGray
0x084891CC	rom	sDoorNullPalette8
0x084891EC	rom	sDoorAnimTiles_Oldale
0x084894EC	rom	sFiller1
0x0848EDEC	rom	sDoorAnimTiles_UnusedTops
0x0848EEAC	rom	sFiller2
0x0848EFEC	rom	sDoorAnimTiles_UnusedBottoms
0x0848F0AC	rom	sDoorNullPalette11
0x0848F0CC	rom	sDoorAnimTiles_Mauville
0x0848F3CC	rom	sDoorNullPalette12
0x0848F3EC	rom	sDoorAnimTiles_Verdanturf
0x0848F6EC	rom	sDoorNullPalette13
0x0848F70C	rom	sDoorAnimTiles_Slateport
0x0848FA0C	rom	sDoorNullPalette14
0x0848FA2C	rom	sDoorAnimTiles_Dewford
0x0848FD2C	rom	sDoorNullPalette15
0x0848FD4C	rom	sDoorAnimTiles_Contest
0x0849004C	rom	sDoorNullPalette16
0x0849006C	rom	sDoorAnimTiles_Mossdeep
0x0849036C	rom	sDoorNullPalette17
0x0849038C	rom	sDoorAnimTiles_SootopolisPeakedRoof
0x0849068C	rom	sDoorNullPalette18
0x084906AC	rom	sDoorAnimTiles_Sootopolis
0x084909AC	rom	sDoorNullPalette19
0x084909CC	rom	sDoorAnimTiles_PokemonLeague
0x08490CCC	rom	sDoorNullPalette20
0x08490CEC	rom	sDoorAnimTiles_Pacifidlog
0x08490FEC	rom	sDoorNullPalette21
0x0849100C	rom	sDoorAnimTiles_PetalburgGym
0x0849130C	rom	sDoorNullPalette22
0x0849132C	rom	sDoorAnimTiles_CyclingRoad
0x0849162C	rom	sDoorNullPalette23
0x0849164C	rom	sDoorAnimTiles_LilycoveDeptStore
0x0849194C	rom	sDoorNullPalette24
0x0849196C	rom	sDoorAnimTiles_SafariZone
0x08491C6C	rom	sDoorNullPalette25
0x08491C8C	rom	sDoorAnimTiles_MossdeepSpaceCenter
0x08491F8C	rom	sDoorNullPalette26
0x08491FAC	rom	sDoorAnimTiles_CableClub
0x084922AC	rom	sDoorNullPalette27
0x084922CC	rom	sDoorAnimTiles_AbandonedShip
0x084925CC	rom	sDoorNullPalette28
0x084925EC	rom	sDoorAnimTiles_FallarborDarkRoof
0x084928EC	rom	sDoorNullPalette29
0x0849290C	rom	sDoorAnimTiles_AbandonedShipRoom
0x08492C0C	rom	sDoorNullPalette30
0x08492C2C	rom	sDoorAnimTiles_LilycoveDeptStoreElevator
0x08492F2C	rom	sDoorNullPalette31
0x08492F4C	rom	sDoorAnimTiles_BattleTowerOld
0x0849324C	rom	sDoorNullPalette32
0x0849326C	rom	sDoorAnimTiles_BattleTowerElevator
0x0849356C	rom	sDoorNullPalette33
0x0849358C	rom	sDoorAnimTiles_UnusedBattleFrontier
0x0849388C	rom	sDoorNullPalette34
0x084938AC	rom	sDoorAnimTiles_BattleDome
0x08493BAC	rom	sDoorNullPalette35
0x08493BCC	rom	sDoorAnimTiles_BattleFactory
0x08493ECC	rom	sDoorNullPalette36
0x08493EEC	rom	sDoorAnimTiles_BattleTower
0x084941EC	rom	sDoorNullPalette37
0x0849420C	rom	sDoorAnimTiles_BattleArena
0x0849450C	rom	sDoorNullPalette38
0x0849452C	rom	sDoorAnimTiles_BattleArenaLobby
0x0849482C	rom	sDoorNullPalette39
0x0849484C	rom	sDoorAnimTiles_BattleDomeLobby
0x08494B4C	rom	sDoorNullPalette40
0x08494B6C	rom	sDoorAnimTiles_BattlePalaceLobby
0x08494E6C	rom	sDoorAnimTiles_BattleTent
0x0849526C	rom	sDoorNullPalette41
0x0849528C	rom	sDoorAnimTiles_BattleDomeCorridor
0x0849558C	rom	sDoorNullPalette42
0x084955AC	rom	sDoorAnimTiles_BattleTowerMultiCorridor
0x08495BAC	rom	sDoorNullPalette43
0x08495BCC	rom	sDoorAnimTiles_BattleFrontier
0x08495ECC	rom	sDoorNullPalette44
0x08495EEC	rom	sDoorAnimTiles_BattleFrontierSliding
0x084961EC	rom	sDoorNullPalette45
0x0849620C	rom	sDoorAnimTiles_BattleDomePreBattleRoom
0x0849650C	rom	sDoorNullPalette46
0x0849652C	rom	sDoorAnimTiles_BattleTentInterior
0x0849692C	rom	sDoorNullPalette47
0x0849694C	rom	sDoorAnimTiles_TrainerHillLobbyElevator
0x08496C4C	rom	sDoorNullPalette48
0x08496C6C	rom	sDoorAnimTiles_TrainerHillRoofElevator
0x08496F6C	rom	sDoorNullPalette49
0x08496F8C	rom	sDoorOpenAnimFrames
0x08496FA0	rom	sDoorCloseAnimFrames
0x08496FB4	rom	sBigDoorOpenAnimFrames
0x08496FC8	rom	sBigDoorCloseAnimFrames
0x08496FDC	rom	sDoorAnimPalettes_General
0x08496FE4	rom	sDoorAnimPalettes_PokeCenter
0x08496FEC	rom	sDoorAnimPalettes_Gym
0x08496FF4	rom	sDoorAnimPalettes_PokeMart
0x08496FFC	rom	sDoorAnimPalettes_Littleroot
0x08497004	rom	sDoorAnimPalettes_BirchsLab
0x0849700C	rom	sDoorAnimPalettes_RustboroTan
0x08497014	rom	sDoorAnimPalettes_RustboroGray
0x0849701C	rom	sDoorAnimPalettes_FallarborLightRoof
0x08497024	rom	sDoorAnimPalettes_Lilycove
0x0849702C	rom	sDoorAnimPalettes_Oldale
0x08497034	rom	sDoorAnimPalettes_Mossdeep
0x0849703C	rom	sDoorAnimPalettes_PokemonLeague
0x08497044	rom	sDoorAnimPalettes_Pacifidlog
0x0849704C	rom	sDoorAnimPalettes_SootopolisPeakedRoof
0x08497054	rom	sDoorAnimPalettes_Sootopolis
0x0849705C	rom	sDoorAnimPalettes_Dewford
0x08497064	rom	sDoorAnimPalettes_Slateport
0x0849706C	rom	sDoorAnimPalettes_Mauville
0x08497074	rom	sDoorAnimPalettes_Verdanturf
0x0849707C	rom	sDoorAnimPalettes_LilycoveWooden
0x08497084	rom	sDoorAnimPalettes_Contest
0x0849708C	rom	sDoorAnimPalettes_PetalburgGym
0x08497094	rom	sDoorAnimPalettes_CyclingRoad
0x0849709C	rom	sDoorAnimPalettes_LilycoveDeptStore
0x084970A4	rom	sDoorAnimPalettes_SafariZone
0x084970AC	rom	sDoorAnimPalettes_MossdeepSpaceCenter
0x084970B4	rom	sDoorAnimPalettes_CableClub
0x084970BC	rom	sDoorAnimPalettes_AbandonedShip
0x084970C4	rom	sDoorAnimPalettes_FallarborDarkRoof
0x084970CC	rom	sDoorAnimPalettes_AbandonedShipRoom
0x084970D4	rom	sDoorAnimPalettes_LilycoveDeptStoreElevator
0x084970DC	rom	sDoorAnimPalettes_BattleTowerOld
0x084970E4	rom	sDoorAnimPalettes_BattleTowerElevator
0x084970EC	rom	sDoorAnimPalettes_UnusedBattleFrontier
0x084970F4	rom	sDoorAnimPalettes_BattleDome
0x084970FC	rom	sDoorAnimPalettes_BattleFactory
0x08497104	rom	sDoorAnimPalettes_BattleTower
0x0849710C	rom	sDoorAnimPalettes_BattleArena
0x08497114	rom	sDoorAnimPalettes_BattleArenaLobby
0x0849711C	rom	sDoorAnimPalettes_BattleDomeLobby
0x08497124	rom	sDoorAnimPalettes_BattlePalaceLobby
0x0849712C	rom	sDoorAnimPalettes_BattleTent
0x08497134	rom	sDoorAnimPalettes_BattleDomeCorridor
0x0849713C	rom	sDoorAnimPalettes_BattleTowerMultiCorridor
0x08497144	rom	sDoorAnimPalettes_Unused
0x0849714C	rom	sDoorAnimPalettes_BattleFrontier
0x08497154	rom	sDoorAnimPalettes_BattleDomePreBattleRoom
0x0849715C	rom	sDoorAnimPalettes_BattleTentInterior
0x08497164	rom	sDoorAnimPalettes_TrainerHillLobbyElevator
0x0849716C	rom	sDoorAnimPalettes_TrainerHillRoofElevator
0x08497174	rom	sDoorAnimGraphicsTable
0x084973FC	rom	sForcedMovementTestFuncs
0x08497444	rom	sForcedMovementFuncs
0x08497490	rom	sPlayerNotOnBikeFuncs
0x0849749C	rom	sAcroBikeTrickMetatiles
0x084974B0	rom	sAcroBikeTrickCollisionTypes
0x084974B8	rom	sPlayerAvatarTransitionFuncs
0x084974D8	rom	sArrowWarpMetatileBehaviorChecks
0x084974E8	rom	sRivalAvatarGfxIds
0x084974F8	rom	sPlayerAvatarGfxIds
0x08497508	rom	sFRLGAvatarGfxIds
0x0849750A	rom	sRSAvatarGfxIds
0x0849750C	rom	sPlayerAvatarGfxToStateFlag
0x08497520	rom	sArrowWarpMetatileBehaviorChecks2
0x08497530	rom	sPushBoulderFuncs
0x0849753C	rom	sPlayerAvatarSecretBaseMatJump
0x08497540	rom	sPlayerAvatarSecretBaseMatSpin
0x0849755C	rom	sFishingStateFuncs
0x084975BC	rom	sSpinDirections
0x084975C4	rom	gReflectionEffectPaletteMap
0x084975D4	rom	sCameraSpriteTemplate
0x084975EC	rom	sCameraObjectFuncs
0x084975F8	rom	gObjectEventPic_BrendanNormal
0x08497EF8	rom	gObjectEventPic_BrendanRunning
0x084987F8	rom	gObjectEventPal_Brendan
0x08498818	rom	gObjectEventPic_RubySapphireBrendanNormal
0x08499118	rom	gObjectEventPic_RubySapphireBrendanRunning
0x08499A18	rom	gObjectEventPal_RubySapphireBrendan
0x08499A38	rom	gObjectEventPal_Null1
0x08499A58	rom	gObjectEventPal_Null2
0x08499A78	rom	gObjectEventPal_Null3
0x08499A98	rom	gObjectEventPal_Null4
0x08499AB8	rom	gObjectEventPal_Null5
0x08499AD8	rom	gObjectEventPal_Null6
0x08499AF8	rom	gObjectEventPal_Null7
0x08499B18	rom	gObjectEventPal_Null8
0x08499B38	rom	gObjectEventPal_Null9
0x08499B58	rom	gObjectEventPal_Null10
0x08499B78	rom	gObjectEventPal_Null11
0x08499B98	rom	gObjectEventPal_Null12
0x08499BB8	rom	gObjectEventPal_Null13
0x08499BD8	rom	gObjectEventPal_Null14
0x08499BF8	rom	gObjectEventPal_Null15
0x08499C18	rom	gObjectEventPal_BrendanReflection
0x08499C38	rom	gObjectEventPal_BridgeReflection
0x08499C58	rom	gObjectEventPic_BrendanFieldMove
0x0849A658	rom	gObjectEventPic_BrendanSurfing
0x0849B258	rom	gObjectEventPic_BrendanMachBike
0x0849C458	rom	gObjectEventPic_BrendanAcroBike
0x0849FA58	rom	gObjectEventPic_BrendanFishing
0x084A1258	rom	gObjectEventPic_BrendanWatering
0x084A1E58	rom	gObjectEventPic_BrendanDecorating
0x084A1F58	rom	gObjectEventPic_MayDecorating
0x084A2058	rom	gObjectEventPic_BrendanUnderwater
0x084A2858	rom	gObjectEventPic_MayUnderwater
0x084A3058	rom	gObjectEventPal_PlayerUnderwater
0x084A3078	rom	gObjectEventPic_MayNormal
0x084A3978	rom	gObjectEventPic_MayRunning
0x084A4278	rom	gObjectEventPal_May
0x084A4298	rom	gObjectEventPal_MayReflection
0x084A42B8	rom	gObjectEventPic_RubySapphireMayNormal
0x084A4BB8	rom	gObjectEventPic_RubySapphireMayRunning
0x084A54B8	rom	gObjectEventPal_RubySapphireMay
0x084A54D8	rom	gUnusedObjectEventPalette
0x084A54F8	rom	gObjectEventPal_Null16
0x084A5518	rom	gObjectEventPal_Null17
0x084A5538	rom	gObjectEventPal_Null18
0x084A5558	rom	gObjectEventPal_Null19
0x084A5578	rom	gObjectEventPal_Null20
0x084A5598	rom	gObjectEventPal_Null21
0x084A55B8	rom	gObjectEventPal_Null22
0x084A55D8	rom	gObjectEventPal_Null23
0x084A55F8	rom	gObjectEventPal_Null24
0x084A5618	rom	gObjectEventPal_Null25
0x084A5638	rom	gObjectEventPal_Null26
0x084A5658	rom	gObjectEventPal_Null27
0x084A5678	rom	gObjectEventPal_Null28
0x084A5698	rom	gObjectEventPal_Null29
0x084A56B8	rom	gObjectEventPic_MayMachBike
0x084A68B8	rom	gObjectEventPic_MayAcroBike
0x084A9EB8	rom	gObjectEventPic_MaySurfing
0x084AAAB8	rom	gObjectEventPic_MayFieldMove
0x084AB4B8	rom	gObjectEventPic_MayFishing
0x084ACCB8	rom	gObjectEventPic_MayWatering
0x084AD8B8	rom	gObjectEventPal_Npc1
0x084AD8D8	rom	gObjectEventPal_Npc2
0x084AD8F8	rom	gObjectEventPal_Npc3
0x084AD918	rom	gObjectEventPal_Npc4
0x084AD938	rom	gObjectEventPal_Npc1Reflection
0x084AD958	rom	gObjectEventPal_Npc2Reflection
0x084AD978	rom	gObjectEventPal_Npc3Reflection
0x084AD998	rom	gObjectEventPal_Npc4Reflection
0x084AD9B8	rom	gObjectEventPic_NinjaBoy
0x084ADE38	rom	gObjectEventPic_Twin
0x084AE738	rom	gObjectEventPic_Boy1
0x084AF038	rom	gObjectEventPic_Girl1
0x084AF938	rom	gObjectEventPic_Boy2
0x084B0238	rom	gObjectEventPic_Girl2
0x084B0B38	rom	gObjectEventPic_LittleBoy
0x084B0FB8	rom	gObjectEventPic_LittleGirl
0x084B1438	rom	gObjectEventPic_Boy3
0x084B1D38	rom	gObjectEventPic_Girl3
0x084B2638	rom	gObjectEventPic_RichBoy
0x084B2F38	rom	gObjectEventPic_Woman1
0x084B3838	rom	gObjectEventPic_FatMan
0x084B4138	rom	gObjectEventPic_PokefanF
0x084B4A38	rom	gObjectEventPic_Man1
0x084B5338	rom	gObjectEventPic_Woman2
0x084B5C38	rom	gObjectEventPic_ExpertM
0x084B6538	rom	gObjectEventPic_ExpertF
0x084B6E38	rom	gObjectEventPic_Man2
0x084B7738	rom	gObjectEventPic_Woman3
0x084B8038	rom	gObjectEventPic_PokefanM
0x084B8938	rom	gObjectEventPic_Woman4
0x084B9238	rom	gObjectEventPic_Cook
0x084B9538	rom	gObjectEventPic_LinkReceptionist
0x084B9E38	rom	gObjectEventPic_OldMan
0x084BA138	rom	gObjectEventPic_OldWoman
0x084BAA38	rom	gObjectEventPic_Camper
0x084BB338	rom	gObjectEventPic_Picnicker
0x084BBC38	rom	gObjectEventPic_Man3
0x084BC538	rom	gObjectEventPic_Woman5
0x084BCE38	rom	gObjectEventPic_Youngster
0x084BD738	rom	gObjectEventPic_BugCatcher
0x084BE038	rom	gObjectEventPic_PsychicM
0x084BE938	rom	gObjectEventPic_SchoolKidM
0x084BF238	rom	gObjectEventPic_Maniac
0x084BFB38	rom	gObjectEventPic_HexManiac
0x084C0438	rom	gObjectEventPic_UnusedWoman
0x084C0D38	rom	gObjectEventPic_SwimmerM
0x084C1638	rom	gObjectEventPic_SwimmerF
0x084C1F38	rom	gObjectEventPic_BlackBelt
0x084C2838	rom	gObjectEventPic_Beauty
0x084C3138	rom	gObjectEventPic_Scientist1
0x084C3A38	rom	gObjectEventPic_Lass
0x084C4338	rom	gObjectEventPic_Gentleman
0x084C4C38	rom	gObjectEventPic_Sailor
0x084C5538	rom	gObjectEventPic_Fisherman
0x084C5E38	rom	gObjectEventPic_RunningTriathleteM
0x084C6738	rom	gObjectEventPic_RunningTriathleteF
0x084C7038	rom	gObjectEventPic_TuberF
0x084C74B8	rom	gObjectEventPic_TuberM
0x084C7938	rom	gObjectEventPic_Hiker
0x084C8238	rom	gObjectEventPic_CyclingTriathleteM
0x084C9438	rom	gObjectEventPic_CyclingTriathleteF
0x084CA638	rom	gObjectEventPic_Man4
0x084CAF38	rom	gObjectEventPic_Man5
0x084CB838	rom	gObjectEventPic_Nurse
0x084CBC38	rom	gObjectEventPic_ItemBall
0x084CBCB8	rom	gObjectEventPic_ProfBirch
0x084CC5B8	rom	gObjectEventPic_ReporterM
0x084CCEB8	rom	gObjectEventPic_ReporterF
0x084CD7B8	rom	gObjectEventPic_MauvilleOldMan1
0x084CE0B8	rom	gObjectEventPic_MauvilleOldMan2
0x084CE9B8	rom	gObjectEventPic_MartEmployee
0x084CF2B8	rom	gObjectEventPic_RooftopSaleWoman
0x084CFBB8	rom	gObjectEventPic_Teala
0x084D04B8	rom	gObjectEventPic_Artist
0x084D0DB8	rom	gObjectEventPic_Cameraman
0x084D16B8	rom	gObjectEventPic_Scientist2
0x084D1FB8	rom	gObjectEventPic_DevonEmployee
0x084D28B8	rom	gObjectEventPic_AquaMemberM
0x084D31B8	rom	gObjectEventPic_AquaMemberF
0x084D3AB8	rom	gObjectEventPic_MagmaMemberM
0x084D43B8	rom	gObjectEventPic_MagmaMemberF
0x084D4CB8	rom	gObjectEventPic_Sidney
0x084D4FB8	rom	gObjectEventPic_Phoebe
0x084D52B8	rom	gObjectEventPic_Glacia
0x084D55B8	rom	gObjectEventPic_Drake
0x084D58B8	rom	gObjectEventPic_Roxanne
0x084D5BB8	rom	gObjectEventPic_Brawly
0x084D5EB8	rom	gObjectEventPic_Wattson
0x084D61B8	rom	gObjectEventPic_Flannery
0x084D64B8	rom	gObjectEventPic_Norman
0x084D6DB8	rom	gObjectEventPic_Winona
0x084D70B8	rom	gObjectEventPic_Liza
0x084D73B8	rom	gObjectEventPic_Tate
0x084D76B8	rom	gObjectEventPic_Wallace
0x084D7FB8	rom	gObjectEventPic_Steven
0x084D88B8	rom	gObjectEventPic_Wally
0x084D91B8	rom	gObjectEventPic_RubySapphireLittleBoy
0x084D9638	rom	gObjectEventPic_HotSpringsOldWoman
0x084D9F38	rom	gObjectEventPic_LatiasLatios
0x084DA538	rom	gObjectEventPic_GameboyKid
0x084DA838	rom	gObjectEventPic_ContestJudge
0x084DB138	rom	gObjectEventPic_Archie
0x084DBA38	rom	gObjectEventPic_Maxie
0x084DC338	rom	gObjectEventPic_Kyogre
0x084DCB38	rom	gObjectEventPic_Groudon
0x084DD338	rom	gObjectEventPic_Regi
0x084DD538	rom	gObjectEventPic_Skitty
0x084DD6B8	rom	gObjectEventPic_Kecleon
0x084DD838	rom	gObjectEventPic_Rayquaza
0x084E0038	rom	gObjectEventPic_RayquazaStill
0x084E0838	rom	gObjectEventPic_Zigzagoon
0x084E09B8	rom	gObjectEventPic_Pikachu
0x084E0B38	rom	gObjectEventPic_Azumarill
0x084E0CB8	rom	gObjectEventPic_Wingull
0x084E0FB8	rom	gObjectEventPic_TuberMSwimming
0x084E1438	rom	gObjectEventPic_Azurill
0x084E15B8	rom	gObjectEventPic_Mom
0x084E1EB8	rom	gObjectEventPal_Kyogre
0x084E1ED8	rom	gObjectEventPal_KyogreReflection
0x084E1EF8	rom	gObjectEventPal_Groudon
0x084E1F18	rom	gObjectEventPal_GroudonReflection
0x084E1F38	rom	gObjectEventPic_UnusedNatuDoll
0x084E1FB8	rom	gObjectEventPic_UnusedMagnemiteDoll
0x084E2038	rom	gObjectEventPic_UnusedSquirtleDoll
0x084E20B8	rom	gObjectEventPic_UnusedWooperDoll
0x084E2138	rom	gObjectEventPic_UnusedPikachuDoll
0x084E21B8	rom	gObjectEventPic_UnusedPorygon2Doll
0x084E2238	rom	gObjectEventPic_PichuDoll
0x084E22B8	rom	gObjectEventPic_PikachuDoll
0x084E2338	rom	gObjectEventPic_MarillDoll
0x084E23B8	rom	gObjectEventPic_TogepiDoll
0x084E2438	rom	gObjectEventPic_CyndaquilDoll
0x084E24B8	rom	gObjectEventPic_ChikoritaDoll
0x084E2538	rom	gObjectEventPic_TotodileDoll
0x084E25B8	rom	gObjectEventPic_JigglypuffDoll
0x084E2638	rom	gObjectEventPic_MeowthDoll
0x084E26B8	rom	gObjectEventPic_ClefairyDoll
0x084E2738	rom	gObjectEventPic_DittoDoll
0x084E27B8	rom	gObjectEventPic_SmoochumDoll
0x084E2838	rom	gObjectEventPic_TreeckoDoll
0x084E28B8	rom	gObjectEventPic_TorchicDoll
0x084E2938	rom	gObjectEventPic_MudkipDoll
0x084E29B8	rom	gObjectEventPic_DuskullDoll
0x084E2A38	rom	gObjectEventPic_WynautDoll
0x084E2AB8	rom	gObjectEventPic_BaltoyDoll
0x084E2B38	rom	gObjectEventPic_KecleonDoll
0x084E2BB8	rom	gObjectEventPic_AzurillDoll
0x084E2C38	rom	gObjectEventPic_SkittyDoll
0x084E2CB8	rom	gObjectEventPic_SwabluDoll
0x084E2D38	rom	gObjectEventPic_GulpinDoll
0x084E2DB8	rom	gObjectEventPic_LotadDoll
0x084E2E38	rom	gObjectEventPic_SeedotDoll
0x084E2EB8	rom	gObjectEventPic_PikaCushion
0x084E2F38	rom	gObjectEventPic_RoundCushion
0x084E2FB8	rom	gObjectEventPic_KissCushion
0x084E3038	rom	gObjectEventPic_ZigzagCushion
0x084E30B8	rom	gObjectEventPic_SpinCushion
0x084E3138	rom	gObjectEventPic_DiamondCushion
0x084E31B8	rom	gObjectEventPic_BallCushion
0x084E3238	rom	gObjectEventPic_GrassCushion
0x084E32B8	rom	gObjectEventPic_FireCushion
0x084E3338	rom	gObjectEventPic_WaterCushion
0x084E33B8	rom	gObjectEventPic_BigSnorlaxDoll
0x084E35B8	rom	gObjectEventPic_BigRhydonDoll
0x084E37B8	rom	gObjectEventPic_BigLaprasDoll
0x084E39B8	rom	gObjectEventPic_BigVenusaurDoll
0x084E3BB8	rom	gObjectEventPic_BigCharizardDoll
0x084E3DB8	rom	gObjectEventPic_BigBlastoiseDoll
0x084E3FB8	rom	gObjectEventPic_BigWailmerDoll
0x084E41B8	rom	gObjectEventPic_BigRegirockDoll
0x084E43B8	rom	gObjectEventPic_BigRegiceDoll
0x084E45B8	rom	gObjectEventPic_BigRegisteelDoll
0x084E47B8	rom	gObjectEventPic_CuttableTree
0x084E49B8	rom	gObjectEventPic_BreakableRock
0x084E4BB8	rom	gObjectEventPic_PushableBoulder
0x084E4C38	rom	gObjectEventPic_MrBrineysBoat
0x084E5238	rom	gObjectEventPic_Fossil
0x084E52B8	rom	gObjectEventPic_SubmarineShadow
0x084E5838	rom	gObjectEventPal_SubmarineShadow
0x084E5858	rom	gObjectEventPic_Truck
0x084E5CD8	rom	gObjectEventPal_Truck
0x084E5CF8	rom	gObjectEventPic_Vigoroth
0x084E66F8	rom	gObjectEventPal_Vigoroth
0x084E6718	rom	gObjectEventPic_BirchsBag
0x084E6798	rom	gObjectEventPic_EnemyZigzagoon
0x084E7998	rom	gObjectEventPal_EnemyZigzagoon
0x084E79B8	rom	gObjectEventPic_Poochyena
0x084E8BB8	rom	gObjectEventPal_Poochyena
0x084E8BD8	rom	gObjectEventPic_CableCar
0x084E93D8	rom	gObjectEventPal_CableCar
0x084E93F8	rom	gObjectEventPic_SSTidal
0x084E9B78	rom	gObjectEventPal_SSTidal
0x084E9B98	rom	gFieldEffectObjectPic_Sparkle
0x084E9E98	rom	gObjectEventPic_BerryTreeDirtPile
0x084E9F18	rom	gObjectEventPic_BerryTreeSprout
0x084EA018	rom	gObjectEventPic_PechaBerryTree
0x084EA618	rom	gObjectEventPic_KelpsyBerryTree
0x084EAC18	rom	gObjectEventPic_WepearBerryTree
0x084EB218	rom	gObjectEventPic_IapapaBerryTree
0x084EB818	rom	gObjectEventPic_CheriBerryTree
0x084EBE18	rom	gObjectEventPic_FigyBerryTree
0x084EC418	rom	gObjectEventPic_MagoBerryTree
0x084ECA18	rom	gObjectEventPic_LumBerryTree
0x084ED018	rom	gObjectEventPic_RazzBerryTree
0x084ED618	rom	gObjectEventPic_GrepaBerryTree
0x084EDC18	rom	gObjectEventPic_RabutaBerryTree
0x084EE218	rom	gObjectEventPic_NomelBerryTree
0x084EE818	rom	gObjectEventPic_LeppaBerryTree
0x084EEE18	rom	gObjectEventPic_LiechiBerryTree
0x084EF418	rom	gObjectEventPic_HondewBerryTree
0x084EFA18	rom	gObjectEventPic_AguavBerryTree
0x084F0018	rom	gObjectEventPic_WikiBerryTree
0x084F0618	rom	gObjectEventPic_PomegBerryTree
0x084F0C18	rom	gObjectEventPic_RawstBerryTree
0x084F1218	rom	gObjectEventPic_SpelonBerryTree
0x084F1818	rom	gObjectEventPic_ChestoBerryTree
0x084F1E18	rom	gObjectEventPic_OranBerryTree
0x084F2418	rom	gObjectEventPic_PersimBerryTree
0x084F2A18	rom	gObjectEventPic_SitrusBerryTree
0x084F3018	rom	gObjectEventPic_AspearBerryTree
0x084F3618	rom	gObjectEventPic_PamtreBerryTree
0x084F3C18	rom	gObjectEventPic_CornnBerryTree
0x084F4218	rom	gObjectEventPic_LansatBerryTree
0x084F4818	rom	gObjectEventPic_DurinBerryTree
0x084F4E18	rom	gObjectEventPic_TamatoBerryTree
0x084F5418	rom	gFieldEffectObjectPic_SurfBlob
0x084F5A18	rom	gObjectEventPic_QuintyPlump
0x084F6818	rom	gObjectEventPal_QuintyPlump
0x084F6838	rom	gObjectEventPal_QuintyPlumpReflection
0x084F6858	rom	gFieldEffectObjectPic_ShadowSmall
0x084F6878	rom	gFieldEffectObjectPic_ShadowMedium
0x084F68B8	rom	gFieldEffectObjectPic_ShadowLarge
0x084F6938	rom	gFieldEffectObjectPic_ShadowExtraLarge
0x084F6D38	rom	sFiller
0x084F6E58	rom	gFieldEffectPic_CutGrass
0x084F6E78	rom	gFieldEffectPic_CutGrass_Copy
0x084F6E98	rom	gFieldEffectPal_CutGrass
0x084F6EB8	rom	gFieldEffectObjectPic_Ripple
0x084F7138	rom	gFieldEffectObjectPic_Ash
0x084F73B8	rom	gFieldEffectObjectPic_Arrow
0x084F77B8	rom	gFieldEffectObjectPalette0
0x084F77D8	rom	gFieldEffectObjectPalette1
0x084F77F8	rom	gFieldEffectObjectPic_GroundImpactDust
0x084F78B8	rom	gFieldEffectObjectPic_JumpTallGrass
0x084F79B8	rom	gUnusedGrass3
0x084F7BB8	rom	gFieldEffectObjectPic_JumpLongGrass
0x084F7F38	rom	gFieldEffectObjectPic_Unknown17
0x084F8338	rom	gFieldEffectObjectPic_UnusedGrass2
0x084F8538	rom	gFieldEffectObjectPic_LongGrass
0x084F8738	rom	gFieldEffectObjectPic_TallGrass
0x084F89B8	rom	gFieldEffectObjectPic_ShortGrass
0x084F8AB8	rom	gFieldEffectObjectPic_SandFootprints
0x084F8BB8	rom	gFieldEffectObjectPic_DeepSandFootprints
0x084F8CB8	rom	gFieldEffectObjectPic_BikeTireTracks
0x084F8EB8	rom	gFieldEffectObjectPic_UnusedSand
0x084F90B8	rom	gFieldEffectObjectPic_SandPile
0x084F9178	rom	gFieldEffectObjectPic_JumpBigSplash
0x084F9378	rom	gFieldEffectObjectPic_Splash
0x084F93F8	rom	gFieldEffectObjectPic_JumpSmallSplash
0x084F94B8	rom	gFieldEffectObjectPic_WaterSurfacing
0x084F9738	rom	gFieldEffectObjectPic_TreeDisguise
0x084F9E38	rom	gFieldEffectObjectPic_MountainDisguise
0x084FA538	rom	gFieldEffectObjectPic_SandDisguisePlaceholder
0x084FAC38	rom	gFieldEffectObjectPic_HotSpringsWater
0x084FACB8	rom	gFieldEffectPal_Ash
0x084FACD8	rom	gFieldEffectObjectPic_AshPuff
0x084FAF58	rom	gFieldEffectObjectPic_AshLaunch
0x084FB1D8	rom	gFieldEffectObjectPic_Bubbles
0x084FB9D8	rom	gFieldEffectObjectPic_SmallSparkle
0x084FBAD8	rom	gFieldEffectPal_SmallSparkle
0x084FBAF8	rom	gFieldEffectObjectPic_Bird
0x084FBCF8	rom	gObjectEventPic_Juan
0x084FC5F8	rom	gObjectEventPic_Scott
0x084FCEF8	rom	gObjectEventPic_Statue
0x084FCFF8	rom	gObjectEventPic_Kirlia
0x084FD8F8	rom	gObjectEventPic_Dusclops
0x084FE1F8	rom	gObjectEventPic_MysteryEventDeliveryman
0x084FE4F8	rom	gObjectEventPic_UnionRoomAttendant
0x084FE7F8	rom	gObjectEventPic_MovingBox
0x084FE878	rom	gObjectEventPal_MovingBox
0x084FE898	rom	gObjectEventPic_Sudowoodo
0x084FEB98	rom	gObjectEventPic_Mew
0x084FF498	rom	gObjectEventPal_RedLeaf
0x084FF4B8	rom	gObjectEventPic_Red
0x084FFDB8	rom	gObjectEventPic_Leaf
0x085006B8	rom	gObjectEventPal_BirthIslandStone
0x085006D8	rom	gObjectEventPic_BirthIslandStone
0x085008D8	rom	gObjectEventPal_Deoxys
0x085008F8	rom	gObjectEventPic_Deoxys
0x08500CF8	rom	gObjectEventPic_Anabel
0x085015F8	rom	gObjectEventPic_Tucker
0x08501EF8	rom	gObjectEventPic_Spenser
0x085027F8	rom	gObjectEventPic_Greta
0x085030F8	rom	gObjectEventPic_Noland
0x085039F8	rom	gObjectEventPic_Lucy
0x085042F8	rom	gObjectEventPic_Brandon
0x08504BF8	rom	gObjectEventPic_Lugia
0x08504FF8	rom	gObjectEventPal_Lugia
0x08505018	rom	gObjectEventPic_HoOh
0x08505418	rom	gObjectEventPal_HoOh
0x08505438	rom	sMovementTypeCallbacks
0x0850557C	rom	sMovementTypeHasRange
0x085055CD	rom	gInitialMovementTypeFacingDirections
0x08505620	rom	gObjectEventGraphicsInfoPointers
0x085059DC	rom	gMauvilleOldManGraphicsInfoPointers
0x085059F8	rom	gFieldEffectObjectTemplatePointers
0x08505A8C	rom	sPicTable_BrendanNormal
0x08505B1C	rom	sPicTable_BrendanMachBike
0x08505B64	rom	sPicTable_BrendanAcroBike
0x08505C3C	rom	sPicTable_BrendanSurfing
0x08505C9C	rom	sPicTable_BrendanUnderwater
0x08505CE4	rom	sPicTable_BrendanFieldMove
0x08505D0C	rom	sPicTable_QuintyPlump
0x08505D44	rom	sPicTable_NinjaBoy
0x08505D8C	rom	sPicTable_Twin
0x08505DD4	rom	sPicTable_Boy1
0x08505E1C	rom	sPicTable_Girl1
0x08505E64	rom	sPicTable_Boy2
0x08505EAC	rom	sPicTable_Girl2
0x08505EF4	rom	sPicTable_LittleBoy
0x08505F3C	rom	sPicTable_LittleGirl
0x08505F84	rom	sPicTable_Boy3
0x08505FCC	rom	sPicTable_Girl3
0x08506014	rom	sPicTable_RichBoy
0x0850605C	rom	sPicTable_Woman1
0x085060A4	rom	sPicTable_FatMan
0x085060EC	rom	sPicTable_PokefanF
0x08506134	rom	sPicTable_Man1
0x0850617C	rom	sPicTable_Woman2
0x085061C4	rom	sPicTable_ExpertM
0x0850620C	rom	sPicTable_ExpertF
0x08506254	rom	sPicTable_Man2
0x0850629C	rom	sPicTable_Woman3
0x085062E4	rom	sPicTable_PokefanM
0x0850632C	rom	sPicTable_Woman4
0x08506374	rom	sPicTable_Cook
0x085063BC	rom	sPicTable_LinkReceptionist
0x08506404	rom	sPicTable_OldMan
0x0850644C	rom	sPicTable_OldWoman
0x08506494	rom	sPicTable_Camper
0x085064DC	rom	sPicTable_Picnicker
0x08506524	rom	sPicTable_Man3
0x0850656C	rom	sPicTable_Woman5
0x085065B4	rom	sPicTable_Youngster
0x085065FC	rom	sPicTable_BugCatcher
0x08506644	rom	sPicTable_PsychicM
0x0850668C	rom	sPicTable_SchoolKidM
0x085066D4	rom	sPicTable_Maniac
0x0850671C	rom	sPicTable_HexManiac
0x08506764	rom	sPicTable_SwimmerM
0x085067AC	rom	sPicTable_SwimmerF
0x085067F4	rom	sPicTable_BlackBelt
0x0850683C	rom	sPicTable_Beauty
0x08506884	rom	sPicTable_Scientist1
0x085068CC	rom	sPicTable_Lass
0x08506914	rom	sPicTable_Gentleman
0x0850695C	rom	sPicTable_Sailor
0x085069A4	rom	sPicTable_Fisherman
0x085069EC	rom	sPicTable_RunningTriathleteM
0x08506A34	rom	sPicTable_RunningTriathleteF
0x08506A7C	rom	sPicTable_TuberF
0x08506AC4	rom	sPicTable_TuberM
0x08506B0C	rom	sPicTable_Hiker
0x08506B54	rom	sPicTable_CyclingTriathleteM
0x08506B9C	rom	sPicTable_CyclingTriathleteF
0x08506BE4	rom	sPicTable_Nurse
0x08506C34	rom	sPicTable_ItemBall
0x08506C3C	rom	sPicTable_ProfBirch
0x08506C84	rom	sPicTable_Man4
0x08506CCC	rom	sPicTable_Man5
0x08506D14	rom	sPicTable_ReporterM
0x08506D5C	rom	sPicTable_ReporterF
0x08506DA4	rom	sPicTable_MauvilleOldMan1
0x08506DEC	rom	sPicTable_MauvilleOldMan2
0x08506E34	rom	sPicTable_UnusedNatuDoll
0x08506E3C	rom	sPicTable_UnusedMagnemiteDoll
0x08506E44	rom	sPicTable_UnusedSquirtleDoll
0x08506E4C	rom	sPicTable_UnusedWooperDoll
0x08506E54	rom	sPicTable_UnusedPikachuDoll
0x08506E5C	rom	sPicTable_UnusedPorygon2Doll
0x08506E64	rom	sPicTable_CuttableTree
0x08506E84	rom	sPicTable_MartEmployee
0x08506ECC	rom	sPicTable_RooftopSaleWoman
0x08506F14	rom	sPicTable_Teala
0x08506F5C	rom	sPicTable_BreakableRock
0x08506F7C	rom	sPicTable_PushableBoulder
0x08506F84	rom	sPicTable_MrBrineysBoat
0x08506FCC	rom	sPicTable_Truck
0x08506FD4	rom	sPicTable_VigorothCarryingBox
0x0850701C	rom	sPicTable_VigorothFacingAway
0x08507064	rom	sPicTable_BirchsBag
0x0850706C	rom	sPicTable_EnemyZigzagoon
0x085070B4	rom	sPicTable_Poochyena
0x085070FC	rom	sPicTable_Artist
0x08507144	rom	sPicTable_MayNormal
0x085071D4	rom	sPicTable_MayMachBike
0x0850721C	rom	sPicTable_MayAcroBike
0x085072F4	rom	sPicTable_MaySurfing
0x08507354	rom	sPicTable_MayUnderwater
0x0850739C	rom	sPicTable_MayFieldMove
0x085073C4	rom	sPicTable_Cameraman
0x0850740C	rom	sPicTable_MovingBox
0x08507414	rom	sPicTable_CableCar
0x0850741C	rom	sPicTable_Scientist2
0x08507464	rom	sPicTable_DevonEmployee
0x085074AC	rom	sPicTable_AquaMemberM
0x085074F4	rom	sPicTable_AquaMemberF
0x0850753C	rom	sPicTable_MagmaMemberM
0x08507584	rom	sPicTable_MagmaMemberF
0x085075CC	rom	sPicTable_Sidney
0x08507614	rom	sPicTable_Phoebe
0x0850765C	rom	sPicTable_Glacia
0x085076A4	rom	sPicTable_Drake
0x085076EC	rom	sPicTable_Roxanne
0x08507734	rom	sPicTable_Brawly
0x0850777C	rom	sPicTable_Wattson
0x085077C4	rom	sPicTable_Flannery
0x0850780C	rom	sPicTable_Norman
0x08507854	rom	sPicTable_Winona
0x0850789C	rom	sPicTable_Liza
0x085078E4	rom	sPicTable_Tate
0x0850792C	rom	sPicTable_Wallace
0x08507974	rom	sPicTable_Steven
0x085079BC	rom	sPicTable_Wally
0x08507A04	rom	sPicTable_RubySapphireLittleBoy
0x08507A4C	rom	sPicTable_BrendanFishing
0x08507AAC	rom	sPicTable_MayFishing
0x08507B0C	rom	sPicTable_HotSpringsOldWoman
0x08507B54	rom	sPicTable_SSTidal
0x08507B9C	rom	sPicTable_SubmarineShadow
0x08507BE4	rom	sPicTable_PichuDoll
0x08507BEC	rom	sPicTable_PikachuDoll
0x08507BF4	rom	sPicTable_MarillDoll
0x08507BFC	rom	sPicTable_TogepiDoll
0x08507C04	rom	sPicTable_CyndaquilDoll
0x08507C0C	rom	sPicTable_ChikoritaDoll
0x08507C14	rom	sPicTable_TotodileDoll
0x08507C1C	rom	sPicTable_JigglypuffDoll
0x08507C24	rom	sPicTable_MeowthDoll
0x08507C2C	rom	sPicTable_ClefairyDoll
0x08507C34	rom	sPicTable_DittoDoll
0x08507C3C	rom	sPicTable_SmoochumDoll
0x08507C44	rom	sPicTable_TreeckoDoll
0x08507C4C	rom	sPicTable_TorchicDoll
0x08507C54	rom	sPicTable_MudkipDoll
0x08507C5C	rom	sPicTable_DuskullDoll
0x08507C64	rom	sPicTable_WynautDoll
0x08507C6C	rom	sPicTable_BaltoyDoll
0x08507C74	rom	sPicTable_KecleonDoll
0x08507C7C	rom	sPicTable_AzurillDoll
0x08507C84	rom	sPicTable_SkittyDoll
0x08507C8C	rom	sPicTable_SwabluDoll
0x08507C94	rom	sPicTable_GulpinDoll
0x08507C9C	rom	sPicTable_LotadDoll
0x08507CA4	rom	sPicTable_SeedotDoll
0x08507CAC	rom	sPicTable_PikaCushion
0x08507CB4	rom	sPicTable_RoundCushion
0x08507CBC	rom	sPicTable_KissCushion
0x08507CC4	rom	sPicTable_ZigzagCushion
0x08507CCC	rom	sPicTable_SpinCushion
0x08507CD4	rom	sPicTable_DiamondCushion
0x08507CDC	rom	sPicTable_BallCushion
0x08507CE4	rom	sPicTable_GrassCushion
0x08507CEC	rom	sPicTable_FireCushion
0x08507CF4	rom	sPicTable_WaterCushion
0x08507CFC	rom	sPicTable_BigSnorlaxDoll
0x08507D04	rom	sPicTable_BigRhydonDoll
0x08507D0C	rom	sPicTable_BigLaprasDoll
0x08507D14	rom	sPicTable_BigVenusaurDoll
0x08507D1C	rom	sPicTable_BigCharizardDoll
0x08507D24	rom	sPicTable_BigBlastoiseDoll
0x08507D2C	rom	sPicTable_BigWailmerDoll
0x08507D34	rom	sPicTable_BigRegirockDoll
0x08507D3C	rom	sPicTable_BigRegiceDoll
0x08507D44	rom	sPicTable_BigRegisteelDoll
0x08507D4C	rom	sPicTable_LatiasLatios
0x08507D94	rom	sPicTable_GameboyKid
0x08507DDC	rom	sPicTable_ContestJudge
0x08507E24	rom	sPicTable_BrendanWatering
0x08507E6C	rom	sPicTable_MayWatering
0x08507EB4	rom	sPicTable_BrendanDecorating
0x08507EBC	rom	sPicTable_MayDecorating
0x08507EC4	rom	sPicTable_Archie
0x08507F0C	rom	sPicTable_Maxie
0x08507F54	rom	sPicTable_KyogreFront
0x08507F9C	rom	sPicTable_GroudonFront
0x08507FE4	rom	sPicTable_KyogreSide
0x0850802C	rom	sPicTable_GroudonSide
0x08508074	rom	sPicTable_Fossil
0x0850807C	rom	sPicTable_Regi
0x085080C4	rom	sPicTable_Skitty
0x0850810C	rom	sPicTable_Kecleon
0x08508154	rom	sPicTable_Rayquaza
0x0850817C	rom	sPicTable_RayquazaStill
0x085081C4	rom	sPicTable_Zigzagoon
0x0850820C	rom	sPicTable_Pikachu
0x08508254	rom	sPicTable_Azumarill
0x0850829C	rom	sPicTable_Wingull
0x085082E4	rom	sPicTable_TuberMSwimming
0x0850832C	rom	sPicTable_Azurill
0x08508374	rom	sPicTable_Mom
0x085083BC	rom	sPicTable_Scott
0x08508404	rom	sPicTable_Juan
0x0850844C	rom	sPicTable_MysteryEventDeliveryman
0x08508494	rom	sPicTable_Statue
0x0850849C	rom	sPicTable_Dusclops
0x085084E4	rom	sPicTable_Kirlia
0x0850852C	rom	sPicTable_UnionRoomAttendant
0x08508574	rom	sPicTable_Sudowoodo
0x085085BC	rom	sPicTable_Mew
0x08508604	rom	sPicTable_Red
0x0850864C	rom	sPicTable_Leaf
0x08508694	rom	sPicTable_Deoxys
0x085086DC	rom	sPicTable_BirthIslandStone
0x085086E4	rom	sPicTable_Anabel
0x0850872C	rom	sPicTable_Tucker
0x08508774	rom	sPicTable_Spenser
0x085087BC	rom	sPicTable_Greta
0x08508804	rom	sPicTable_Noland
0x0850884C	rom	sPicTable_Lucy
0x08508894	rom	sPicTable_Brandon
0x085088DC	rom	sPicTable_Lugia
0x08508924	rom	sPicTable_HoOh
0x0850896C	rom	sPicTable_RubySapphireBrendan
0x085089B4	rom	sPicTable_RubySapphireMay
0x085089FC	rom	sAnim_StayStill
0x08508A10	rom	sAnim_QuintyPlumpFaceSouth
0x08508A18	rom	sAnim_QuintyPlumpFaceNorth
0x08508A20	rom	sAnim_QuintyPlumpFaceWest
0x08508A28	rom	sAnim_QuintyPlumpFaceEast
0x08508A30	rom	sAnim_QuintyPlumpGoSouth
0x08508A44	rom	sAnim_QuintyPlumpGoNorth
0x08508A58	rom	sAnim_QuintyPlumpGoWest
0x08508A6C	rom	sAnim_QuintyPlumpGoEast
0x08508A80	rom	sAnim_QuintyPlumpGoFastSouth
0x08508A94	rom	sAnim_QuintyPlumpGoFastNorth
0x08508AA8	rom	sAnim_QuintyPlumpGoFastWest
0x08508ABC	rom	sAnim_QuintyPlumpGoFastEast
0x08508AD0	rom	sAnim_QuintyPlumpGoFasterSouth
0x08508AE4	rom	sAnim_QuintyPlumpGoFasterNorth
0x08508AF8	rom	sAnim_QuintyPlumpGoFasterWest
0x08508B0C	rom	sAnim_QuintyPlumpGoFasterEast
0x08508B20	rom	sAnim_QuintyPlumpGoFastestSouth
0x08508B34	rom	sAnim_QuintyPlumpGoFastestNorth
0x08508B48	rom	sAnim_QuintyPlumpGoFastestWest
0x08508B5C	rom	sAnim_QuintyPlumpGoFastestEast
0x08508B70	rom	sAnim_FaceSouth
0x08508B78	rom	sAnim_FaceNorth
0x08508B80	rom	sAnim_FaceWest
0x08508B88	rom	sAnim_FaceEast
0x08508B90	rom	sAnim_GoSouth
0x08508BA4	rom	sAnim_GoNorth
0x08508BB8	rom	sAnim_GoWest
0x08508BCC	rom	sAnim_GoEast
0x08508BE0	rom	sAnim_GoFastSouth
0x08508BF4	rom	sAnim_GoFastNorth
0x08508C08	rom	sAnim_GoFastWest
0x08508C1C	rom	sAnim_GoFastEast
0x08508C30	rom	sAnim_GoFasterSouth
0x08508C44	rom	sAnim_GoFasterNorth
0x08508C58	rom	sAnim_GoFasterWest
0x08508C6C	rom	sAnim_GoFasterEast
0x08508C80	rom	sAnim_GoFastestSouth
0x08508C94	rom	sAnim_GoFastestNorth
0x08508CA8	rom	sAnim_GoFastestWest
0x08508CBC	rom	sAnim_GoFastestEast
0x08508CD0	rom	sAnim_RunSouth
0x08508CE4	rom	sAnim_RunNorth
0x08508CF8	rom	sAnim_RunWest
0x08508D0C	rom	sAnim_RunEast
0x08508D20	rom	sAnim_FieldMove
0x08508D38	rom	sAnim_GetOnOffSurfBlobSouth
0x08508D40	rom	sAnim_GetOnOffSurfBlobNorth
0x08508D48	rom	sAnim_GetOnOffSurfBlobWest
0x08508D50	rom	sAnim_GetOnOffSurfBlobEast
0x08508D58	rom	sAnim_BunnyHopBackWheelSouth
0x08508D64	rom	sAnim_BunnyHopBackWheelNorth
0x08508D70	rom	sAnim_BunnyHopBackWheelWest
0x08508D7C	rom	sAnim_BunnyHopBackWheelEast
0x08508D88	rom	sAnim_BunnyHopFrontWheelSouth
0x08508D94	rom	sAnim_BunnyHopFrontWheelNorth
0x08508DA0	rom	sAnim_BunnyHopFrontWheelWest
0x08508DAC	rom	sAnim_BunnyHopFrontWheelEast
0x08508DB8	rom	sAnim_StandingWheelieBackWheelSouth
0x08508DC4	rom	sAnim_StandingWheelieBackWheelNorth
0x08508DD0	rom	sAnim_StandingWheelieBackWheelWest
0x08508DDC	rom	sAnim_StandingWheelieBackWheelEast
0x08508DE8	rom	sAnim_StandingWheelieFrontWheelSouth
0x08508DF4	rom	sAnim_StandingWheelieFrontWheelNorth
0x08508E00	rom	sAnim_StandingWheelieFrontWheelWest
0x08508E0C	rom	sAnim_StandingWheelieFrontWheelEast
0x08508E18	rom	sAnim_MovingWheelieSouth
0x08508E2C	rom	sAnim_MovingWheelieNorth
0x08508E40	rom	sAnim_MovingWheelieWest
0x08508E54	rom	sAnim_MovingWheelieEast
0x08508E68	rom	sAnim_BerryTreeStage0
0x08508E70	rom	sAnim_BerryTreeStage1
0x08508E7C	rom	sAnim_BerryTreeStage2
0x08508E88	rom	sAnim_BerryTreeStage3
0x08508E9C	rom	sAnim_BerryTreeStage4
0x08508EB0	rom	sAnim_NurseBow
0x08508EC0	rom	sAnim_RockBreak
0x08508ED4	rom	sAnim_TreeCut
0x08508EE8	rom	sAnim_TakeOutRodSouth
0x08508EFC	rom	sAnim_TakeOutRodNorth
0x08508F10	rom	sAnim_TakeOutRodWest
0x08508F24	rom	sAnim_TakeOutRodEast
0x08508F38	rom	sAnim_PutAwayRodSouth
0x08508F4C	rom	sAnim_PutAwayRodNorth
0x08508F60	rom	sAnim_PutAwayRodWest
0x08508F74	rom	sAnim_PutAwayRodEast
0x08508F88	rom	sAnim_HookedPokemonSouth
0x08508F9C	rom	sAnim_HookedPokemonNorth
0x08508FB0	rom	sAnim_HookedPokemonWest
0x08508FC4	rom	sAnim_HookedPokemonEast
0x08508FD8	rom	sAffineAnim_KyogreGroudon_GoSouthStart
0x08509008	rom	sAffineAnim_KyogreGroudon_GoSouth
0x08509040	rom	sAffineAnim_KyogreGroudon_AttackEast
0x08509050	rom	sAffineAnim_KyogreGroudon_AttackWest
0x08509060	rom	sAffineAnim_KyogreGroudon_DipEast
0x08509078	rom	sAffineAnim_KyogreGroudon_DipWest
0x08509090	rom	sAnim_HoOhFlapWings
0x085090A4	rom	sAnim_HoOhStayStill
0x085090AC	rom	sAnimTable_Inanimate
0x085090B0	rom	sAnimTable_QuintyPlump
0x08509100	rom	sAnimTable_Standard
0x08509150	rom	sAnimTable_HoOh
0x085091A0	rom	sAnimTable_GroudonSide
0x085091F0	rom	sAnim_RayquazaCoiledAwake
0x085091F8	rom	sAnim_RayquazaFlyUp
0x08509200	rom	sAnim_RayquazaCoiledAsleep
0x08509208	rom	sAnim_RayquazaCoiledMouthOpen
0x08509210	rom	sAnim_RayquazaNormal
0x08509218	rom	sAnim_RayquazaFaceSouth
0x08509220	rom	sAnim_RayquazaFaceNorth
0x08509228	rom	sAnim_RayquazaFaceWest
0x08509230	rom	sAnim_RayquazaFaceEast
0x08509238	rom	sAnimTable_Rayquaza
0x08509288	rom	sAnimTable_BrendanMayNormal
0x085092E8	rom	sAnimTable_AcroBike
0x08509388	rom	sAnimTable_Surfing
0x085093E8	rom	sAnimTable_Nurse
0x0850943C	rom	sAnimTable_FieldMove
0x08509440	rom	sAnimTable_BerryTree
0x08509454	rom	sAnimTable_BreakableRock
0x0850945C	rom	sAnimTable_CuttableTree
0x08509464	rom	sAnimTable_Fishing
0x08509494	rom	sAffineAnimTable_KyogreGroudon
0x085094AC	rom	sStepAnimTables
0x085094EC	rom	gObjectEventBaseOam_8x8
0x085094F4	rom	gObjectEventBaseOam_16x8
0x085094FC	rom	gObjectEventBaseOam_16x16
0x08509504	rom	gObjectEventBaseOam_32x8
0x0850950C	rom	gObjectEventBaseOam_64x32
0x08509514	rom	gObjectEventBaseOam_16x32
0x0850951C	rom	gObjectEventBaseOam_32x32
0x08509524	rom	gObjectEventBaseOam_64x64
0x0850952C	rom	sOamTable_16x16_0
0x08509530	rom	sOamTable_16x16_1
0x08509534	rom	sOamTable_16x16_2
0x0850953C	rom	sOamTable_16x16_3
0x08509544	rom	sOamTable_16x16_4
0x0850954C	rom	sOamTables_16x16
0x0850957C	rom	sOamTable_16x32_0
0x08509580	rom	sOamTable_16x32_1
0x08509584	rom	sOamTable_16x32_2
0x08509590	rom	sOamTable_16x32_3
0x08509598	rom	sOamTable_16x32_4
0x085095A0	rom	sOamTables_16x32
0x085095D0	rom	sOamTable_32x32_0
0x085095D4	rom	sOamTable_32x32_1
0x085095D8	rom	sOamTable_32x32_2
0x085095E4	rom	sOamTable_32x32_3
0x085095EC	rom	sOamTable_32x32_4
0x085095F4	rom	sOamTables_32x32
0x08509624	rom	sOamTable_48x48
0x08509654	rom	sOamTables_48x48
0x08509684	rom	sOamTable_64x32_0
0x08509688	rom	sOamTable_64x32_1
0x0850968C	rom	sOamTable_64x32_2
0x08509690	rom	sOamTable_64x32_3
0x08509694	rom	sOamTables_64x32
0x085096C4	rom	sOamTable_64x64_0
0x085096C8	rom	sOamTable_64x64_1
0x085096CC	rom	sOamTable_64x64_2
0x085096D0	rom	sOamTable_64x64_3
0x085096D4	rom	sOamTables_64x64
0x08509704	rom	sOamTable_96x40_0
0x08509740	rom	sOamTable_96x40_1
0x0850977C	rom	sOamTable_96x40_2
0x085097B8	rom	sOamTable_96x40_3
0x085097F4	rom	sOamTables_96x40
0x08509824	rom	sOamTable_88x32_0
0x08509864	rom	sOamTable_88x32_1
0x085098A4	rom	sOamTable_88x32_2
0x085098E4	rom	sOamTable_88x32_3
0x08509924	rom	sOamTables_88x32
0x08509954	rom	gObjectEventGraphicsInfo_BrendanNormal
0x08509978	rom	gObjectEventGraphicsInfo_BrendanMachBike
0x0850999C	rom	gObjectEventGraphicsInfo_BrendanAcroBike
0x085099C0	rom	gObjectEventGraphicsInfo_BrendanSurfing
0x085099E4	rom	gObjectEventGraphicsInfo_BrendanFieldMove
0x08509A08	rom	gObjectEventGraphicsInfo_QuintyPlump
0x08509A2C	rom	gObjectEventGraphicsInfo_NinjaBoy
0x08509A50	rom	gObjectEventGraphicsInfo_Twin
0x08509A74	rom	gObjectEventGraphicsInfo_Boy1
0x08509A98	rom	gObjectEventGraphicsInfo_Girl1
0x08509ABC	rom	gObjectEventGraphicsInfo_Boy2
0x08509AE0	rom	gObjectEventGraphicsInfo_Girl2
0x08509B04	rom	gObjectEventGraphicsInfo_LittleBoy
0x08509B28	rom	gObjectEventGraphicsInfo_LittleGirl
0x08509B4C	rom	gObjectEventGraphicsInfo_Boy3
0x08509B70	rom	gObjectEventGraphicsInfo_Girl3
0x08509B94	rom	gObjectEventGraphicsInfo_RichBoy
0x08509BB8	rom	gObjectEventGraphicsInfo_Woman1
0x08509BDC	rom	gObjectEventGraphicsInfo_FatMan
0x08509C00	rom	gObjectEventGraphicsInfo_PokefanF
0x08509C24	rom	gObjectEventGraphicsInfo_Man1
0x08509C48	rom	gObjectEventGraphicsInfo_Woman2
0x08509C6C	rom	gObjectEventGraphicsInfo_ExpertM
0x08509C90	rom	gObjectEventGraphicsInfo_ExpertF
0x08509CB4	rom	gObjectEventGraphicsInfo_Man2
0x08509CD8	rom	gObjectEventGraphicsInfo_Woman3
0x08509CFC	rom	gObjectEventGraphicsInfo_PokefanM
0x08509D20	rom	gObjectEventGraphicsInfo_Woman4
0x08509D44	rom	gObjectEventGraphicsInfo_Cook
0x08509D68	rom	gObjectEventGraphicsInfo_LinkReceptionist
0x08509D8C	rom	gObjectEventGraphicsInfo_OldMan
0x08509DB0	rom	gObjectEventGraphicsInfo_OldWoman
0x08509DD4	rom	gObjectEventGraphicsInfo_Camper
0x08509DF8	rom	gObjectEventGraphicsInfo_Picnicker
0x08509E1C	rom	gObjectEventGraphicsInfo_Man3
0x08509E40	rom	gObjectEventGraphicsInfo_Woman5
0x08509E64	rom	gObjectEventGraphicsInfo_Youngster
0x08509E88	rom	gObjectEventGraphicsInfo_BugCatcher
0x08509EAC	rom	gObjectEventGraphicsInfo_PsychicM
0x08509ED0	rom	gObjectEventGraphicsInfo_SchoolKidM
0x08509EF4	rom	gObjectEventGraphicsInfo_Maniac
0x08509F18	rom	gObjectEventGraphicsInfo_HexManiac
0x08509F3C	rom	gObjectEventGraphicsInfo_RayquazaStill
0x08509F60	rom	gObjectEventGraphicsInfo_SwimmerM
0x08509F84	rom	gObjectEventGraphicsInfo_SwimmerF
0x08509FA8	rom	gObjectEventGraphicsInfo_BlackBelt
0x08509FCC	rom	gObjectEventGraphicsInfo_Beauty
0x08509FF0	rom	gObjectEventGraphicsInfo_Scientist1
0x0850A014	rom	gObjectEventGraphicsInfo_Lass
0x0850A038	rom	gObjectEventGraphicsInfo_Gentleman
0x0850A05C	rom	gObjectEventGraphicsInfo_Sailor
0x0850A080	rom	gObjectEventGraphicsInfo_Fisherman
0x0850A0A4	rom	gObjectEventGraphicsInfo_RunningTriathleteM
0x0850A0C8	rom	gObjectEventGraphicsInfo_RunningTriathleteF
0x0850A0EC	rom	gObjectEventGraphicsInfo_TuberF
0x0850A110	rom	gObjectEventGraphicsInfo_TuberM
0x0850A134	rom	gObjectEventGraphicsInfo_Hiker
0x0850A158	rom	gObjectEventGraphicsInfo_CyclingTriathleteM
0x0850A17C	rom	gObjectEventGraphicsInfo_CyclingTriathleteF
0x0850A1A0	rom	gObjectEventGraphicsInfo_Nurse
0x0850A1C4	rom	gObjectEventGraphicsInfo_ItemBall
0x0850A1E8	rom	gObjectEventGraphicsInfo_BerryTree
0x0850A20C	rom	gObjectEventGraphicsInfo_BerryTreeEarlyStages
0x0850A230	rom	gObjectEventGraphicsInfo_BerryTreeLateStages
0x0850A254	rom	gObjectEventGraphicsInfo_ProfBirch
0x0850A278	rom	gObjectEventGraphicsInfo_Man4
0x0850A29C	rom	gObjectEventGraphicsInfo_Man5
0x0850A2C0	rom	gObjectEventGraphicsInfo_ReporterM
0x0850A2E4	rom	gObjectEventGraphicsInfo_ReporterF
0x0850A308	rom	gObjectEventGraphicsInfo_Bard
0x0850A32C	rom	gObjectEventGraphicsInfo_Hipster
0x0850A350	rom	gObjectEventGraphicsInfo_Trader
0x0850A374	rom	gObjectEventGraphicsInfo_Storyteller
0x0850A398	rom	gObjectEventGraphicsInfo_Giddy
0x0850A3BC	rom	gObjectEventGraphicsInfo_UnusedMauvilleOldMan1
0x0850A3E0	rom	gObjectEventGraphicsInfo_UnusedMauvilleOldMan2
0x0850A404	rom	gObjectEventGraphicsInfo_UnusedNatuDoll
0x0850A428	rom	gObjectEventGraphicsInfo_UnusedMagnemiteDoll
0x0850A44C	rom	gObjectEventGraphicsInfo_UnusedSquirtleDoll
0x0850A470	rom	gObjectEventGraphicsInfo_UnusedWooperDoll
0x0850A494	rom	gObjectEventGraphicsInfo_UnusedPikachuDoll
0x0850A4B8	rom	gObjectEventGraphicsInfo_UnusedPorygon2Doll
0x0850A4DC	rom	gObjectEventGraphicsInfo_CuttableTree
0x0850A500	rom	gObjectEventGraphicsInfo_MartEmployee
0x0850A524	rom	gObjectEventGraphicsInfo_RooftopSaleWoman
0x0850A548	rom	gObjectEventGraphicsInfo_Teala
0x0850A56C	rom	gObjectEventGraphicsInfo_BreakableRock
0x0850A590	rom	gObjectEventGraphicsInfo_PushableBoulder
0x0850A5B4	rom	gObjectEventGraphicsInfo_MrBrineysBoat
0x0850A5D8	rom	gObjectEventGraphicsInfo_MayNormal
0x0850A5FC	rom	gObjectEventGraphicsInfo_MayMachBike
0x0850A620	rom	gObjectEventGraphicsInfo_MayAcroBike
0x0850A644	rom	gObjectEventGraphicsInfo_MaySurfing
0x0850A668	rom	gObjectEventGraphicsInfo_MayFieldMove
0x0850A68C	rom	gObjectEventGraphicsInfo_Truck
0x0850A6B0	rom	gObjectEventGraphicsInfo_VigorothCarryingBox
0x0850A6D4	rom	gObjectEventGraphicsInfo_VigorothFacingAway
0x0850A6F8	rom	gObjectEventGraphicsInfo_BirchsBag
0x0850A71C	rom	gObjectEventGraphicsInfo_EnemyZigzagoon
0x0850A740	rom	gObjectEventGraphicsInfo_Poochyena
0x0850A764	rom	gObjectEventGraphicsInfo_Artist
0x0850A788	rom	gObjectEventGraphicsInfo_RivalBrendanNormal
0x0850A7AC	rom	gObjectEventGraphicsInfo_RivalBrendanMachBike
0x0850A7D0	rom	gObjectEventGraphicsInfo_RivalBrendanAcroBike
0x0850A7F4	rom	gObjectEventGraphicsInfo_RivalBrendanSurfing
0x0850A818	rom	gObjectEventGraphicsInfo_RivalBrendanFieldMove
0x0850A83C	rom	gObjectEventGraphicsInfo_RivalMayNormal
0x0850A860	rom	gObjectEventGraphicsInfo_RivalMayMachBike
0x0850A884	rom	gObjectEventGraphicsInfo_RivalMayAcroBike
0x0850A8A8	rom	gObjectEventGraphicsInfo_RivalMaySurfing
0x0850A8CC	rom	gObjectEventGraphicsInfo_RivalMayFieldMove
0x0850A8F0	rom	gObjectEventGraphicsInfo_Cameraman
0x0850A914	rom	gObjectEventGraphicsInfo_BrendanUnderwater
0x0850A938	rom	gObjectEventGraphicsInfo_MayUnderwater
0x0850A95C	rom	gObjectEventGraphicsInfo_MovingBox
0x0850A980	rom	gObjectEventGraphicsInfo_CableCar
0x0850A9A4	rom	gObjectEventGraphicsInfo_Scientist2
0x0850A9C8	rom	gObjectEventGraphicsInfo_DevonEmployee
0x0850A9EC	rom	gObjectEventGraphicsInfo_AquaMemberM
0x0850AA10	rom	gObjectEventGraphicsInfo_AquaMemberF
0x0850AA34	rom	gObjectEventGraphicsInfo_MagmaMemberM
0x0850AA58	rom	gObjectEventGraphicsInfo_MagmaMemberF
0x0850AA7C	rom	gObjectEventGraphicsInfo_Sidney
0x0850AAA0	rom	gObjectEventGraphicsInfo_Phoebe
0x0850AAC4	rom	gObjectEventGraphicsInfo_Glacia
0x0850AAE8	rom	gObjectEventGraphicsInfo_Drake
0x0850AB0C	rom	gObjectEventGraphicsInfo_Roxanne
0x0850AB30	rom	gObjectEventGraphicsInfo_Brawly
0x0850AB54	rom	gObjectEventGraphicsInfo_Wattson
0x0850AB78	rom	gObjectEventGraphicsInfo_Flannery
0x0850AB9C	rom	gObjectEventGraphicsInfo_Norman
0x0850ABC0	rom	gObjectEventGraphicsInfo_Winona
0x0850ABE4	rom	gObjectEventGraphicsInfo_Liza
0x0850AC08	rom	gObjectEventGraphicsInfo_Tate
0x0850AC2C	rom	gObjectEventGraphicsInfo_Wallace
0x0850AC50	rom	gObjectEventGraphicsInfo_Steven
0x0850AC74	rom	gObjectEventGraphicsInfo_Wally
0x0850AC98	rom	gObjectEventGraphicsInfo_RubySapphireLittleBoy
0x0850ACBC	rom	gObjectEventGraphicsInfo_BrendanFishing
0x0850ACE0	rom	gObjectEventGraphicsInfo_MayFishing
0x0850AD04	rom	gObjectEventGraphicsInfo_HotSpringsOldWoman
0x0850AD28	rom	gObjectEventGraphicsInfo_SSTidal
0x0850AD4C	rom	gObjectEventGraphicsInfo_SubmarineShadow
0x0850AD70	rom	gObjectEventGraphicsInfo_PichuDoll
0x0850AD94	rom	gObjectEventGraphicsInfo_PikachuDoll
0x0850ADB8	rom	gObjectEventGraphicsInfo_MarillDoll
0x0850ADDC	rom	gObjectEventGraphicsInfo_TogepiDoll
0x0850AE00	rom	gObjectEventGraphicsInfo_CyndaquilDoll
0x0850AE24	rom	gObjectEventGraphicsInfo_ChikoritaDoll
0x0850AE48	rom	gObjectEventGraphicsInfo_TotodileDoll
0x0850AE6C	rom	gObjectEventGraphicsInfo_JigglypuffDoll
0x0850AE90	rom	gObjectEventGraphicsInfo_MeowthDoll
0x0850AEB4	rom	gObjectEventGraphicsInfo_ClefairyDoll
0x0850AED8	rom	gObjectEventGraphicsInfo_DittoDoll
0x0850AEFC	rom	gObjectEventGraphicsInfo_SmoochumDoll
0x0850AF20	rom	gObjectEventGraphicsInfo_TreeckoDoll
0x0850AF44	rom	gObjectEventGraphicsInfo_TorchicDoll
0x0850AF68	rom	gObjectEventGraphicsInfo_MudkipDoll
0x0850AF8C	rom	gObjectEventGraphicsInfo_DuskullDoll
0x0850AFB0	rom	gObjectEventGraphicsInfo_WynautDoll
0x0850AFD4	rom	gObjectEventGraphicsInfo_BaltoyDoll
0x0850AFF8	rom	gObjectEventGraphicsInfo_KecleonDoll
0x0850B01C	rom	gObjectEventGraphicsInfo_AzurillDoll
0x0850B040	rom	gObjectEventGraphicsInfo_SkittyDoll
0x0850B064	rom	gObjectEventGraphicsInfo_SwabluDoll
0x0850B088	rom	gObjectEventGraphicsInfo_GulpinDoll
0x0850B0AC	rom	gObjectEventGraphicsInfo_LotadDoll
0x0850B0D0	rom	gObjectEventGraphicsInfo_SeedotDoll
0x0850B0F4	rom	gObjectEventGraphicsInfo_PikaCushion
0x0850B118	rom	gObjectEventGraphicsInfo_RoundCushion
0x0850B13C	rom	gObjectEventGraphicsInfo_KissCushion
0x0850B160	rom	gObjectEventGraphicsInfo_ZigzagCushion
0x0850B184	rom	gObjectEventGraphicsInfo_SpinCushion
0x0850B1A8	rom	gObjectEventGraphicsInfo_DiamondCushion
0x0850B1CC	rom	gObjectEventGraphicsInfo_BallCushion
0x0850B1F0	rom	gObjectEventGraphicsInfo_GrassCushion
0x0850B214	rom	gObjectEventGraphicsInfo_FireCushion
0x0850B238	rom	gObjectEventGraphicsInfo_WaterCushion
0x0850B25C	rom	gObjectEventGraphicsInfo_BigSnorlaxDoll
0x0850B280	rom	gObjectEventGraphicsInfo_BigRhydonDoll
0x0850B2A4	rom	gObjectEventGraphicsInfo_BigLaprasDoll
0x0850B2C8	rom	gObjectEventGraphicsInfo_BigVenusaurDoll
0x0850B2EC	rom	gObjectEventGraphicsInfo_BigCharizardDoll
0x0850B310	rom	gObjectEventGraphicsInfo_BigBlastoiseDoll
0x0850B334	rom	gObjectEventGraphicsInfo_BigWailmerDoll
0x0850B358	rom	gObjectEventGraphicsInfo_BigRegirockDoll
0x0850B37C	rom	gObjectEventGraphicsInfo_BigRegiceDoll
0x0850B3A0	rom	gObjectEventGraphicsInfo_BigRegisteelDoll
0x0850B3C4	rom	gObjectEventGraphicsInfo_Latias
0x0850B3E8	rom	gObjectEventGraphicsInfo_Latios
0x0850B40C	rom	gObjectEventGraphicsInfo_GameboyKid
0x0850B430	rom	gObjectEventGraphicsInfo_ContestJudge
0x0850B454	rom	gObjectEventGraphicsInfo_BrendanWatering
0x0850B478	rom	gObjectEventGraphicsInfo_MayWatering
0x0850B49C	rom	gObjectEventGraphicsInfo_BrendanDecorating
0x0850B4C0	rom	gObjectEventGraphicsInfo_MayDecorating
0x0850B4E4	rom	gObjectEventGraphicsInfo_Archie
0x0850B508	rom	gObjectEventGraphicsInfo_Maxie
0x0850B52C	rom	gObjectEventGraphicsInfo_KyogreFront
0x0850B550	rom	gObjectEventGraphicsInfo_GroudonFront
0x0850B574	rom	gObjectEventGraphicsInfo_KyogreSide
0x0850B598	rom	gObjectEventGraphicsInfo_GroudonSide
0x0850B5BC	rom	gObjectEventGraphicsInfo_Fossil
0x0850B5E0	rom	gObjectEventGraphicsInfo_Regirock
0x0850B604	rom	gObjectEventGraphicsInfo_Regice
0x0850B628	rom	gObjectEventGraphicsInfo_Registeel
0x0850B64C	rom	gObjectEventGraphicsInfo_Skitty
0x0850B670	rom	gObjectEventGraphicsInfo_Kecleon
0x0850B694	rom	gObjectEventGraphicsInfo_KyogreAsleep
0x0850B6B8	rom	gObjectEventGraphicsInfo_GroudonAsleep
0x0850B6DC	rom	gObjectEventGraphicsInfo_Rayquaza
0x0850B700	rom	gObjectEventGraphicsInfo_Zigzagoon
0x0850B724	rom	gObjectEventGraphicsInfo_Pikachu
0x0850B748	rom	gObjectEventGraphicsInfo_Azumarill
0x0850B76C	rom	gObjectEventGraphicsInfo_Wingull
0x0850B790	rom	gObjectEventGraphicsInfo_KecleonBridgeShadow
0x0850B7B4	rom	gObjectEventGraphicsInfo_TuberMSwimming
0x0850B7D8	rom	gObjectEventGraphicsInfo_Azurill
0x0850B7FC	rom	gObjectEventGraphicsInfo_Mom
0x0850B820	rom	gObjectEventGraphicsInfo_LinkBrendan
0x0850B844	rom	gObjectEventGraphicsInfo_LinkMay
0x0850B868	rom	gObjectEventGraphicsInfo_Juan
0x0850B88C	rom	gObjectEventGraphicsInfo_Scott
0x0850B8B0	rom	gObjectEventGraphicsInfo_MysteryEventDeliveryman
0x0850B8D4	rom	gObjectEventGraphicsInfo_Statue
0x0850B8F8	rom	gObjectEventGraphicsInfo_Kirlia
0x0850B91C	rom	gObjectEventGraphicsInfo_Dusclops
0x0850B940	rom	gObjectEventGraphicsInfo_UnionRoomAttendant
0x0850B964	rom	gObjectEventGraphicsInfo_Red
0x0850B988	rom	gObjectEventGraphicsInfo_Leaf
0x0850B9AC	rom	gObjectEventGraphicsInfo_Sudowoodo
0x0850B9D0	rom	gObjectEventGraphicsInfo_Mew
0x0850B9F4	rom	gObjectEventGraphicsInfo_Deoxys
0x0850BA18	rom	gObjectEventGraphicsInfo_BirthIslandStone
0x0850BA3C	rom	gObjectEventGraphicsInfo_Anabel
0x0850BA60	rom	gObjectEventGraphicsInfo_Tucker
0x0850BA84	rom	gObjectEventGraphicsInfo_Greta
0x0850BAA8	rom	gObjectEventGraphicsInfo_Spenser
0x0850BACC	rom	gObjectEventGraphicsInfo_Noland
0x0850BAF0	rom	gObjectEventGraphicsInfo_Lucy
0x0850BB14	rom	gObjectEventGraphicsInfo_Brandon
0x0850BB38	rom	gObjectEventGraphicsInfo_RubySapphireBrendan
0x0850BB5C	rom	gObjectEventGraphicsInfo_RubySapphireMay
0x0850BB80	rom	gObjectEventGraphicsInfo_Lugia
0x0850BBA4	rom	gObjectEventGraphicsInfo_HoOh
0x0850BBC8	rom	sObjectEventSpritePalettes
0x0850BCE8	rom	sReflectionPaletteTags_Brendan
0x0850BCF0	rom	sReflectionPaletteTags_May
0x0850BCF8	rom	sReflectionPaletteTags_PlayerUnderwater
0x0850BD00	rom	sPlayerReflectionPaletteSets
0x0850BD20	rom	sReflectionPaletteTags_QuintyPlump
0x0850BD28	rom	sReflectionPaletteTags_Truck
0x0850BD30	rom	sReflectionPaletteTags_VigorothMover
0x0850BD38	rom	sReflectionPaletteTags_MovingBox
0x0850BD40	rom	sReflectionPaletteTags_CableCar
0x0850BD48	rom	sReflectionPaletteTags_SSTidal
0x0850BD50	rom	sReflectionPaletteTags_SubmarineShadow
0x0850BD58	rom	sReflectionPaletteTags_Kyogre
0x0850BD60	rom	sReflectionPaletteTags_Groudon
0x0850BD68	rom	sReflectionPaletteTags_Npc3
0x0850BD70	rom	sReflectionPaletteTags_RedLeaf
0x0850BD78	rom	sSpecialObjectReflectionPaletteSets
0x0850BDE8	rom	sObjectPaletteTags0
0x0850BDFC	rom	sObjectPaletteTags1
0x0850BE10	rom	sObjectPaletteTags2
0x0850BE24	rom	sObjectPaletteTags3
0x0850BE38	rom	sObjectPaletteTagSets
0x0850BE48	rom	sPicTable_PechaBerryTree
0x0850BE90	rom	gBerryTreePaletteSlotTable_Pecha
0x0850BE98	rom	sPicTable_KelpsyBerryTree
0x0850BEE0	rom	gBerryTreePaletteSlotTable_Kelpsy
0x0850BEE8	rom	sPicTable_WepearBerryTree
0x0850BF30	rom	gBerryTreePaletteSlotTable_Wepear
0x0850BF38	rom	sPicTable_IapapaBerryTree
0x0850BF80	rom	gBerryTreePaletteSlotTable_Iapapa
0x0850BF88	rom	sPicTable_CheriBerryTree
0x0850BFD0	rom	gBerryTreePaletteSlotTable_Cheri
0x0850BFD8	rom	sPicTable_FigyBerryTree
0x0850C020	rom	gBerryTreePaletteSlotTable_Figy
0x0850C028	rom	sPicTable_MagoBerryTree
0x0850C070	rom	gBerryTreePaletteSlotTable_Mago
0x0850C078	rom	sPicTable_LumBerryTree
0x0850C0C0	rom	gBerryTreePaletteSlotTable_Lum
0x0850C0C8	rom	sPicTable_RazzBerryTree
0x0850C110	rom	gBerryTreePaletteSlotTable_Razz
0x0850C118	rom	sPicTable_GrepaBerryTree
0x0850C160	rom	gBerryTreePaletteSlotTable_Grepa
0x0850C168	rom	sPicTable_RabutaBerryTree
0x0850C1B0	rom	gBerryTreePaletteSlotTable_Rabuta
0x0850C1B8	rom	sPicTable_NomelBerryTree
0x0850C200	rom	gBerryTreePaletteSlotTable_Nomel
0x0850C208	rom	sPicTable_LeppaBerryTree
0x0850C250	rom	gBerryTreePaletteSlotTable_Leppa
0x0850C258	rom	sPicTable_LiechiBerryTree
0x0850C2A0	rom	gBerryTreePaletteSlotTable_Liechi
0x0850C2A8	rom	sPicTable_HondewBerryTree
0x0850C2F0	rom	gBerryTreePaletteSlotTable_Hondew
0x0850C2F8	rom	sPicTable_AguavBerryTree
0x0850C340	rom	gBerryTreePaletteSlotTable_Aguav
0x0850C348	rom	sPicTable_WikiBerryTree
0x0850C390	rom	gBerryTreePaletteSlotTable_Wiki
0x0850C398	rom	sPicTable_PomegBerryTree
0x0850C3E0	rom	gBerryTreePaletteSlotTable_Pomeg
0x0850C3E8	rom	sPicTable_RawstBerryTree
0x0850C430	rom	gBerryTreePaletteSlotTable_Rawst
0x0850C438	rom	sPicTable_SpelonBerryTree
0x0850C480	rom	gBerryTreePaletteSlotTable_Spelon
0x0850C488	rom	sPicTable_ChestoBerryTree
0x0850C4D0	rom	gBerryTreePaletteSlotTable_Chesto
0x0850C4D8	rom	sPicTable_OranBerryTree
0x0850C520	rom	gBerryTreePaletteSlotTable_Oran
0x0850C528	rom	sPicTable_PersimBerryTree
0x0850C570	rom	gBerryTreePaletteSlotTable_Persim
0x0850C578	rom	sPicTable_SitrusBerryTree
0x0850C5C0	rom	gBerryTreePaletteSlotTable_Sitrus
0x0850C5C8	rom	sPicTable_AspearBerryTree
0x0850C610	rom	gBerryTreePaletteSlotTable_Aspear
0x0850C618	rom	sPicTable_PamtreBerryTree
0x0850C660	rom	gBerryTreePaletteSlotTable_Pamtre
0x0850C668	rom	sPicTable_CornnBerryTree
0x0850C6B0	rom	gBerryTreePaletteSlotTable_Cornn
0x0850C6B8	rom	sPicTable_LansatBerryTree
0x0850C700	rom	gBerryTreePaletteSlotTable_Lansat
0x0850C708	rom	sPicTable_DurinBerryTree
0x0850C750	rom	gBerryTreePaletteSlotTable_Durin
0x0850C758	rom	sPicTable_TamatoBerryTree
0x0850C7A0	rom	gBerryTreePaletteSlotTable_Tamato
0x0850C7A5	rom	gDeadBerryTreeObjectEventGraphicsIdTable
0x0850C7AA	rom	gBerryTreeObjectEventGraphicsIdTable
0x0850C7B0	rom	gBerryTreePicTablePointers
0x0850C85C	rom	gBerryTreePaletteSlotTablePointers
0x0850C908	rom	gBerryTreeObjectEventGraphicsIdTablePointers
0x0850C9C0	rom	gSpritePalette_GeneralFieldEffect0
0x0850C9C8	rom	gSpritePalette_GeneralFieldEffect1
0x0850C9D0	rom	sAnim_Shadow
0x0850C9D8	rom	sAnimTable_Shadow
0x0850C9DC	rom	sPicTable_ShadowSmall
0x0850C9E4	rom	sPicTable_ShadowMedium
0x0850C9EC	rom	sPicTable_ShadowLarge
0x0850C9F4	rom	sPicTable_ShadowExtraLarge
0x0850C9FC	rom	gFieldEffectObjectTemplate_ShadowSmall
0x0850CA14	rom	gFieldEffectObjectTemplate_ShadowMedium
0x0850CA2C	rom	gFieldEffectObjectTemplate_ShadowLarge
0x0850CA44	rom	gFieldEffectObjectTemplate_ShadowExtraLarge
0x0850CA5C	rom	sPicTable_TallGrass
0x0850CA84	rom	sAnim_TallGrass
0x0850CA9C	rom	sAnimTable_TallGrass
0x0850CAA0	rom	gFieldEffectObjectTemplate_TallGrass
0x0850CAB8	rom	sPicTable_Ripple
0x0850CAE0	rom	sAnim_Ripple
0x0850CB04	rom	sAnimTable_Ripple
0x0850CB08	rom	gFieldEffectObjectTemplate_Ripple
0x0850CB20	rom	sPicTable_Ash
0x0850CB48	rom	sAnim_Ash
0x0850CB60	rom	sAnimTable_Ash
0x0850CB64	rom	gFieldEffectObjectTemplate_Ash
0x0850CB7C	rom	sPicTable_SurfBlob
0x0850CB94	rom	sSurfBlobAnim_FaceSouth
0x0850CB9C	rom	sSurfBlobAnim_FaceNorth
0x0850CBA4	rom	sSurfBlobAnim_FaceWest
0x0850CBAC	rom	sSurfBlobAnim_FaceEast
0x0850CBB4	rom	sAnimTable_SurfBlob
0x0850CBC4	rom	gFieldEffectObjectTemplate_SurfBlob
0x0850CBDC	rom	sPicTable_Arrow
0x0850CC1C	rom	sArrowAnim_South
0x0850CC28	rom	sArrowAnim_North
0x0850CC34	rom	sArrowAnim_West
0x0850CC40	rom	sArrowAnim_East
0x0850CC4C	rom	sAnimTable_Arrow
0x0850CC5C	rom	gFieldEffectObjectTemplate_Arrow
0x0850CC74	rom	sPicTable_GroundImpactDust
0x0850CC8C	rom	sAnim_GroundImpactDust
0x0850CC9C	rom	sAnimTable_GroundImpactDust
0x0850CCA0	rom	gFieldEffectObjectTemplate_GroundImpactDust
0x0850CCB8	rom	sPicTable_JumpTallGrass
0x0850CCD8	rom	sAnim_JumpTallGrass
0x0850CCEC	rom	sAnimTable_JumpTallGrass
0x0850CCF0	rom	gFieldEffectObjectTemplate_JumpTallGrass
0x0850CD08	rom	sPicTable_SandFootprints
0x0850CD18	rom	sSandFootprintsAnim_South
0x0850CD20	rom	sSandFootprintsAnim_North
0x0850CD28	rom	sSandFootprintsAnim_West
0x0850CD30	rom	sSandFootprintsAnim_East
0x0850CD38	rom	sAnimTable_SandFootprints
0x0850CD4C	rom	gFieldEffectObjectTemplate_SandFootprints
0x0850CD64	rom	sPicTable_DeepSandFootprints
0x0850CD74	rom	sDeepSandFootprintsAnim_South
0x0850CD7C	rom	sDeepSandFootprintsAnim_North
0x0850CD84	rom	sDeepSandFootprintsAnim_West
0x0850CD8C	rom	sDeepSandFootprintsAnim_East
0x0850CD94	rom	sAnimTable_DeepSandFootprints
0x0850CDA8	rom	gFieldEffectObjectTemplate_DeepSandFootprints
0x0850CDC0	rom	sPicTable_BikeTireTracks
0x0850CDE0	rom	sBikeTireTracksAnim_South
0x0850CDE8	rom	sBikeTireTracksAnim_North
0x0850CDF0	rom	sBikeTireTracksAnim_West
0x0850CDF8	rom	sBikeTireTracksAnim_East
0x0850CE00	rom	sBikeTireTracksAnim_SECornerTurn
0x0850CE08	rom	sBikeTireTracksAnim_SWCornerTurn
0x0850CE10	rom	sBikeTireTracksAnim_NWCornerTurn
0x0850CE18	rom	sBikeTireTracksAnim_NECornerTurn
0x0850CE20	rom	sAnimTable_BikeTireTracks
0x0850CE44	rom	gFieldEffectObjectTemplate_BikeTireTracks
0x0850CE5C	rom	sPicTable_JumpBigSplash
0x0850CE7C	rom	sAnim_JumpBigSplash
0x0850CE90	rom	sAnimTable_JumpBigSplash
0x0850CE94	rom	gFieldEffectObjectTemplate_JumpBigSplash
0x0850CEAC	rom	sPicTable_Splash
0x0850CEBC	rom	sAnim_Splash_0
0x0850CEC8	rom	sAnim_Splash_1
0x0850CEEC	rom	sAnimTable_Splash
0x0850CEF4	rom	gFieldEffectObjectTemplate_Splash
0x0850CF0C	rom	sPicTable_JumpSmallSplash
0x0850CF24	rom	sAnim_JumpSmallSplash
0x0850CF34	rom	sAnimTable_JumpSmallSplash
0x0850CF38	rom	gFieldEffectObjectTemplate_JumpSmallSplash
0x0850CF50	rom	sPicTable_LongGrass
0x0850CF70	rom	sAnim_LongGrass
0x0850CF90	rom	sAnimTable_LongGrass
0x0850CF94	rom	gFieldEffectObjectTemplate_LongGrass
0x0850CFAC	rom	sPicTable_JumpLongGrass
0x0850CFDC	rom	sAnim_JumpLongGrass
0x0850CFF8	rom	sAnimTable_JumpLongGrass
0x0850CFFC	rom	gFieldEffectObjectTemplate_JumpLongGrass
0x0850D014	rom	sPicTable_UnusedGrass
0x0850D05C	rom	sAnim_UnusedGrass
0x0850D084	rom	sAnimTable_UnusedGrass
0x0850D088	rom	gFieldEffectObjectTemplate_UnusedGrass
0x0850D0A0	rom	sPicTable_UnusedGrass2
0x0850D0C0	rom	sAnim_UnusedGrass2
0x0850D0DC	rom	sAnimTable_UnusedGrass2
0x0850D0E0	rom	gFieldEffectObjectTemplate_UnusedGrass2
0x0850D0F8	rom	sPicTable_UnusedSand
0x0850D118	rom	sAnim_UnusedSand
0x0850D12C	rom	sAnimTable_UnusedSand
0x0850D130	rom	gFieldEffectObjectTemplate_UnusedSand
0x0850D148	rom	sPicTable_SandPile
0x0850D160	rom	sAnim_SandPile
0x0850D170	rom	sAnimTable_SandPile
0x0850D174	rom	gFieldEffectObjectTemplate_SandPile
0x0850D18C	rom	sPicTable_WaterSurfacing
0x0850D1AC	rom	sAnim_WaterSurfacing
0x0850D1C8	rom	sAnimTable_WaterSurfacing
0x0850D1CC	rom	gFieldEffectObjectTemplate_WaterSurfacing
0x0850D1E4	rom	sAffineAnim_ReflectionDistortion_0
0x0850D234	rom	sAffineAnim_ReflectionDistortion_1
0x0850D284	rom	sAffineAnims_ReflectionDistortion
0x0850D28C	rom	gFieldEffectObjectTemplate_ReflectionDistortion
0x0850D2A4	rom	sPicTable_Sparkle
0x0850D2D4	rom	sAnim_Sparkle
0x0850D328	rom	sAnimTable_Sparkle
0x0850D32C	rom	gFieldEffectObjectTemplate_Sparkle
0x0850D344	rom	sPicTable_TreeDisguise
0x0850D37C	rom	sAnim_TreeDisguise
0x0850D384	rom	sAnim_TreeDisguiseReveal
0x0850D3A4	rom	sAnimTable_TreeDisguise
0x0850D3AC	rom	gFieldEffectObjectTemplate_TreeDisguise
0x0850D3C4	rom	sPicTable_MountainDisguise
0x0850D3FC	rom	sAnim_MountainDisguise
0x0850D404	rom	sAnim_MountainDisguiseReveal
0x0850D424	rom	sAnimTable_MountainDisguise
0x0850D42C	rom	gFieldEffectObjectTemplate_MountainDisguise
0x0850D444	rom	sPicTable_SandDisguisePlaceholder
0x0850D47C	rom	gFieldEffectObjectTemplate_SandDisguisePlaceholder
0x0850D494	rom	sPicTable_Bird
0x0850D49C	rom	sAnim_Bird
0x0850D4A4	rom	sAnimTable_Bird
0x0850D4A8	rom	gFieldEffectObjectTemplate_Bird
0x0850D4C0	rom	sPicTable_ShortGrass
0x0850D4D0	rom	sAnim_ShortGrass
0x0850D4DC	rom	sAnimTable_ShortGrass
0x0850D4E0	rom	gFieldEffectObjectTemplate_ShortGrass
0x0850D4F8	rom	sPicTable_HotSpringsWater
0x0850D500	rom	sAnim_HotSpringsWater
0x0850D508	rom	sAnimTable_HotSpringsWater
0x0850D50C	rom	gFieldEffectObjectTemplate_HotSpringsWater
0x0850D524	rom	sPicTable_AshPuff
0x0850D54C	rom	sAnim_AshPuff
0x0850D564	rom	sAnimTable_AshPuff
0x0850D568	rom	gFieldEffectObjectTemplate_AshPuff
0x0850D580	rom	gSpritePalette_Ash
0x0850D588	rom	sPicTable_AshLaunch
0x0850D5B0	rom	sAnim_AshLaunch
0x0850D5C8	rom	sAnimTable_AshLaunch
0x0850D5CC	rom	gFieldEffectObjectTemplate_AshLaunch
0x0850D5E4	rom	sPicTable_Bubbles
0x0850D624	rom	sAnim_Bubbles
0x0850D648	rom	sAnimTable_Bubbles
0x0850D64C	rom	gFieldEffectObjectTemplate_Bubbles
0x0850D664	rom	sPicTable_SmallSparkle
0x0850D674	rom	sAnim_SmallSparkle
0x0850D684	rom	sAnimTable_SmallSparkle
0x0850D688	rom	gFieldEffectObjectTemplate_SmallSparkle
0x0850D6A0	rom	gSpritePalette_SmallSparkle
0x0850D6A8	rom	sAnim_RayquazaSpotlightEffect
0x0850D6B0	rom	sAnimTable_RayquazaSpotlightEffect
0x0850D6B4	rom	sPicTable_RayquazaSpotlightEffect
0x0850D6BC	rom	gFieldEffectObjectTemplate_Rayquaza
0x0850D6D4	rom	sSpritePalette_Unused
0x0850D6DC	rom	sMovementDelaysMedium
0x0850D6E4	rom	sMovementDelaysLong
0x0850D6EC	rom	sMovementDelaysShort
0x0850D6F4	rom	gMovementTypeFuncs_WanderAround
0x0850D710	rom	gStandardDirections
0x0850D714	rom	gGetVectorDirectionFuncs
0x0850D740	rom	gMovementTypeFuncs_LookAround
0x0850D754	rom	gMovementTypeFuncs_WanderUpAndDown
0x0850D770	rom	gUpAndDownDirections
0x0850D774	rom	gMovementTypeFuncs_WanderLeftAndRight
0x0850D790	rom	gLeftAndRightDirections
0x0850D794	rom	gMovementTypeFuncs_FaceDirection
0x0850D7A0	rom	gMovementTypeFuncs_BerryTreeGrowth
0x0850D7B4	rom	gMovementTypeFuncs_FaceDownAndUp
0x0850D7C8	rom	gMovementTypeFuncs_FaceLeftAndRight
0x0850D7DC	rom	gMovementTypeFuncs_FaceUpAndLeft
0x0850D7F0	rom	gUpAndLeftDirections
0x0850D7F4	rom	gMovementTypeFuncs_FaceUpAndRight
0x0850D808	rom	gUpAndRightDirections
0x0850D80C	rom	gMovementTypeFuncs_FaceDownAndLeft
0x0850D820	rom	gDownAndLeftDirections
0x0850D824	rom	gMovementTypeFuncs_FaceDownAndRight
0x0850D838	rom	gDownAndRightDirections
0x0850D83C	rom	gMovementTypeFuncs_FaceDownUpAndLeft
0x0850D850	rom	gDownUpAndLeftDirections
0x0850D854	rom	gMovementTypeFuncs_FaceDownUpAndRight
0x0850D868	rom	gDownUpAndRightDirections
0x0850D86C	rom	gMovementTypeFuncs_FaceUpLeftAndRight
0x0850D880	rom	gUpLeftAndRightDirections
0x0850D884	rom	gMovementTypeFuncs_FaceDownLeftAndRight
0x0850D898	rom	gDownLeftAndRightDirections
0x0850D89C	rom	gMovementTypeFuncs_RotateCounterclockwise
0x0850D8AC	rom	gCounterclockwiseDirections
0x0850D8B4	rom	gMovementTypeFuncs_RotateClockwise
0x0850D8C4	rom	gClockwiseDirections
0x0850D8CC	rom	gMovementTypeFuncs_WalkBackAndForth
0x0850D8DC	rom	gMovementTypeFuncs_WalkSequenceUpRightLeftDown
0x0850D8E8	rom	gUpRightLeftDownDirections
0x0850D8EC	rom	gMovementTypeFuncs_WalkSequenceRightLeftDownUp
0x0850D8F8	rom	gRightLeftDownUpDirections
0x0850D8FC	rom	gMovementTypeFuncs_WalkSequenceDownUpRightLeft
0x0850D908	rom	gDownUpRightLeftDirections
0x0850D90C	rom	gMovementTypeFuncs_WalkSequenceLeftDownUpRight
0x0850D918	rom	gLeftDownUpRightDirections
0x0850D91C	rom	gMovementTypeFuncs_WalkSequenceUpLeftRightDown
0x0850D928	rom	gUpLeftRightDownDirections
0x0850D92C	rom	gMovementTypeFuncs_WalkSequenceLeftRightDownUp
0x0850D938	rom	gLeftRightDownUpDirections
0x0850D93C	rom	gMovementTypeFuncs_WalkSequenceDownUpLeftRight
0x0850D948	rom	gMovementTypeFuncs_WalkSequenceRightDownUpLeft
0x0850D954	rom	gRightDownUpLeftDirections
0x0850D958	rom	gMovementTypeFuncs_WalkSequenceLeftUpDownRight
0x0850D964	rom	gLeftUpDownRightDirections
0x0850D968	rom	gMovementTypeFuncs_WalkSequenceUpDownRightLeft
0x0850D974	rom	gUpDownRightLeftDirections
0x0850D978	rom	gMovementTypeFuncs_WalkSequenceRightLeftUpDown
0x0850D984	rom	gRightLeftUpDownDirections
0x0850D988	rom	gMovementTypeFuncs_WalkSequenceDownRightLeftUp
0x0850D994	rom	gDownRightLeftUpDirections
0x0850D998	rom	gMovementTypeFuncs_WalkSequenceRightUpDownLeft
0x0850D9A4	rom	gRightUpDownLeftDirections
0x0850D9A8	rom	gMovementTypeFuncs_WalkSequenceUpDownLeftRight
0x0850D9B4	rom	gUpDownLeftRightDirections
0x0850D9B8	rom	gMovementTypeFuncs_WalkSequenceLeftRightUpDown
0x0850D9C4	rom	gLeftRightUpDownDirections
0x0850D9C8	rom	gMovementTypeFuncs_WalkSequenceDownLeftRightUp
0x0850D9D4	rom	gDownLeftRightUpDirections
0x0850D9D8	rom	gMovementTypeFuncs_WalkSequenceUpLeftDownRight
0x0850D9E4	rom	gUpLeftDownRightDirections
0x0850D9E8	rom	gMovementTypeFuncs_WalkSequenceDownRightUpLeft
0x0850D9F4	rom	gDownRightUpLeftDirections
0x0850D9F8	rom	gMovementTypeFuncs_WalkSequenceLeftDownRightUp
0x0850DA04	rom	gLeftDownRightUpDirections
0x0850DA08	rom	gMovementTypeFuncs_WalkSequenceRightUpLeftDown
0x0850DA14	rom	gRightUpLeftDownDirections
0x0850DA18	rom	gMovementTypeFuncs_WalkSequenceUpRightDownLeft
0x0850DA24	rom	gUpRightDownLeftDirections
0x0850DA28	rom	gMovementTypeFuncs_WalkSequenceDownLeftUpRight
0x0850DA34	rom	gDownLeftUpRightDirections
0x0850DA38	rom	gMovementTypeFuncs_WalkSequenceLeftUpRightDown
0x0850DA44	rom	gLeftUpRightDownDirections
0x0850DA48	rom	gMovementTypeFuncs_WalkSequenceRightDownLeftUp
0x0850DA54	rom	gRightDownLeftUpDirections
0x0850DA58	rom	gMovementTypeFuncs_CopyPlayer
0x0850DA64	rom	gCopyPlayerMovementFuncs
0x0850DA90	rom	gMovementTypeFuncs_CopyPlayerInGrass
0x0850DA9C	rom	gMovementTypeFuncs_Buried
0x0850DAA0	rom	gMovementTypeFuncs_WalkInPlace
0x0850DAA8	rom	gMovementTypeFuncs_WalkSlowlyInPlace
0x0850DAB0	rom	gMovementTypeFuncs_JogInPlace
0x0850DAB8	rom	gMovementTypeFuncs_RunInPlace
0x0850DAC0	rom	gMovementTypeFuncs_Invisible
0x0850DACC	rom	sFaceDirectionAnimNums
0x0850DAD5	rom	sMoveDirectionAnimNums
0x0850DADE	rom	sMoveDirectionFastAnimNums
0x0850DAE7	rom	sMoveDirectionFasterAnimNums
0x0850DAF0	rom	sMoveDirectionFastestAnimNums
0x0850DAF9	rom	sJumpSpecialDirectionAnimNums
0x0850DB02	rom	sAcroWheelieDirectionAnimNums
0x0850DB0B	rom	sAcroUnusedDirectionAnimNums
0x0850DB14	rom	sAcroEndWheelieDirectionAnimNums
0x0850DB1D	rom	sAcroUnusedActionDirectionAnimNums
0x0850DB26	rom	sAcroWheeliePedalDirectionAnimNums
0x0850DB2F	rom	sFishingDirectionAnimNums
0x0850DB38	rom	sFishingNoCatchDirectionAnimNums
0x0850DB41	rom	sFishingBiteDirectionAnimNums
0x0850DB4A	rom	sRunningDirectionAnimNums
0x0850DB53	rom	gTrainerFacingDirectionMovementTypes
0x0850DB5C	rom	gOppositeDirectionBlockedMetatileFuncs
0x0850DB6C	rom	gDirectionBlockedMetatileFuncs
0x0850DB7C	rom	sDirectionToVectors
0x0850DBA0	rom	gFaceDirectionMovementActions
0x0850DBA5	rom	gWalkSlowMovementActions
0x0850DBAA	rom	gWalkNormalMovementActions
0x0850DBAF	rom	gWalkFastMovementActions
0x0850DBB4	rom	gRideWaterCurrentMovementActions
0x0850DBB9	rom	gWalkFasterMovementActions
0x0850DBBE	rom	gSlideMovementActions
0x0850DBC3	rom	gPlayerRunMovementActions
0x0850DBC8	rom	gJump2MovementActions
0x0850DBCD	rom	gJumpInPlaceMovementActions
0x0850DBD2	rom	gJumpInPlaceTurnAroundMovementActions
0x0850DBD7	rom	gJumpMovementActions
0x0850DBDC	rom	gJumpSpecialMovementActions
0x0850DBE1	rom	gWalkInPlaceSlowMovementActions
0x0850DBE6	rom	gWalkInPlaceNormalMovementActions
0x0850DBEB	rom	gWalkInPlaceFastMovementActions
0x0850DBF0	rom	gWalkInPlaceFasterMovementActions
0x0850DBF5	rom	gAcroWheelieFaceDirectionMovementActions
0x0850DBFA	rom	gAcroPopWheelieFaceDirectionMovementActions
0x0850DBFF	rom	gAcroEndWheelieFaceDirectionMovementActions
0x0850DC04	rom	gAcroWheelieHopFaceDirectionMovementActions
0x0850DC09	rom	gAcroWheelieHopDirectionMovementActions
0x0850DC0E	rom	gAcroWheelieJumpDirectionMovementActions
0x0850DC13	rom	gAcroWheelieInPlaceDirectionMovementActions
0x0850DC18	rom	gAcroPopWheelieMoveDirectionMovementActions
0x0850DC1D	rom	gAcroWheelieMoveDirectionMovementActions
0x0850DC22	rom	gAcroEndWheelieMoveDirectionMovementActions
0x0850DC27	rom	sOppositeDirections
0x0850DC2F	rom	sPlayerDirectionsForCopy
0x0850DC3F	rom	sPlayerDirectionToCopyDirection
0x0850DC50	rom	gMovementActionFuncs
0x0850DEC8	rom	gMovementActionFuncs_FaceDown
0x0850DED0	rom	gMovementActionFuncs_FaceUp
0x0850DED8	rom	gMovementActionFuncs_FaceLeft
0x0850DEE0	rom	gMovementActionFuncs_FaceRight
0x0850DEE8	rom	sDirectionAnimFuncsBySpeed
0x0850DEFC	rom	gMovementActionFuncs_WalkSlowDiagonalUpLeft
0x0850DF08	rom	gMovementActionFuncs_WalkSlowDiagonalUpRight
0x0850DF14	rom	gMovementActionFuncs_WalkSlowDiagonalDownLeft
0x0850DF20	rom	gMovementActionFuncs_WalkSlowDiagonalDownRight
0x0850DF2C	rom	gMovementActionFuncs_WalkSlowDown
0x0850DF38	rom	gMovementActionFuncs_WalkSlowUp
0x0850DF44	rom	gMovementActionFuncs_WalkSlowLeft
0x0850DF50	rom	gMovementActionFuncs_WalkSlowRight
0x0850DF5C	rom	gMovementActionFuncs_WalkNormalDiagonalUpLeft
0x0850DF68	rom	gMovementActionFuncs_WalkNormalDiagonalUpRight
0x0850DF74	rom	gMovementActionFuncs_WalkNormalDiagonalDownLeft
0x0850DF80	rom	gMovementActionFuncs_WalkNormalDiagonalDownRight
0x0850DF8C	rom	gMovementActionFuncs_WalkNormalDown
0x0850DF98	rom	gMovementActionFuncs_WalkNormalUp
0x0850DFA4	rom	gMovementActionFuncs_WalkNormalLeft
0x0850DFB0	rom	gMovementActionFuncs_WalkNormalRight
0x0850DFBC	rom	sJumpInitDisplacements
0x0850DFC2	rom	sJumpDisplacements
0x0850DFC8	rom	gMovementActionFuncs_Jump2Down
0x0850DFD4	rom	gMovementActionFuncs_Jump2Up
0x0850DFE0	rom	gMovementActionFuncs_Jump2Left
0x0850DFEC	rom	gMovementActionFuncs_Jump2Right
0x0850DFF8	rom	gMovementActionFuncs_Delay1
0x0850E004	rom	gMovementActionFuncs_Delay2
0x0850E010	rom	gMovementActionFuncs_Delay4
0x0850E01C	rom	gMovementActionFuncs_Delay8
0x0850E028	rom	gMovementActionFuncs_Delay16
0x0850E034	rom	gMovementActionFuncs_WalkFastDown
0x0850E040	rom	gMovementActionFuncs_WalkFastUp
0x0850E04C	rom	gMovementActionFuncs_WalkFastLeft
0x0850E058	rom	gMovementActionFuncs_WalkFastRight
0x0850E064	rom	gMovementActionFuncs_WalkInPlaceSlowDown
0x0850E070	rom	gMovementActionFuncs_WalkInPlaceSlowUp
0x0850E07C	rom	gMovementActionFuncs_WalkInPlaceSlowLeft
0x0850E088	rom	gMovementActionFuncs_WalkInPlaceSlowRight
0x0850E094	rom	gMovementActionFuncs_WalkInPlaceNormalDown
0x0850E0A0	rom	gMovementActionFuncs_WalkInPlaceNormalUp
0x0850E0AC	rom	gMovementActionFuncs_WalkInPlaceNormalLeft
0x0850E0B8	rom	gMovementActionFuncs_WalkInPlaceNormalRight
0x0850E0C4	rom	gMovementActionFuncs_WalkInPlaceFastDown
0x0850E0D0	rom	gMovementActionFuncs_WalkInPlaceFastUp
0x0850E0DC	rom	gMovementActionFuncs_WalkInPlaceFastLeft
0x0850E0E8	rom	gMovementActionFuncs_WalkInPlaceFastRight
0x0850E0F4	rom	gMovementActionFuncs_WalkInPlaceFasterDown
0x0850E100	rom	gMovementActionFuncs_WalkInPlaceFasterUp
0x0850E10C	rom	gMovementActionFuncs_WalkInPlaceFasterLeft
0x0850E118	rom	gMovementActionFuncs_WalkInPlaceFasterRight
0x0850E124	rom	gMovementActionFuncs_RideWaterCurrentDown
0x0850E130	rom	gMovementActionFuncs_RideWaterCurrentUp
0x0850E13C	rom	gMovementActionFuncs_RideWaterCurrentLeft
0x0850E148	rom	gMovementActionFuncs_RideWaterCurrentRight
0x0850E154	rom	gMovementActionFuncs_WalkFasterDown
0x0850E160	rom	gMovementActionFuncs_WalkFasterUp
0x0850E16C	rom	gMovementActionFuncs_WalkFasterLeft
0x0850E178	rom	gMovementActionFuncs_WalkFasterRight
0x0850E184	rom	gMovementActionFuncs_SlideDown
0x0850E190	rom	gMovementActionFuncs_SlideUp
0x0850E19C	rom	gMovementActionFuncs_SlideLeft
0x0850E1A8	rom	gMovementActionFuncs_SlideRight
0x0850E1B4	rom	gMovementActionFuncs_PlayerRunDown
0x0850E1C0	rom	gMovementActionFuncs_PlayerRunUp
0x0850E1CC	rom	gMovementActionFuncs_PlayerRunLeft
0x0850E1D8	rom	gMovementActionFuncs_PlayerRunRight
0x0850E1E4	rom	gMovementActionFuncs_StartAnimInDirection
0x0850E1F0	rom	gMovementActionFuncs_JumpSpecialDown
0x0850E1FC	rom	gMovementActionFuncs_JumpSpecialUp
0x0850E208	rom	gMovementActionFuncs_JumpSpecialLeft
0x0850E214	rom	gMovementActionFuncs_JumpSpecialRight
0x0850E220	rom	gMovementActionFuncs_FacePlayer
0x0850E228	rom	gMovementActionFuncs_FaceAwayPlayer
0x0850E230	rom	gMovementActionFuncs_LockFacingDirection
0x0850E238	rom	gMovementActionFuncs_UnlockFacingDirection
0x0850E240	rom	gMovementActionFuncs_JumpDown
0x0850E24C	rom	gMovementActionFuncs_JumpUp
0x0850E258	rom	gMovementActionFuncs_JumpLeft
0x0850E264	rom	gMovementActionFuncs_JumpRight
0x0850E270	rom	gMovementActionFuncs_JumpInPlaceDown
0x0850E27C	rom	gMovementActionFuncs_JumpInPlaceUp
0x0850E288	rom	gMovementActionFuncs_JumpInPlaceLeft
0x0850E294	rom	gMovementActionFuncs_JumpInPlaceRight
0x0850E2A0	rom	gMovementActionFuncs_JumpInPlaceDownUp
0x0850E2AC	rom	gMovementActionFuncs_JumpInPlaceUpDown
0x0850E2B8	rom	gMovementActionFuncs_JumpInPlaceLeftRight
0x0850E2C4	rom	gMovementActionFuncs_JumpInPlaceRightLeft
0x0850E2D0	rom	gMovementActionFuncs_FaceOriginalDirection
0x0850E2D8	rom	gMovementActionFuncs_NurseJoyBowDown
0x0850E2E4	rom	gMovementActionFuncs_EnableJumpLandingGroundEffect
0x0850E2EC	rom	gMovementActionFuncs_DisableJumpLandingGroundEffect
0x0850E2F4	rom	gMovementActionFuncs_DisableAnimation
0x0850E2FC	rom	gMovementActionFuncs_RestoreAnimation
0x0850E304	rom	gMovementActionFuncs_SetInvisible
0x0850E30C	rom	gMovementActionFuncs_SetVisible
0x0850E314	rom	gMovementActionFuncs_EmoteExclamationMark
0x0850E31C	rom	gMovementActionFuncs_EmoteQuestionMark
0x0850E324	rom	gMovementActionFuncs_EmoteHeart
0x0850E32C	rom	gMovementActionFuncs_RevealTrainer
0x0850E338	rom	gMovementActionFuncs_RockSmashBreak
0x0850E348	rom	gMovementActionFuncs_CutTree
0x0850E358	rom	gMovementActionFuncs_SetFixedPriority
0x0850E360	rom	gMovementActionFuncs_ClearFixedPriority
0x0850E368	rom	gMovementActionFuncs_InitAffineAnim
0x0850E370	rom	gMovementActionFuncs_ClearAffineAnim
0x0850E378	rom	gMovementActionFuncs_HideReflection
0x0850E380	rom	gMovementActionFuncs_ShowReflection
0x0850E388	rom	gMovementActionFuncs_WalkDownStartAffine
0x0850E394	rom	gMovementActionFuncs_WalkDownAffine
0x0850E3A0	rom	gMovementActionFuncs_WalkLeftAffine
0x0850E3AC	rom	gMovementActionFuncs_WalkRightAffine
0x0850E3B8	rom	gMovementActionFuncs_AcroWheelieFaceDown
0x0850E3C0	rom	gMovementActionFuncs_AcroWheelieFaceUp
0x0850E3C8	rom	gMovementActionFuncs_AcroWheelieFaceLeft
0x0850E3D0	rom	gMovementActionFuncs_AcroWheelieFaceRight
0x0850E3D8	rom	gMovementActionFuncs_AcroPopWheelieDown
0x0850E3E4	rom	gMovementActionFuncs_AcroPopWheelieUp
0x0850E3F0	rom	gMovementActionFuncs_AcroPopWheelieLeft
0x0850E3FC	rom	gMovementActionFuncs_AcroPopWheelieRight
0x0850E408	rom	gMovementActionFuncs_AcroEndWheelieFaceDown
0x0850E414	rom	gMovementActionFuncs_AcroEndWheelieFaceUp
0x0850E420	rom	gMovementActionFuncs_AcroEndWheelieFaceLeft
0x0850E42C	rom	gMovementActionFuncs_AcroEndWheelieFaceRight
0x0850E438	rom	gMovementActionFuncs_AcroUnusedAcroActionDown
0x0850E444	rom	gMovementActionFuncs_AcroUnusedAcroActionUp
0x0850E450	rom	gMovementActionFuncs_AcroUnusedAcroActionLeft
0x0850E45C	rom	gMovementActionFuncs_AcroUnusedAcroActionRight
0x0850E468	rom	gMovementActionFuncs_Figure8
0x0850E474	rom	gMovementActionFuncs_AcroWheelieHopFaceDown
0x0850E480	rom	gMovementActionFuncs_AcroWheelieHopFaceUp
0x0850E48C	rom	gMovementActionFuncs_AcroWheelieHopFaceLeft
0x0850E498	rom	gMovementActionFuncs_AcroWheelieHopFaceRight
0x0850E4A4	rom	gMovementActionFuncs_AcroWheelieHopDown
0x0850E4B0	rom	gMovementActionFuncs_AcroWheelieHopUp
0x0850E4BC	rom	gMovementActionFuncs_AcroWheelieHopLeft
0x0850E4C8	rom	gMovementActionFuncs_AcroWheelieHopRight
0x0850E4D4	rom	gMovementActionFuncs_AcroWheelieJumpDown
0x0850E4E0	rom	gMovementActionFuncs_AcroWheelieJumpUp
0x0850E4EC	rom	gMovementActionFuncs_AcroWheelieJumpLeft
0x0850E4F8	rom	gMovementActionFuncs_AcroWheelieJumpRight
0x0850E504	rom	gMovementActionFuncs_AcroWheelieInPlaceDown
0x0850E510	rom	gMovementActionFuncs_AcroWheelieInPlaceUp
0x0850E51C	rom	gMovementActionFuncs_AcroWheelieInPlaceLeft
0x0850E528	rom	gMovementActionFuncs_AcroWheelieInPlaceRight
0x0850E534	rom	gMovementActionFuncs_AcroPopWheelieMoveDown
0x0850E540	rom	gMovementActionFuncs_AcroPopWheelieMoveUp
0x0850E54C	rom	gMovementActionFuncs_AcroPopWheelieMoveLeft
0x0850E558	rom	gMovementActionFuncs_AcroPopWheelieMoveRight
0x0850E564	rom	gMovementActionFuncs_AcroWheelieMoveDown
0x0850E570	rom	gMovementActionFuncs_AcroWheelieMoveUp
0x0850E57C	rom	gMovementActionFuncs_AcroWheelieMoveLeft
0x0850E588	rom	gMovementActionFuncs_AcroWheelieMoveRight
0x0850E594	rom	gMovementActionFuncs_AcroEndWheelieMoveDown
0x0850E5A0	rom	gMovementActionFuncs_AcroEndWheelieMoveUp
0x0850E5AC	rom	gMovementActionFuncs_AcroEndWheelieMoveLeft
0x0850E5B8	rom	gMovementActionFuncs_AcroEndWheelieMoveRight
0x0850E5C4	rom	gMovementActionFuncs_Levitate
0x0850E5CC	rom	gMovementActionFuncs_StopLevitate
0x0850E5D4	rom	gMovementActionFuncs_StopLevitateAtTop
0x0850E5E4	rom	metatileFuncs.2256
0x0850E5FC	rom	jumpLandingFlags.2257
0x0850E614	rom	ledgeBehaviorFuncs.2267
0x0850E624	rom	sElevationToSubpriority
0x0850E634	rom	sElevationToPriority
0x0850E644	rom	sElevationToSubspriteTableNum
0x0850E654	rom	sGroundEffectTracksFuncs
0x0850E664	rom	bikeTireTracks_Transitions.2331
0x0850E674	rom	sGroundEffectFuncs
0x0850E6C4	rom	sStep1Funcs
0x0850E704	rom	sStep2Funcs
0x0850E724	rom	sStep3Funcs
0x0850E73C	rom	sStep4Funcs
0x0850E74C	rom	sStep8Funcs
0x0850E754	rom	sNpcStepFuncTables
0x0850E768	rom	sStepTimes
0x0850E772	rom	sFigure8XOffsets
0x0850E7BA	rom	sFigure8YOffsets
0x0850E802	rom	sJumpY_High
0x0850E812	rom	sJumpY_Low
0x0850E822	rom	sJumpY_Normal
0x0850E834	rom	sJumpYTable
0x0850E854	rom	gMovementActionFuncs_LockAnim
0x0850E85C	rom	gMovementActionFuncs_UnlockAnim
0x0850E864	rom	gMovementActionFuncs_FlyUp
0x0850E870	rom	gMovementActionFuncs_FlyDown
0x0850E87C	rom	gTextWindowFrame1_Gfx
0x0850E99C	rom	sTextWindowFrame2_Gfx
0x0850EABC	rom	sTextWindowFrame3_Gfx
0x0850EBDC	rom	sTextWindowFrame4_Gfx
0x0850ECFC	rom	sTextWindowFrame5_Gfx
0x0850EE1C	rom	sTextWindowFrame6_Gfx
0x0850EF3C	rom	sTextWindowFrame7_Gfx
0x0850F05C	rom	sTextWindowFrame8_Gfx
0x0850F17C	rom	sTextWindowFrame9_Gfx
0x0850F29C	rom	sTextWindowFrame10_Gfx
0x0850F3BC	rom	sTextWindowFrame11_Gfx
0x0850F4DC	rom	sTextWindowFrame12_Gfx
0x0850F5FC	rom	sTextWindowFrame13_Gfx
0x0850F71C	rom	sTextWindowFrame14_Gfx
0x0850F83C	rom	sTextWindowFrame15_Gfx
0x0850F95C	rom	sTextWindowFrame16_Gfx
0x0850FA7C	rom	sTextWindowFrame17_Gfx
0x0850FB9C	rom	sTextWindowFrame18_Gfx
0x0850FCBC	rom	sTextWindowFrame19_Gfx
0x0850FDDC	rom	sTextWindowFrame20_Gfx
0x0850FEFC	rom	gTextWindowFrame1_Pal
0x0850FF1C	rom	sTextWindowFrame2_Pal
0x0850FF3C	rom	sTextWindowFrame3_Pal
0x0850FF5C	rom	sTextWindowFrame4_Pal
0x0850FF7C	rom	sTextWindowFrame5_Pal
0x0850FF9C	rom	sTextWindowFrame6_Pal
0x0850FFBC	rom	sTextWindowFrame7_Pal
0x0850FFDC	rom	sTextWindowFrame8_Pal
0x0850FFFC	rom	sTextWindowFrame9_Pal
0x0851001C	rom	sTextWindowFrame10_Pal
0x0851003C	rom	sTextWindowFrame11_Pal
0x0851005C	rom	sTextWindowFrame12_Pal
0x0851007C	rom	sTextWindowFrame13_Pal
0x0851009C	rom	sTextWindowFrame14_Pal
0x085100BC	rom	sTextWindowFrame15_Pal
0x085100DC	rom	sTextWindowFrame16_Pal
0x085100FC	rom	sTextWindowFrame17_Pal
0x0851011C	rom	sTextWindowFrame18_Pal
0x0851013C	rom	sTextWindowFrame19_Pal
0x0851015C	rom	sTextWindowFrame20_Pal
0x0851017C	rom	sTextWindowPalettes
0x0851021C	rom	sWindowFrames
0x085102BC	rom	gNullScriptPtr
0x085102C0	rom	sScriptConditionTable
0x085102D4	rom	sScriptStringVars
0x085102E0	rom	sCoordEventWeatherFuncs
0x08510348	rom	sPerStepCallbacks
0x08510368	rom	sHalfSubmergedBridgeMetatileOffsets
0x08510388	rom	sFullySubmergedBridgeMetatileOffsets
0x085103A8	rom	sFloatingBridgeMetatileOffsets
0x085103C8	rom	sSootopolisGymIceRowVars
0x085103FC	rom	sMuddySlopeMetatiles
0x08510404	rom	sBgTemplates
0x08510408	rom	sWindowTemplates
0x08510420	rom	sInputTimeWindow
0x08510428	rom	sInputMap
0x08510464	rom	sOamData_Arrow
0x0851046C	rom	sArrowDown_Gfx
0x0851048C	rom	sArrowRight_Gfx
0x085104AC	rom	sArrow_Pal
0x085104B4	rom	sPicTable_Arrow
0x085104C4	rom	sSpritePalette_Arrow
0x085104CC	rom	sAnim_Arrow_Down
0x085104D4	rom	sAnim_Arrow_Up
0x085104DC	rom	sAnim_Arrow_Right
0x085104E4	rom	sAnims_Arrow
0x085104F0	rom	sSpriteTemplate_Arrow
0x08510508	rom	sWindowTemplate_SafariBalls
0x08510510	rom	sPyramidFloorNames
0x08510530	rom	sWindowTemplate_PyramidFloor
0x08510538	rom	sWindowTemplate_PyramidPeak
0x08510540	rom	sStartMenuItems
0x085105A8	rom	sBgTemplates_LinkBattleSave
0x085105AC	rom	sWindowTemplates_LinkBattleSave
0x085105BC	rom	sSaveInfoWindowTemplate
0x085105C4	rom	gTilesetAnims_General_Flower_Frame1
0x08510644	rom	gTilesetAnims_General_Flower_Frame0
0x085106C4	rom	gTilesetAnims_General_Flower_Frame2
0x08510744	rom	tileset_anims_space_0
0x08510764	rom	gTilesetAnims_General_Flower
0x08510774	rom	gTilesetAnims_General_Water_Frame0
0x08510B34	rom	gTilesetAnims_General_Water_Frame1
0x08510EF4	rom	gTilesetAnims_General_Water_Frame2
0x085112B4	rom	gTilesetAnims_General_Water_Frame3
0x08511674	rom	gTilesetAnims_General_Water_Frame4
0x08511A34	rom	gTilesetAnims_General_Water_Frame5
0x08511DF4	rom	gTilesetAnims_General_Water_Frame6
0x085121B4	rom	gTilesetAnims_General_Water_Frame7
0x08512574	rom	gTilesetAnims_General_Water
0x08512594	rom	gTilesetAnims_General_SandWaterEdge_Frame0
0x085126D4	rom	gTilesetAnims_General_SandWaterEdge_Frame1
0x08512814	rom	gTilesetAnims_General_SandWaterEdge_Frame2
0x08512954	rom	gTilesetAnims_General_SandWaterEdge_Frame3
0x08512A94	rom	gTilesetAnims_General_SandWaterEdge_Frame4
0x08512BD4	rom	gTilesetAnims_General_SandWaterEdge_Frame5
0x08512D14	rom	gTilesetAnims_General_SandWaterEdge_Frame6
0x08512E54	rom	gTilesetAnims_General_SandWaterEdge
0x08512E74	rom	gTilesetAnims_General_Waterfall_Frame0
0x08512F34	rom	gTilesetAnims_General_Waterfall_Frame1
0x08512FF4	rom	gTilesetAnims_General_Waterfall_Frame2
0x085130B4	rom	gTilesetAnims_General_Waterfall_Frame3
0x08513174	rom	gTilesetAnims_General_Waterfall
0x08513184	rom	gTilesetAnims_General_LandWaterEdge_Frame0
0x085132C4	rom	gTilesetAnims_General_LandWaterEdge_Frame1
0x08513404	rom	gTilesetAnims_General_LandWaterEdge_Frame2
0x08513544	rom	gTilesetAnims_General_LandWaterEdge_Frame3
0x08513684	rom	gTilesetAnims_General_LandWaterEdge
0x08513694	rom	gTilesetAnims_Lavaridge_Steam_Frame0
0x08513714	rom	gTilesetAnims_Lavaridge_Steam_Frame1
0x08513794	rom	gTilesetAnims_Lavaridge_Steam_Frame2
0x08513814	rom	gTilesetAnims_Lavaridge_Steam_Frame3
0x08513894	rom	gTilesetAnims_Lavaridge_Steam
0x085138A4	rom	gTilesetAnims_Pacifidlog_LogBridges_Frame0
0x08513C64	rom	gTilesetAnims_Pacifidlog_LogBridges_Frame1
0x08514024	rom	gTilesetAnims_Pacifidlog_LogBridges_Frame2
0x085143E4	rom	gTilesetAnims_Pacifidlog_LogBridges
0x085143F4	rom	gTilesetAnims_Underwater_Seaweed_Frame0
0x08514474	rom	gTilesetAnims_Underwater_Seaweed_Frame1
0x085144F4	rom	gTilesetAnims_Underwater_Seaweed_Frame2
0x08514574	rom	gTilesetAnims_Underwater_Seaweed_Frame3
0x085145F4	rom	gTilesetAnims_Underwater_Seaweed
0x08514604	rom	gTilesetAnims_Pacifidlog_WaterCurrents_Frame0
0x08514704	rom	gTilesetAnims_Pacifidlog_WaterCurrents_Frame1
0x08514804	rom	gTilesetAnims_Pacifidlog_WaterCurrents_Frame2
0x08514904	rom	gTilesetAnims_Pacifidlog_WaterCurrents_Frame3
0x08514A04	rom	gTilesetAnims_Pacifidlog_WaterCurrents_Frame4
0x08514B04	rom	gTilesetAnims_Pacifidlog_WaterCurrents_Frame5
0x08514C04	rom	gTilesetAnims_Pacifidlog_WaterCurrents_Frame6
0x08514D04	rom	gTilesetAnims_Pacifidlog_WaterCurrents_Frame7
0x08514E04	rom	gTilesetAnims_Pacifidlog_WaterCurrents
0x08514E24	rom	gTilesetAnims_Mauville_Flower1_Frame0
0x08514EA4	rom	gTilesetAnims_Mauville_Flower1_Frame1
0x08514F24	rom	gTilesetAnims_Mauville_Flower1_Frame2
0x08514FA4	rom	gTilesetAnims_Mauville_Flower1_Frame3
0x08515024	rom	gTilesetAnims_Mauville_Flower1_Frame4
0x085150A4	rom	gTilesetAnims_Mauville_Flower2_Frame0
0x08515124	rom	gTilesetAnims_Mauville_Flower2_Frame1
0x085151A4	rom	gTilesetAnims_Mauville_Flower2_Frame2
0x08515224	rom	gTilesetAnims_Mauville_Flower2_Frame3
0x085152A4	rom	gTilesetAnims_Mauville_Flower2_Frame4
0x08515324	rom	tileset_anims_space_1
0x08515344	rom	gTilesetAnims_Mauville_Flower1_VDests
0x08515364	rom	gTilesetAnims_Mauville_Flower2_VDests
0x08515384	rom	gTilesetAnims_Mauville_Flower1
0x085153B4	rom	gTilesetAnims_Mauville_Flower2
0x085153E4	rom	gTilesetAnims_Mauville_Flower1_B
0x085153F4	rom	gTilesetAnims_Mauville_Flower2_B
0x08515404	rom	gTilesetAnims_Rustboro_WindyWater_Frame0
0x08515484	rom	gTilesetAnims_Rustboro_WindyWater_Frame1
0x08515504	rom	gTilesetAnims_Rustboro_WindyWater_Frame2
0x08515584	rom	gTilesetAnims_Rustboro_WindyWater_Frame3
0x08515604	rom	gTilesetAnims_Rustboro_WindyWater_Frame4
0x08515684	rom	gTilesetAnims_Rustboro_WindyWater_Frame5
0x08515704	rom	gTilesetAnims_Rustboro_WindyWater_Frame6
0x08515784	rom	gTilesetAnims_Rustboro_WindyWater_Frame7
0x08515804	rom	gTilesetAnims_Rustboro_WindyWater_VDests
0x08515824	rom	gTilesetAnims_Rustboro_WindyWater
0x08515844	rom	gTilesetAnims_Rustboro_Fountain_Frame0
0x085158C4	rom	gTilesetAnims_Rustboro_Fountain_Frame1
0x08515944	rom	tileset_anims_space_2
0x08515964	rom	gTilesetAnims_Rustboro_Fountain
0x0851596C	rom	gTilesetAnims_Lavaridge_Cave_Lava_Frame0
0x085159EC	rom	gTilesetAnims_Lavaridge_Cave_Lava_Frame1
0x08515A6C	rom	gTilesetAnims_Lavaridge_Cave_Lava_Frame2
0x08515AEC	rom	gTilesetAnims_Lavaridge_Cave_Lava_Frame3
0x08515B6C	rom	gTilesetAnims_Lavaridge_Cave_Lava_Frame4
0x08515BEC	rom	gTilesetAnims_Lavaridge_Cave_Lava_Frame5
0x08515C6C	rom	gTilesetAnims_Lavaridge_Cave_Lava_Frame6
0x08515CEC	rom	gTilesetAnims_Lavaridge_Cave_Lava_Frame7
0x08515D6C	rom	tileset_anims_space_3
0x08515D8C	rom	gTilesetAnims_Lavaridge_Cave_Lava
0x08515D9C	rom	gTilesetAnims_EverGrande_Flowers_Frame0
0x08515E1C	rom	gTilesetAnims_EverGrande_Flowers_Frame1
0x08515E9C	rom	gTilesetAnims_EverGrande_Flowers_Frame2
0x08515F1C	rom	gTilesetAnims_EverGrande_Flowers_Frame3
0x08515F9C	rom	gTilesetAnims_EverGrande_Flowers_Frame4
0x0851601C	rom	gTilesetAnims_EverGrande_Flowers_Frame5
0x0851609C	rom	gTilesetAnims_EverGrande_Flowers_Frame6
0x0851611C	rom	gTilesetAnims_EverGrande_Flowers_Frame7
0x0851619C	rom	tileset_anims_space_4
0x085161BC	rom	gTilesetAnims_EverGrande_VDests
0x085161DC	rom	gTilesetAnims_EverGrande_Flowers
0x085161FC	rom	gTilesetAnims_Dewford_Flag_Frame0
0x085162BC	rom	gTilesetAnims_Dewford_Flag_Frame1
0x0851637C	rom	gTilesetAnims_Dewford_Flag_Frame2
0x0851643C	rom	gTilesetAnims_Dewford_Flag_Frame3
0x085164FC	rom	gTilesetAnims_Dewford_Flag
0x0851650C	rom	gTilesetAnims_BattleFrontierOutsideWest_Flag_Frame0
0x085165CC	rom	gTilesetAnims_BattleFrontierOutsideWest_Flag_Frame1
0x0851668C	rom	gTilesetAnims_BattleFrontierOutsideWest_Flag_Frame2
0x0851674C	rom	gTilesetAnims_BattleFrontierOutsideWest_Flag_Frame3
0x0851680C	rom	gTilesetAnims_BattleFrontierOutsideWest_Flag
0x0851681C	rom	gTilesetAnims_BattleFrontierOutsideEast_Flag_Frame0
0x085168DC	rom	gTilesetAnims_BattleFrontierOutsideEast_Flag_Frame1
0x0851699C	rom	gTilesetAnims_BattleFrontierOutsideEast_Flag_Frame2
0x08516A5C	rom	gTilesetAnims_BattleFrontierOutsideEast_Flag_Frame3
0x08516B1C	rom	gTilesetAnims_BattleFrontierOutsideEast_Flag
0x08516B2C	rom	gTilesetAnims_Slateport_Balloons_Frame0
0x08516BAC	rom	gTilesetAnims_Slateport_Balloons_Frame1
0x08516C2C	rom	gTilesetAnims_Slateport_Balloons_Frame2
0x08516CAC	rom	gTilesetAnims_Slateport_Balloons_Frame3
0x08516D2C	rom	gTilesetAnims_Slateport_Balloons
0x08516D3C	rom	gTilesetAnims_Building_TvTurnedOn_Frame0
0x08516DBC	rom	gTilesetAnims_Building_TvTurnedOn_Frame1
0x08516E3C	rom	gTilesetAnims_Building_TvTurnedOn
0x08516E44	rom	gTilesetAnims_SootopolisGym_SideWaterfall_Frame0
0x08516FC4	rom	gTilesetAnims_SootopolisGym_SideWaterfall_Frame1
0x08517144	rom	gTilesetAnims_SootopolisGym_SideWaterfall_Frame2
0x085172C4	rom	gTilesetAnims_SootopolisGym_FrontWaterfall_Frame0
0x08517544	rom	gTilesetAnims_SootopolisGym_FrontWaterfall_Frame1
0x085177C4	rom	gTilesetAnims_SootopolisGym_FrontWaterfall_Frame2
0x08517A44	rom	gTilesetAnims_SootopolisGym_SideWaterfall
0x08517A50	rom	gTilesetAnims_SootopolisGym_FrontWaterfall
0x08517A5C	rom	gTilesetAnims_EliteFour_FloorLight_Frame0
0x08517ADC	rom	gTilesetAnims_EliteFour_FloorLight_Frame1
0x08517B5C	rom	gTilesetAnims_EliteFour_WallLights_Frame0
0x08517B7C	rom	gTilesetAnims_EliteFour_WallLights_Frame1
0x08517B9C	rom	gTilesetAnims_EliteFour_WallLights_Frame2
0x08517BBC	rom	gTilesetAnims_EliteFour_WallLights_Frame3
0x08517BDC	rom	tileset_anims_space_5
0x08517BFC	rom	gTilesetAnims_EliteFour_WallLights
0x08517C0C	rom	gTilesetAnims_EliteFour_FloorLight
0x08517C14	rom	gTilesetAnims_MauvilleGym_ElectricGates_Frame0
0x08517E14	rom	gTilesetAnims_MauvilleGym_ElectricGates_Frame1
0x08518014	rom	tileset_anims_space_6
0x08518034	rom	gTilesetAnims_MauvilleGym_ElectricGates
0x0851803C	rom	gTilesetAnims_BikeShop_BlinkingLights_Frame0
0x0851815C	rom	gTilesetAnims_BikeShop_BlinkingLights_Frame1
0x0851827C	rom	tileset_anims_space_7
0x0851829C	rom	gTilesetAnims_BikeShop_BlinkingLights
0x085182A4	rom	gTilesetAnims_Sootopolis_StormyWater_Frame0
0x08518EA4	rom	gTilesetAnims_Sootopolis_StormyWater_Frame1
0x08519AA4	rom	gTilesetAnims_Sootopolis_StormyWater_Frame2
0x0851A6A4	rom	gTilesetAnims_Sootopolis_StormyWater_Frame3
0x0851B2A4	rom	gTilesetAnims_Sootopolis_StormyWater_Frame4
0x0851BEA4	rom	gTilesetAnims_Sootopolis_StormyWater_Frame5
0x0851CAA4	rom	gTilesetAnims_Sootopolis_StormyWater_Frame6
0x0851D6A4	rom	gTilesetAnims_Sootopolis_StormyWater_Frame7
0x0851E2A4	rom	tileset_anims_space_8
0x0851E2C4	rom	gTilesetAnims_Unused1_Frame0
0x0851EAC4	rom	gTilesetAnims_Unused1_Frame1
0x0851F2C4	rom	gTilesetAnims_Unused1_Frame2
0x0851FAC4	rom	gTilesetAnims_Unused1_Frame3
0x085202C4	rom	gTilesetAnims_Sootopolis_StormyWater
0x085202E4	rom	gTilesetAnims_BattlePyramid_Torch_Frame0
0x085203E4	rom	gTilesetAnims_BattlePyramid_Torch_Frame1
0x085204E4	rom	gTilesetAnims_BattlePyramid_Torch_Frame2
0x085205E4	rom	tileset_anims_space_9
0x08520604	rom	gTilesetAnims_BattlePyramid_StatueShadow_Frame0
0x08520704	rom	gTilesetAnims_BattlePyramid_StatueShadow_Frame1
0x08520804	rom	gTilesetAnims_BattlePyramid_StatueShadow_Frame2
0x08520904	rom	tileset_anims_space_10
0x08524604	rom	gTilesetAnims_Unused2_Frame0
0x08524644	rom	tileset_anims_space_11
0x08524804	rom	gTilesetAnims_Unused2_Frame1
0x08524864	rom	gTilesetAnims_BattlePyramid_Torch
0x08524870	rom	gTilesetAnims_BattlePyramid_StatueShadow
0x0852487C	rom	sTilesetAnims_BattleDomeFloorLightPals
0x0852488C	rom	sDummyPaletteStructTemplate
0x0852489C	rom	sRoundedDownGrayscaleMap
0x085248BC	rom	sFanfares
0x08524904	rom	gOamData_AffineOff_ObjNormal_8x8
0x0852490C	rom	gOamData_AffineOff_ObjNormal_16x16
0x08524914	rom	gOamData_AffineOff_ObjNormal_32x32
0x0852491C	rom	gOamData_AffineOff_ObjNormal_64x64
0x08524924	rom	gOamData_AffineOff_ObjNormal_16x8
0x0852492C	rom	gOamData_AffineOff_ObjNormal_32x8
0x08524934	rom	gOamData_AffineOff_ObjNormal_32x16
0x0852493C	rom	gOamData_AffineOff_ObjNormal_64x32
0x08524944	rom	gOamData_AffineOff_ObjNormal_8x16
0x0852494C	rom	gOamData_AffineOff_ObjNormal_8x32
0x08524954	rom	gOamData_AffineOff_ObjNormal_16x32
0x0852495C	rom	gOamData_AffineOff_ObjNormal_32x64
0x08524964	rom	gOamData_AffineNormal_ObjNormal_8x8
0x0852496C	rom	gOamData_AffineNormal_ObjNormal_16x16
0x08524974	rom	gOamData_AffineNormal_ObjNormal_32x32
0x0852497C	rom	gOamData_AffineNormal_ObjNormal_64x64
0x08524984	rom	gOamData_AffineNormal_ObjNormal_16x8
0x0852498C	rom	gOamData_AffineNormal_ObjNormal_32x8
0x08524994	rom	gOamData_AffineNormal_ObjNormal_32x16
0x0852499C	rom	gOamData_AffineNormal_ObjNormal_64x32
0x085249A4	rom	gOamData_AffineNormal_ObjNormal_8x16
0x085249AC	rom	gOamData_AffineNormal_ObjNormal_8x32
0x085249B4	rom	gOamData_AffineNormal_ObjNormal_16x32
0x085249BC	rom	gOamData_AffineNormal_ObjNormal_32x64
0x085249C4	rom	gOamData_AffineDouble_ObjNormal_8x8
0x085249CC	rom	gOamData_AffineDouble_ObjNormal_16x16
0x085249D4	rom	gOamData_AffineDouble_ObjNormal_32x32
0x085249DC	rom	gOamData_AffineDouble_ObjNormal_64x64
0x085249E4	rom	gOamData_AffineDouble_ObjNormal_16x8
0x085249EC	rom	gOamData_AffineDouble_ObjNormal_32x8
0x085249F4	rom	gOamData_AffineDouble_ObjNormal_32x16
0x085249FC	rom	gOamData_AffineDouble_ObjNormal_64x32
0x08524A04	rom	gOamData_AffineDouble_ObjNormal_8x16
0x08524A0C	rom	gOamData_AffineDouble_ObjNormal_8x32
0x08524A14	rom	gOamData_AffineDouble_ObjNormal_16x32
0x08524A1C	rom	gOamData_AffineDouble_ObjNormal_32x64
0x08524A24	rom	gOamData_AffineOff_ObjBlend_8x8
0x08524A2C	rom	gOamData_AffineOff_ObjBlend_16x16
0x08524A34	rom	gOamData_AffineOff_ObjBlend_32x32
0x08524A3C	rom	gOamData_AffineOff_ObjBlend_64x64
0x08524A44	rom	gOamData_AffineOff_ObjBlend_16x8
0x08524A4C	rom	gOamData_AffineOff_ObjBlend_32x8
0x08524A54	rom	gOamData_AffineOff_ObjBlend_32x16
0x08524A5C	rom	gOamData_AffineOff_ObjBlend_64x32
0x08524A64	rom	gOamData_AffineOff_ObjBlend_8x16
0x08524A6C	rom	gOamData_AffineOff_ObjBlend_8x32
0x08524A74	rom	gOamData_AffineOff_ObjBlend_16x32
0x08524A7C	rom	gOamData_AffineOff_ObjBlend_32x64
0x08524A84	rom	gOamData_AffineNormal_ObjBlend_8x8
0x08524A8C	rom	gOamData_AffineNormal_ObjBlend_16x16
0x08524A94	rom	gOamData_AffineNormal_ObjBlend_32x32
0x08524A9C	rom	gOamData_AffineNormal_ObjBlend_64x64
0x08524AA4	rom	gOamData_AffineNormal_ObjBlend_16x8
0x08524AAC	rom	gOamData_AffineNormal_ObjBlend_32x8
0x08524AB4	rom	gOamData_AffineNormal_ObjBlend_32x16
0x08524ABC	rom	gOamData_AffineNormal_ObjBlend_64x32
0x08524AC4	rom	gOamData_AffineNormal_ObjBlend_8x16
0x08524ACC	rom	gOamData_AffineNormal_ObjBlend_8x32
0x08524AD4	rom	gOamData_AffineNormal_ObjBlend_16x32
0x08524ADC	rom	gOamData_AffineNormal_ObjBlend_32x64
0x08524AE4	rom	gOamData_AffineDouble_ObjBlend_8x8
0x08524AEC	rom	gOamData_AffineDouble_ObjBlend_16x16
0x08524AF4	rom	gOamData_AffineDouble_ObjBlend_32x32
0x08524AFC	rom	gOamData_AffineDouble_ObjBlend_64x64
0x08524B04	rom	gOamData_AffineDouble_ObjBlend_16x8
0x08524B0C	rom	gOamData_AffineDouble_ObjBlend_32x8
0x08524B14	rom	gOamData_AffineDouble_ObjBlend_32x16
0x08524B1C	rom	gOamData_AffineDouble_ObjBlend_64x32
0x08524B24	rom	gOamData_AffineDouble_ObjBlend_8x16
0x08524B2C	rom	gOamData_AffineDouble_ObjBlend_8x32
0x08524B34	rom	gOamData_AffineDouble_ObjBlend_16x32
0x08524B3C	rom	gOamData_AffineDouble_ObjBlend_32x64
0x08524B44	rom	gBattleAnimPicTable
0x0852544C	rom	gBattleAnimPaletteTable
0x08525D54	rom	gBattleAnimBackgroundTable
0x08525E98	rom	sScriptCmdTable
0x08525F58	rom	sBattlerCoords
0x08525F78	rom	gCastformFrontSpriteCoords
0x08525F88	rom	sCastformElevations
0x08525F8C	rom	sCastformBackSpriteYCoords
0x08525F90	rom	sSpriteTemplates_MoveEffectMons
0x08525FC0	rom	sSpriteSheets_MoveEffectMons
0x0853EDE4	rom	sAnim_FlickeringOrb
0x0853EDF8	rom	sAnims_FlickeringOrb
0x0853EDFC	rom	sFlickeringOrbSpriteTemplate
0x0853EE14	rom	sFlickeringOrbFlippedSpriteTemplate
0x0853EE2C	rom	sAnim_WeatherBallNormal
0x0853EE34	rom	sAnims_WeatherBallNormal
0x0853EE38	rom	gWeatherBallUpSpriteTemplate
0x0853EE50	rom	gWeatherBallNormalDownSpriteTemplate
0x0853EE68	rom	sAnim_SpinningSparkle
0x0853EE80	rom	sAnims_SpinningSparkle
0x0853EE84	rom	gSpinningSparkleSpriteTemplate
0x0853EE9C	rom	sFlickeringFootSpriteTemplate
0x0853EEB4	rom	sAnim_FlickeringImpact_0
0x0853EEBC	rom	sAnim_FlickeringImpact_1
0x0853EEC4	rom	sAnim_FlickeringImpact_2
0x0853EECC	rom	sAnims_FlickeringImpact
0x0853EED8	rom	sFlickeringImpactSpriteTemplate
0x0853EEF0	rom	sAnim_FlickeringShrinkOrb
0x0853EEF8	rom	sAnims_FlickeringShrinkOrb
0x0853EEFC	rom	sAffineAnim_FlickeringShrinkOrb
0x0853EF14	rom	sAffineAnims_FlickeringShrinkOrb
0x0853EF18	rom	sFlickeringShrinkOrbSpriteTemplate
0x0853EF30	rom	sFrozenIceCubeSubsprites
0x0853EF40	rom	sFrozenIceCubeSubspriteTable
0x0853EF48	rom	sFrozenIceCubeSpriteTemplate
0x0853EF60	rom	sFlashingCircleImpactSpriteTemplate
0x0853EF78	rom	sUnusedUnknownPal
0x0853F058	rom	sTitleScreenRayquazaGfx
0x0853F83C	rom	sTitleScreenRayquazaTilemap
0x0853FB3C	rom	sTitleScreenLogoShineGfx
0x0853FC8C	rom	sTitleScreenCloudsGfx
0x0853FF70	rom	gTitleScreenAlphaBlend
0x0853FFF0	rom	sVersionBannerLeftOamData
0x0853FFF8	rom	sVersionBannerRightOamData
0x08540000	rom	sVersionBannerLeftAnimSequence
0x08540008	rom	sVersionBannerRightAnimSequence
0x08540010	rom	sVersionBannerLeftAnimTable
0x08540014	rom	sVersionBannerRightAnimTable
0x08540018	rom	sVersionBannerLeftSpriteTemplate
0x08540030	rom	sVersionBannerRightSpriteTemplate
0x08540048	rom	sSpriteSheet_EmeraldVersion
0x08540058	rom	sOamData_CopyrightBanner
0x08540060	rom	sAnim_PressStart_0
0x08540068	rom	sAnim_PressStart_1
0x08540070	rom	sAnim_PressStart_2
0x08540078	rom	sAnim_PressStart_3
0x08540080	rom	sAnim_PressStart_4
0x08540088	rom	sAnim_Copyright_0
0x08540090	rom	sAnim_Copyright_1
0x08540098	rom	sAnim_Copyright_2
0x085400A0	rom	sAnim_Copyright_3
0x085400A8	rom	sAnim_Copyright_4
0x085400B0	rom	sStartCopyrightBannerAnimTable
0x085400D8	rom	sStartCopyrightBannerSpriteTemplate
0x085400F0	rom	sSpriteSheet_PressStart
0x08540100	rom	sSpritePalette_PressStart
0x08540110	rom	sPokemonLogoShineOamData
0x08540118	rom	sPokemonLogoShineAnimSequence
0x08540120	rom	sPokemonLogoShineAnimTable
0x08540124	rom	sPokemonLogoShineSpriteTemplate
0x0854013C	rom	sPokemonLogoShineSpriteSheet
0x0854014C	rom	sDroughtWeatherColors
0x0854C14C	rom	gWeatherPtr
0x0854C150	rom	sWeatherFuncs
0x0854C240	rom	gWeatherPalStateFuncs
0x0854C250	rom	sBasePaletteColorMapTypes
0x0854C270	rom	gFogPalette
0x0854C290	rom	gCloudsWeatherPalette
0x0854C2B0	rom	gSandstormWeatherPalette
0x0854C2D0	rom	gWeatherFogDiagonalTiles
0x0854CAD0	rom	gWeatherFogHorizontalTiles
0x0854D2D0	rom	gWeatherCloudTiles
0x0854DAD0	rom	gWeatherSnow1Tiles
0x0854DAF0	rom	gWeatherSnow2Tiles
0x0854DB10	rom	gWeatherBubbleTiles
0x0854DB50	rom	gWeatherAshTiles
0x0854EB50	rom	gWeatherRainTiles
0x0854F150	rom	gWeatherSandstormTiles
0x0854FB50	rom	sCloudSpriteMapCoords
0x0854FB5C	rom	sCloudSpriteSheet
0x0854FB64	rom	sCloudSpriteOamData
0x0854FB6C	rom	sCloudSpriteAnimCmd
0x0854FB74	rom	sCloudSpriteAnimCmds
0x0854FB78	rom	sCloudSpriteTemplate
0x0854FB90	rom	sRainSpriteCoords
0x0854FBF0	rom	sRainSpriteOamData
0x0854FBF8	rom	sRainSpriteFallAnimCmd
0x0854FC00	rom	sRainSpriteSplashAnimCmd
0x0854FC10	rom	sRainSpriteHeavySplashAnimCmd
0x0854FC20	rom	sRainSpriteAnimCmds
0x0854FC2C	rom	sRainSpriteTemplate
0x0854FC44	rom	sRainSpriteMovement
0x0854FC4C	rom	sRainSpriteFallingDurations
0x0854FC54	rom	sRainSpriteSheet
0x0854FC5C	rom	sSnowflakeSpriteOamData
0x0854FC64	rom	sSnowflakeSpriteImages
0x0854FC74	rom	sSnowflakeAnimCmd0
0x0854FC7C	rom	sSnowflakeAnimCmd1
0x0854FC84	rom	sSnowflakeAnimCmds
0x0854FC8C	rom	sSnowflakeSpriteTemplate
0x0854FCA4	rom	sUnusedData
0x0854FCB4	rom	sOamData_FogH
0x0854FCBC	rom	sAnim_FogH_0
0x0854FCC4	rom	sAnim_FogH_1
0x0854FCCC	rom	sAnim_FogH_2
0x0854FCD4	rom	sAnim_FogH_3
0x0854FCDC	rom	sAnim_FogH_4
0x0854FCE4	rom	sAnim_FogH_5
0x0854FCEC	rom	sAnims_FogH
0x0854FD04	rom	sAffineAnim_FogH
0x0854FD14	rom	sAffineAnims_FogH
0x0854FD18	rom	sFogHorizontalSpriteTemplate
0x0854FD38	rom	sAshSpriteSheet
0x0854FD40	rom	sAshSpriteOamData
0x0854FD48	rom	sAshSpriteAnimCmd0
0x0854FD54	rom	sAshSpriteAnimCmds
0x0854FD58	rom	sAshSpriteTemplate
0x0854FD70	rom	sFogDiagonalSpriteSheet
0x0854FD78	rom	sFogDiagonalSpriteOamData
0x0854FD80	rom	sFogDiagonalSpriteAnimCmd0
0x0854FD88	rom	sFogDiagonalSpriteAnimCmds
0x0854FD8C	rom	sFogDiagonalSpriteTemplate
0x0854FDA4	rom	sSandstormSpriteOamData
0x0854FDAC	rom	sSandstormSpriteAnimCmd0
0x0854FDB4	rom	sSandstormSpriteAnimCmd1
0x0854FDBC	rom	sSandstormSpriteAnimCmds
0x0854FDC4	rom	sSandstormSpriteTemplate
0x0854FDDC	rom	sSandstormSpriteSheet
0x0854FDE4	rom	sSwirlEntranceDelays
0x0854FDF0	rom	sBubbleStartDelays
0x0854FDF8	rom	sWeatherBubbleSpriteSheet
0x0854FE00	rom	sBubbleStartCoords
0x0854FE34	rom	sBubbleSpriteAnimCmd0
0x0854FE40	rom	sBubbleSpriteAnimCmds
0x0854FE44	rom	sBubbleSpriteTemplate
0x0854FE5C	rom	sWeatherCycleRoute119
0x0854FE60	rom	sWeatherCycleRoute123
0x0854FE64	rom	sFlashLevelToRadius
0x0854FE78	rom	gMaxFlashLevel
0x0854FE7C	rom	sFlashEffectParams
0x0854FE88	rom	sBattleTransitionTable_Wild
0x0854FE90	rom	sBattleTransitionTable_Trainer
0x0854FE98	rom	sBattleTransitionTable_BattleFrontier
0x0854FEA4	rom	sBattleTransitionTable_BattlePyramid
0x0854FEA7	rom	sBattleTransitionTable_BattleDome
0x0854FEAC	rom	sOrdinaryBattleParams
0x0854FEF4	rom	sContinueScriptBattleParams
0x0854FF3C	rom	sDoubleBattleParams
0x0854FF84	rom	sOrdinaryNoIntroBattleParams
0x0854FFCC	rom	sContinueScriptDoubleBattleParams
0x08550014	rom	sTrainerBOrdinaryBattleParams
0x0855005C	rom	sTrainerBContinueScriptBattleParams
0x085500A4	rom	gRematchTable
0x08550584	rom	sBadgeFlags
0x08550594	rom	sWindowTemplate_LinkPlayerCount
0x0855059C	rom	sTrainerCardColorNames
0x085505AC	rom	sEmotion_ExclamationMarkGfx
0x0855062C	rom	sEmotion_QuestionMarkGfx
0x085506AC	rom	sEmotion_HeartGfx
0x0855072C	rom	sDirectionalApproachDistanceFuncs
0x0855073C	rom	sTrainerSeeFuncList
0x0855076C	rom	sTrainerSeeFuncList2
0x0855077C	rom	sOamData_Icons
0x08550784	rom	sSpriteImageTable_ExclamationQuestionMark
0x08550794	rom	sSpriteImageTable_HeartIcon
0x0855079C	rom	sSpriteAnim_Icons1
0x085507A4	rom	sSpriteAnim_Icons2
0x085507AC	rom	sSpriteAnimTable_Icons
0x085507B4	rom	sSpriteTemplate_ExclamationQuestionMark
0x085507CC	rom	sSpriteTemplate_HeartIcon
0x085507E4	rom	gRoute101_LandMons
0x08550814	rom	gRoute101_LandMonsInfo
0x0855081C	rom	gRoute102_LandMons
0x0855084C	rom	gRoute102_LandMonsInfo
0x08550854	rom	gRoute102_WaterMons
0x08550868	rom	gRoute102_WaterMonsInfo
0x08550870	rom	gRoute102_FishingMons
0x08550898	rom	gRoute102_FishingMonsInfo
0x085508A0	rom	gRoute103_LandMons
0x085508D0	rom	gRoute103_LandMonsInfo
0x085508D8	rom	gRoute103_WaterMons
0x085508EC	rom	gRoute103_WaterMonsInfo
0x085508F4	rom	gRoute103_FishingMons
0x0855091C	rom	gRoute103_FishingMonsInfo
0x08550924	rom	gRoute104_LandMons
0x08550954	rom	gRoute104_LandMonsInfo
0x0855095C	rom	gRoute104_WaterMons
0x08550970	rom	gRoute104_WaterMonsInfo
0x08550978	rom	gRoute104_FishingMons
0x085509A0	rom	gRoute104_FishingMonsInfo
0x085509A8	rom	gRoute105_WaterMons
0x085509BC	rom	gRoute105_WaterMonsInfo
0x085509C4	rom	gRoute105_FishingMons
0x085509EC	rom	gRoute105_FishingMonsInfo
0x085509F4	rom	gRoute110_LandMons
0x08550A24	rom	gRoute110_LandMonsInfo
0x08550A2C	rom	gRoute110_WaterMons
0x08550A40	rom	gRoute110_WaterMonsInfo
0x08550A48	rom	gRoute110_FishingMons
0x08550A70	rom	gRoute110_FishingMonsInfo
0x08550A78	rom	gRoute111_LandMons
0x08550AA8	rom	gRoute111_LandMonsInfo
0x08550AB0	rom	gRoute111_WaterMons
0x08550AC4	rom	gRoute111_WaterMonsInfo
0x08550ACC	rom	gRoute111_RockSmashMons
0x08550AE0	rom	gRoute111_RockSmashMonsInfo
0x08550AE8	rom	gRoute111_FishingMons
0x08550B10	rom	gRoute111_FishingMonsInfo
0x08550B18	rom	gRoute112_LandMons
0x08550B48	rom	gRoute112_LandMonsInfo
0x08550B50	rom	gRoute113_LandMons
0x08550B80	rom	gRoute113_LandMonsInfo
0x08550B88	rom	gRoute114_LandMons
0x08550BB8	rom	gRoute114_LandMonsInfo
0x08550BC0	rom	gRoute114_WaterMons
0x08550BD4	rom	gRoute114_WaterMonsInfo
0x08550BDC	rom	gRoute114_RockSmashMons
0x08550BF0	rom	gRoute114_RockSmashMonsInfo
0x08550BF8	rom	gRoute114_FishingMons
0x08550C20	rom	gRoute114_FishingMonsInfo
0x08550C28	rom	gRoute116_LandMons
0x08550C58	rom	gRoute116_LandMonsInfo
0x08550C60	rom	gRoute117_LandMons
0x08550C90	rom	gRoute117_LandMonsInfo
0x08550C98	rom	gRoute117_WaterMons
0x08550CAC	rom	gRoute117_WaterMonsInfo
0x08550CB4	rom	gRoute117_FishingMons
0x08550CDC	rom	gRoute117_FishingMonsInfo
0x08550CE4	rom	gRoute118_LandMons
0x08550D14	rom	gRoute118_LandMonsInfo
0x08550D1C	rom	gRoute118_WaterMons
0x08550D30	rom	gRoute118_WaterMonsInfo
0x08550D38	rom	gRoute118_FishingMons
0x08550D60	rom	gRoute118_FishingMonsInfo
0x08550D68	rom	gRoute124_WaterMons
0x08550D7C	rom	gRoute124_WaterMonsInfo
0x08550D84	rom	gRoute124_FishingMons
0x08550DAC	rom	gRoute124_FishingMonsInfo
0x08550DB4	rom	gPetalburgWoods_LandMons
0x08550DE4	rom	gPetalburgWoods_LandMonsInfo
0x08550DEC	rom	gRusturfTunnel_LandMons
0x08550E1C	rom	gRusturfTunnel_LandMonsInfo
0x08550E24	rom	gGraniteCave_1F_LandMons
0x08550E54	rom	gGraniteCave_1F_LandMonsInfo
0x08550E5C	rom	gGraniteCave_B1F_LandMons
0x08550E8C	rom	gGraniteCave_B1F_LandMonsInfo
0x08550E94	rom	gMtPyre_1F_LandMons
0x08550EC4	rom	gMtPyre_1F_LandMonsInfo
0x08550ECC	rom	gVictoryRoad_1F_LandMons
0x08550EFC	rom	gVictoryRoad_1F_LandMonsInfo
0x08550F04	rom	gSafariZone_South_LandMons
0x08550F34	rom	gSafariZone_South_LandMonsInfo
0x08550F3C	rom	gUnderwater_Route126_WaterMons
0x08550F50	rom	gUnderwater_Route126_WaterMonsInfo
0x08550F58	rom	gAbandonedShip_Rooms_B1F_WaterMons
0x08550F6C	rom	gAbandonedShip_Rooms_B1F_WaterMonsInfo
0x08550F74	rom	gAbandonedShip_Rooms_B1F_FishingMons
0x08550F9C	rom	gAbandonedShip_Rooms_B1F_FishingMonsInfo
0x08550FA4	rom	gGraniteCave_B2F_LandMons
0x08550FD4	rom	gGraniteCave_B2F_LandMonsInfo
0x08550FDC	rom	gGraniteCave_B2F_RockSmashMons
0x08550FF0	rom	gGraniteCave_B2F_RockSmashMonsInfo
0x08550FF8	rom	gFieryPath_LandMons
0x08551028	rom	gFieryPath_LandMonsInfo
0x08551030	rom	gMeteorFalls_B1F_2R_LandMons
0x08551060	rom	gMeteorFalls_B1F_2R_LandMonsInfo
0x08551068	rom	gMeteorFalls_B1F_2R_WaterMons
0x0855107C	rom	gMeteorFalls_B1F_2R_WaterMonsInfo
0x08551084	rom	gMeteorFalls_B1F_2R_FishingMons
0x085510AC	rom	gMeteorFalls_B1F_2R_FishingMonsInfo
0x085510B4	rom	gJaggedPass_LandMons
0x085510E4	rom	gJaggedPass_LandMonsInfo
0x085510EC	rom	gRoute106_WaterMons
0x08551100	rom	gRoute106_WaterMonsInfo
0x08551108	rom	gRoute106_FishingMons
0x08551130	rom	gRoute106_FishingMonsInfo
0x08551138	rom	gRoute107_WaterMons
0x0855114C	rom	gRoute107_WaterMonsInfo
0x08551154	rom	gRoute107_FishingMons
0x0855117C	rom	gRoute107_FishingMonsInfo
0x08551184	rom	gRoute108_WaterMons
0x08551198	rom	gRoute108_WaterMonsInfo
0x085511A0	rom	gRoute108_FishingMons
0x085511C8	rom	gRoute108_FishingMonsInfo
0x085511D0	rom	gRoute109_WaterMons
0x085511E4	rom	gRoute109_WaterMonsInfo
0x085511EC	rom	gRoute109_FishingMons
0x08551214	rom	gRoute109_FishingMonsInfo
0x0855121C	rom	gRoute115_LandMons
0x0855124C	rom	gRoute115_LandMonsInfo
0x08551254	rom	gRoute115_WaterMons
0x08551268	rom	gRoute115_WaterMonsInfo
0x08551270	rom	gRoute115_FishingMons
0x08551298	rom	gRoute115_FishingMonsInfo
0x085512A0	rom	gNewMauville_Inside_LandMons
0x085512D0	rom	gNewMauville_Inside_LandMonsInfo
0x085512D8	rom	gRoute119_LandMons
0x08551308	rom	gRoute119_LandMonsInfo
0x08551310	rom	gRoute119_WaterMons
0x08551324	rom	gRoute119_WaterMonsInfo
0x0855132C	rom	gRoute119_FishingMons
0x08551354	rom	gRoute119_FishingMonsInfo
0x0855135C	rom	gRoute120_LandMons
0x0855138C	rom	gRoute120_LandMonsInfo
0x08551394	rom	gRoute120_WaterMons
0x085513A8	rom	gRoute120_WaterMonsInfo
0x085513B0	rom	gRoute120_FishingMons
0x085513D8	rom	gRoute120_FishingMonsInfo
0x085513E0	rom	gRoute121_LandMons
0x08551410	rom	gRoute121_LandMonsInfo
0x08551418	rom	gRoute121_WaterMons
0x0855142C	rom	gRoute121_WaterMonsInfo
0x08551434	rom	gRoute121_FishingMons
0x0855145C	rom	gRoute121_FishingMonsInfo
0x08551464	rom	gRoute122_WaterMons
0x08551478	rom	gRoute122_WaterMonsInfo
0x08551480	rom	gRoute122_FishingMons
0x085514A8	rom	gRoute122_FishingMonsInfo
0x085514B0	rom	gRoute123_LandMons
0x085514E0	rom	gRoute123_LandMonsInfo
0x085514E8	rom	gRoute123_WaterMons
0x085514FC	rom	gRoute123_WaterMonsInfo
0x08551504	rom	gRoute123_FishingMons
0x0855152C	rom	gRoute123_FishingMonsInfo
0x08551534	rom	gMtPyre_2F_LandMons
0x08551564	rom	gMtPyre_2F_LandMonsInfo
0x0855156C	rom	gMtPyre_3F_LandMons
0x0855159C	rom	gMtPyre_3F_LandMonsInfo
0x085515A4	rom	gMtPyre_4F_LandMons
0x085515D4	rom	gMtPyre_4F_LandMonsInfo
0x085515DC	rom	gMtPyre_5F_LandMons
0x0855160C	rom	gMtPyre_5F_LandMonsInfo
0x08551614	rom	gMtPyre_6F_LandMons
0x08551644	rom	gMtPyre_6F_LandMonsInfo
0x0855164C	rom	gMtPyre_Exterior_LandMons
0x0855167C	rom	gMtPyre_Exterior_LandMonsInfo
0x08551684	rom	gMtPyre_Summit_LandMons
0x085516B4	rom	gMtPyre_Summit_LandMonsInfo
0x085516BC	rom	gGraniteCave_StevensRoom_LandMons
0x085516EC	rom	gGraniteCave_StevensRoom_LandMonsInfo
0x085516F4	rom	gRoute125_WaterMons
0x08551708	rom	gRoute125_WaterMonsInfo
0x08551710	rom	gRoute125_FishingMons
0x08551738	rom	gRoute125_FishingMonsInfo
0x08551740	rom	gRoute126_WaterMons
0x08551754	rom	gRoute126_WaterMonsInfo
0x0855175C	rom	gRoute126_FishingMons
0x08551784	rom	gRoute126_FishingMonsInfo
0x0855178C	rom	gRoute127_WaterMons
0x085517A0	rom	gRoute127_WaterMonsInfo
0x085517A8	rom	gRoute127_FishingMons
0x085517D0	rom	gRoute127_FishingMonsInfo
0x085517D8	rom	gRoute128_WaterMons
0x085517EC	rom	gRoute128_WaterMonsInfo
0x085517F4	rom	gRoute128_FishingMons
0x0855181C	rom	gRoute128_FishingMonsInfo
0x08551824	rom	gRoute129_WaterMons
0x08551838	rom	gRoute129_WaterMonsInfo
0x08551840	rom	gRoute129_FishingMons
0x08551868	rom	gRoute129_FishingMonsInfo
0x08551870	rom	gRoute130_LandMons
0x085518A0	rom	gRoute130_LandMonsInfo
0x085518A8	rom	gRoute130_WaterMons
0x085518BC	rom	gRoute130_WaterMonsInfo
0x085518C4	rom	gRoute130_FishingMons
0x085518EC	rom	gRoute130_FishingMonsInfo
0x085518F4	rom	gRoute131_WaterMons
0x08551908	rom	gRoute131_WaterMonsInfo
0x08551910	rom	gRoute131_FishingMons
0x08551938	rom	gRoute131_FishingMonsInfo
0x08551940	rom	gRoute132_WaterMons
0x08551954	rom	gRoute132_WaterMonsInfo
0x0855195C	rom	gRoute132_FishingMons
0x08551984	rom	gRoute132_FishingMonsInfo
0x0855198C	rom	gRoute133_WaterMons
0x085519A0	rom	gRoute133_WaterMonsInfo
0x085519A8	rom	gRoute133_FishingMons
0x085519D0	rom	gRoute133_FishingMonsInfo
0x085519D8	rom	gRoute134_WaterMons
0x085519EC	rom	gRoute134_WaterMonsInfo
0x085519F4	rom	gRoute134_FishingMons
0x08551A1C	rom	gRoute134_FishingMonsInfo
0x08551A24	rom	gAbandonedShip_HiddenFloorCorridors_WaterMons
0x08551A38	rom	gAbandonedShip_HiddenFloorCorridors_WaterMonsInfo
0x08551A40	rom	gAbandonedShip_HiddenFloorCorridors_FishingMons
0x08551A68	rom	gAbandonedShip_HiddenFloorCorridors_FishingMonsInfo
0x08551A70	rom	gSeafloorCavern_Room1_LandMons
0x08551AA0	rom	gSeafloorCavern_Room1_LandMonsInfo
0x08551AA8	rom	gSeafloorCavern_Room2_LandMons
0x08551AD8	rom	gSeafloorCavern_Room2_LandMonsInfo
0x08551AE0	rom	gSeafloorCavern_Room3_LandMons
0x08551B10	rom	gSeafloorCavern_Room3_LandMonsInfo
0x08551B18	rom	gSeafloorCavern_Room4_LandMons
0x08551B48	rom	gSeafloorCavern_Room4_LandMonsInfo
0x08551B50	rom	gSeafloorCavern_Room5_LandMons
0x08551B80	rom	gSeafloorCavern_Room5_LandMonsInfo
0x08551B88	rom	gSeafloorCavern_Room6_LandMons
0x08551BB8	rom	gSeafloorCavern_Room6_LandMonsInfo
0x08551BC0	rom	gSeafloorCavern_Room6_WaterMons
0x08551BD4	rom	gSeafloorCavern_Room6_WaterMonsInfo
0x08551BDC	rom	gSeafloorCavern_Room6_FishingMons
0x08551C04	rom	gSeafloorCavern_Room6_FishingMonsInfo
0x08551C0C	rom	gSeafloorCavern_Room7_LandMons
0x08551C3C	rom	gSeafloorCavern_Room7_LandMonsInfo
0x08551C44	rom	gSeafloorCavern_Room7_WaterMons
0x08551C58	rom	gSeafloorCavern_Room7_WaterMonsInfo
0x08551C60	rom	gSeafloorCavern_Room7_FishingMons
0x08551C88	rom	gSeafloorCavern_Room7_FishingMonsInfo
0x08551C90	rom	gSeafloorCavern_Room8_LandMons
0x08551CC0	rom	gSeafloorCavern_Room8_LandMonsInfo
0x08551CC8	rom	gSeafloorCavern_Entrance_WaterMons
0x08551CDC	rom	gSeafloorCavern_Entrance_WaterMonsInfo
0x08551CE4	rom	gSeafloorCavern_Entrance_FishingMons
0x08551D0C	rom	gSeafloorCavern_Entrance_FishingMonsInfo
0x08551D14	rom	gCaveOfOrigin_Entrance_LandMons
0x08551D44	rom	gCaveOfOrigin_Entrance_LandMonsInfo
0x08551D4C	rom	gCaveOfOrigin_1F_LandMons
0x08551D7C	rom	gCaveOfOrigin_1F_LandMonsInfo
0x08551D84	rom	gCaveOfOrigin_UnusedRubySapphireMap1_LandMons
0x08551DB4	rom	gCaveOfOrigin_UnusedRubySapphireMap1_LandMonsInfo
0x08551DBC	rom	gCaveOfOrigin_UnusedRubySapphireMap2_LandMons
0x08551DEC	rom	gCaveOfOrigin_UnusedRubySapphireMap2_LandMonsInfo
0x08551DF4	rom	gCaveOfOrigin_UnusedRubySapphireMap3_LandMons
0x08551E24	rom	gCaveOfOrigin_UnusedRubySapphireMap3_LandMonsInfo
0x08551E2C	rom	gNewMauville_Entrance_LandMons
0x08551E5C	rom	gNewMauville_Entrance_LandMonsInfo
0x08551E64	rom	gSafariZone_Southwest_LandMons
0x08551E94	rom	gSafariZone_Southwest_LandMonsInfo
0x08551E9C	rom	gSafariZone_Southwest_WaterMons
0x08551EB0	rom	gSafariZone_Southwest_WaterMonsInfo
0x08551EB8	rom	gSafariZone_Southwest_FishingMons
0x08551EE0	rom	gSafariZone_Southwest_FishingMonsInfo
0x08551EE8	rom	gSafariZone_North_LandMons
0x08551F18	rom	gSafariZone_North_LandMonsInfo
0x08551F20	rom	gSafariZone_North_RockSmashMons
0x08551F34	rom	gSafariZone_North_RockSmashMonsInfo
0x08551F3C	rom	gSafariZone_Northwest_LandMons
0x08551F6C	rom	gSafariZone_Northwest_LandMonsInfo
0x08551F74	rom	gSafariZone_Northwest_WaterMons
0x08551F88	rom	gSafariZone_Northwest_WaterMonsInfo
0x08551F90	rom	gSafariZone_Northwest_FishingMons
0x08551FB8	rom	gSafariZone_Northwest_FishingMonsInfo
0x08551FC0	rom	gVictoryRoad_B1F_LandMons
0x08551FF0	rom	gVictoryRoad_B1F_LandMonsInfo
0x08551FF8	rom	gVictoryRoad_B1F_RockSmashMons
0x0855200C	rom	gVictoryRoad_B1F_RockSmashMonsInfo
0x08552014	rom	gVictoryRoad_B2F_LandMons
0x08552044	rom	gVictoryRoad_B2F_LandMonsInfo
0x0855204C	rom	gVictoryRoad_B2F_WaterMons
0x08552060	rom	gVictoryRoad_B2F_WaterMonsInfo
0x08552068	rom	gVictoryRoad_B2F_FishingMons
0x08552090	rom	gVictoryRoad_B2F_FishingMonsInfo
0x08552098	rom	gMeteorFalls_1F_1R_LandMons
0x085520C8	rom	gMeteorFalls_1F_1R_LandMonsInfo
0x085520D0	rom	gMeteorFalls_1F_1R_WaterMons
0x085520E4	rom	gMeteorFalls_1F_1R_WaterMonsInfo
0x085520EC	rom	gMeteorFalls_1F_1R_FishingMons
0x08552114	rom	gMeteorFalls_1F_1R_FishingMonsInfo
0x0855211C	rom	gMeteorFalls_1F_2R_LandMons
0x0855214C	rom	gMeteorFalls_1F_2R_LandMonsInfo
0x08552154	rom	gMeteorFalls_1F_2R_WaterMons
0x08552168	rom	gMeteorFalls_1F_2R_WaterMonsInfo
0x08552170	rom	gMeteorFalls_1F_2R_FishingMons
0x08552198	rom	gMeteorFalls_1F_2R_FishingMonsInfo
0x085521A0	rom	gMeteorFalls_B1F_1R_LandMons
0x085521D0	rom	gMeteorFalls_B1F_1R_LandMonsInfo
0x085521D8	rom	gMeteorFalls_B1F_1R_WaterMons
0x085521EC	rom	gMeteorFalls_B1F_1R_WaterMonsInfo
0x085521F4	rom	gMeteorFalls_B1F_1R_FishingMons
0x0855221C	rom	gMeteorFalls_B1F_1R_FishingMonsInfo
0x08552224	rom	gShoalCave_LowTideStairsRoom_LandMons
0x08552254	rom	gShoalCave_LowTideStairsRoom_LandMonsInfo
0x0855225C	rom	gShoalCave_LowTideLowerRoom_LandMons
0x0855228C	rom	gShoalCave_LowTideLowerRoom_LandMonsInfo
0x08552294	rom	gShoalCave_LowTideInnerRoom_LandMons
0x085522C4	rom	gShoalCave_LowTideInnerRoom_LandMonsInfo
0x085522CC	rom	gShoalCave_LowTideInnerRoom_WaterMons
0x085522E0	rom	gShoalCave_LowTideInnerRoom_WaterMonsInfo
0x085522E8	rom	gShoalCave_LowTideInnerRoom_FishingMons
0x08552310	rom	gShoalCave_LowTideInnerRoom_FishingMonsInfo
0x08552318	rom	gShoalCave_LowTideEntranceRoom_LandMons
0x08552348	rom	gShoalCave_LowTideEntranceRoom_LandMonsInfo
0x08552350	rom	gShoalCave_LowTideEntranceRoom_WaterMons
0x08552364	rom	gShoalCave_LowTideEntranceRoom_WaterMonsInfo
0x0855236C	rom	gShoalCave_LowTideEntranceRoom_FishingMons
0x08552394	rom	gShoalCave_LowTideEntranceRoom_FishingMonsInfo
0x0855239C	rom	gLilycoveCity_WaterMons
0x085523B0	rom	gLilycoveCity_WaterMonsInfo
0x085523B8	rom	gLilycoveCity_FishingMons
0x085523E0	rom	gLilycoveCity_FishingMonsInfo
0x085523E8	rom	gDewfordTown_WaterMons
0x085523FC	rom	gDewfordTown_WaterMonsInfo
0x08552404	rom	gDewfordTown_FishingMons
0x0855242C	rom	gDewfordTown_FishingMonsInfo
0x08552434	rom	gSlateportCity_WaterMons
0x08552448	rom	gSlateportCity_WaterMonsInfo
0x08552450	rom	gSlateportCity_FishingMons
0x08552478	rom	gSlateportCity_FishingMonsInfo
0x08552480	rom	gMossdeepCity_WaterMons
0x08552494	rom	gMossdeepCity_WaterMonsInfo
0x0855249C	rom	gMossdeepCity_FishingMons
0x085524C4	rom	gMossdeepCity_FishingMonsInfo
0x085524CC	rom	gPacifidlogTown_WaterMons
0x085524E0	rom	gPacifidlogTown_WaterMonsInfo
0x085524E8	rom	gPacifidlogTown_FishingMons
0x08552510	rom	gPacifidlogTown_FishingMonsInfo
0x08552518	rom	gEverGrandeCity_WaterMons
0x0855252C	rom	gEverGrandeCity_WaterMonsInfo
0x08552534	rom	gEverGrandeCity_FishingMons
0x0855255C	rom	gEverGrandeCity_FishingMonsInfo
0x08552564	rom	gPetalburgCity_WaterMons
0x08552578	rom	gPetalburgCity_WaterMonsInfo
0x08552580	rom	gPetalburgCity_FishingMons
0x085525A8	rom	gPetalburgCity_FishingMonsInfo
0x085525B0	rom	gUnderwater_Route124_WaterMons
0x085525C4	rom	gUnderwater_Route124_WaterMonsInfo
0x085525CC	rom	gShoalCave_LowTideIceRoom_LandMons
0x085525FC	rom	gShoalCave_LowTideIceRoom_LandMonsInfo
0x08552604	rom	gSkyPillar_1F_LandMons
0x08552634	rom	gSkyPillar_1F_LandMonsInfo
0x0855263C	rom	gSootopolisCity_WaterMons
0x08552650	rom	gSootopolisCity_WaterMonsInfo
0x08552658	rom	gSootopolisCity_FishingMons
0x08552680	rom	gSootopolisCity_FishingMonsInfo
0x08552688	rom	gSkyPillar_3F_LandMons
0x085526B8	rom	gSkyPillar_3F_LandMonsInfo
0x085526C0	rom	gSkyPillar_5F_LandMons
0x085526F0	rom	gSkyPillar_5F_LandMonsInfo
0x085526F8	rom	gSafariZone_Southeast_LandMons
0x08552728	rom	gSafariZone_Southeast_LandMonsInfo
0x08552730	rom	gSafariZone_Southeast_WaterMons
0x08552744	rom	gSafariZone_Southeast_WaterMonsInfo
0x0855274C	rom	gSafariZone_Southeast_FishingMons
0x08552774	rom	gSafariZone_Southeast_FishingMonsInfo
0x0855277C	rom	gSafariZone_Northeast_LandMons
0x085527AC	rom	gSafariZone_Northeast_LandMonsInfo
0x085527B4	rom	gSafariZone_Northeast_RockSmashMons
0x085527C8	rom	gSafariZone_Northeast_RockSmashMonsInfo
0x085527D0	rom	gMagmaHideout_1F_LandMons
0x08552800	rom	gMagmaHideout_1F_LandMonsInfo
0x08552808	rom	gMagmaHideout_2F_1R_LandMons
0x08552838	rom	gMagmaHideout_2F_1R_LandMonsInfo
0x08552840	rom	gMagmaHideout_2F_2R_LandMons
0x08552870	rom	gMagmaHideout_2F_2R_LandMonsInfo
0x08552878	rom	gMagmaHideout_3F_1R_LandMons
0x085528A8	rom	gMagmaHideout_3F_1R_LandMonsInfo
0x085528B0	rom	gMagmaHideout_3F_2R_LandMons
0x085528E0	rom	gMagmaHideout_3F_2R_LandMonsInfo
0x085528E8	rom	gMagmaHideout_4F_LandMons
0x08552918	rom	gMagmaHideout_4F_LandMonsInfo
0x08552920	rom	gMagmaHideout_3F_3R_LandMons
0x08552950	rom	gMagmaHideout_3F_3R_LandMonsInfo
0x08552958	rom	gMagmaHideout_2F_3R_LandMons
0x08552988	rom	gMagmaHideout_2F_3R_LandMonsInfo
0x08552990	rom	gMirageTower_1F_LandMons
0x085529C0	rom	gMirageTower_1F_LandMonsInfo
0x085529C8	rom	gMirageTower_2F_LandMons
0x085529F8	rom	gMirageTower_2F_LandMonsInfo
0x08552A00	rom	gMirageTower_3F_LandMons
0x08552A30	rom	gMirageTower_3F_LandMonsInfo
0x08552A38	rom	gMirageTower_4F_LandMons
0x08552A68	rom	gMirageTower_4F_LandMonsInfo
0x08552A70	rom	gDesertUnderpass_LandMons
0x08552AA0	rom	gDesertUnderpass_LandMonsInfo
0x08552AA8	rom	gArtisanCave_B1F_LandMons
0x08552AD8	rom	gArtisanCave_B1F_LandMonsInfo
0x08552AE0	rom	gArtisanCave_1F_LandMons
0x08552B10	rom	gArtisanCave_1F_LandMonsInfo
0x08552B18	rom	gAlteringCave1_LandMons
0x08552B48	rom	gAlteringCave1_LandMonsInfo
0x08552B50	rom	gAlteringCave2_LandMons
0x08552B80	rom	gAlteringCave2_LandMonsInfo
0x08552B88	rom	gAlteringCave3_LandMons
0x08552BB8	rom	gAlteringCave3_LandMonsInfo
0x08552BC0	rom	gAlteringCave4_LandMons
0x08552BF0	rom	gAlteringCave4_LandMonsInfo
0x08552BF8	rom	gAlteringCave5_LandMons
0x08552C28	rom	gAlteringCave5_LandMonsInfo
0x08552C30	rom	gAlteringCave6_LandMons
0x08552C60	rom	gAlteringCave6_LandMonsInfo
0x08552C68	rom	gAlteringCave7_LandMons
0x08552C98	rom	gAlteringCave7_LandMonsInfo
0x08552CA0	rom	gAlteringCave8_LandMons
0x08552CD0	rom	gAlteringCave8_LandMonsInfo
0x08552CD8	rom	gAlteringCave9_LandMons
0x08552D08	rom	gAlteringCave9_LandMonsInfo
0x08552D10	rom	gMeteorFalls_StevensCave_LandMons
0x08552D40	rom	gMeteorFalls_StevensCave_LandMonsInfo
0x08552D48	rom	gWildMonHeaders
0x0855370C	rom	gBattlePyramid_1_LandMons
0x0855373C	rom	gBattlePyramid_1_LandMonsInfo
0x08553744	rom	gBattlePyramid_2_LandMons
0x08553774	rom	gBattlePyramid_2_LandMonsInfo
0x0855377C	rom	gBattlePyramid_3_LandMons
0x085537AC	rom	gBattlePyramid_3_LandMonsInfo
0x085537B4	rom	gBattlePyramid_4_LandMons
0x085537E4	rom	gBattlePyramid_4_LandMonsInfo
0x085537EC	rom	gBattlePyramid_5_LandMons
0x0855381C	rom	gBattlePyramid_5_LandMonsInfo
0x08553824	rom	gBattlePyramid_6_LandMons
0x08553854	rom	gBattlePyramid_6_LandMonsInfo
0x0855385C	rom	gBattlePyramid_7_LandMons
0x0855388C	rom	gBattlePyramid_7_LandMonsInfo
0x08553894	rom	gBattlePyramidWildMonHeaders
0x08553934	rom	gBattlePike_1_LandMons
0x08553964	rom	gBattlePike_1_LandMonsInfo
0x0855396C	rom	gBattlePike_2_LandMons
0x0855399C	rom	gBattlePike_2_LandMonsInfo
0x085539A4	rom	gBattlePike_3_LandMons
0x085539D4	rom	gBattlePike_3_LandMonsInfo
0x085539DC	rom	gBattlePike_4_LandMons
0x08553A0C	rom	gBattlePike_4_LandMonsInfo
0x08553A14	rom	gBattlePikeWildMonHeaders
0x08553A78	rom	sWildFeebas
0x08553A7C	rom	sRoute119WaterTileData
0x08553A90	rom	sNewGameBirch_Gfx
0x08554290	rom	sUnusedBirchBeauty
0x0855A950	rom	sNewGameBirch_Pal
0x0855A970	rom	sPokeballGlow_Gfx
0x0855A990	rom	sPokeballGlow_Pal
0x0855A9B0	rom	sPokecenterMonitor0_Gfx
0x0855AA70	rom	sPokecenterMonitor1_Gfx
0x0855AB30	rom	sHofMonitorBig_Gfx
0x0855AD30	rom	sHofMonitorSmall_Gfx
0x0855AE30	rom	sHofMonitor_Pal
0x0855AE50	rom	sFieldMoveStreaksOutdoors_Gfx
0x0855B050	rom	sFieldMoveStreaksOutdoors_Pal
0x0855B070	rom	sFieldMoveStreaksOutdoors_Tilemap
0x0855B2F0	rom	sFieldMoveStreaksIndoors_Gfx
0x0855B370	rom	sFieldMoveStreaksIndoors_Pal
0x0855B390	rom	sFieldMoveStreaksIndoors_Tilemap
0x0855B610	rom	sSpotlight_Pal
0x0855B630	rom	sSpotlight_Gfx
0x0855C170	rom	sRockFragment_TopLeft
0x0855C190	rom	sRockFragment_TopRight
0x0855C1B0	rom	sRockFragment_BottomLeft
0x0855C1D0	rom	sRockFragment_BottomRight
0x0855C1F0	rom	gFieldEffectScriptFuncs
0x0855C210	rom	sOam_64x64
0x0855C218	rom	sOam_8x8
0x0855C220	rom	sOam_16x16
0x0855C228	rom	sPicTable_NewGameBirch
0x0855C230	rom	sSpritePalette_NewGameBirch
0x0855C238	rom	sAnim_NewGameBirch
0x0855C240	rom	sAnimTable_NewGameBirch
0x0855C244	rom	sSpriteTemplate_NewGameBirch
0x0855C25C	rom	gSpritePalette_PokeballGlow
0x0855C264	rom	gSpritePalette_HofMonitor
0x0855C26C	rom	sOam_32x16
0x0855C274	rom	sPicTable_PokeballGlow
0x0855C27C	rom	sPicTable_PokecenterMonitor
0x0855C28C	rom	sPicTable_HofMonitorBig
0x0855C294	rom	sPicTable_HofMonitorSmall
0x0855C29C	rom	sSubsprites_PokecenterMonitor
0x0855C2AC	rom	sSubspriteTable_PokecenterMonitor
0x0855C2B4	rom	sSubsprites_HofMonitorBig
0x0855C2C4	rom	sSubspriteTable_HofMonitorBig
0x0855C2CC	rom	sAnim_Static
0x0855C2D4	rom	sAnim_Flicker
0x0855C2F8	rom	sAnims_Flicker
0x0855C300	rom	sAnims_HofMonitor
0x0855C304	rom	sSpriteTemplate_PokeballGlow
0x0855C31C	rom	sSpriteTemplate_PokecenterMonitor
0x0855C334	rom	sSpriteTemplate_HofMonitorBig
0x0855C34C	rom	sSpriteTemplate_HofMonitorSmall
0x0855C364	rom	sPokecenterHealEffectFuncs
0x0855C374	rom	sHallOfFameRecordEffectFuncs
0x0855C384	rom	sPokeballGlowEffectFuncs
0x0855C3A4	rom	sPokeballCoordOffsets
0x0855C3BC	rom	sPokeballGlowReds
0x0855C3C0	rom	sPokeballGlowGreens
0x0855C3C4	rom	sPokeballGlowBlues
0x0855C3C8	rom	sFallWarpFieldEffectFuncs
0x0855C3E4	rom	sEscalatorWarpOutFieldEffectFuncs
0x0855C3FC	rom	sEscalatorWarpInFieldEffectFuncs
0x0855C418	rom	sWaterfallFieldEffectFuncs
0x0855C42C	rom	sDiveFieldEffectFuncs
0x0855C438	rom	sLavaridgeGymB1FWarpEffectFuncs
0x0855C450	rom	sLavaridgeGymB1FWarpExitEffectFuncs
0x0855C460	rom	sLavaridgeGym1FWarpEffectFuncs
0x0855C474	rom	sEscapeRopeWarpOutEffectFuncs
0x0855C484	rom	sEscapeRopeWarpInEffectFuncs
0x0855C48C	rom	sTeleportWarpOutFieldEffectFuncs
0x0855C49C	rom	sTeleportWarpInFieldEffectFuncs
0x0855C4A8	rom	sFieldMoveShowMonOutdoorsEffectFuncs
0x0855C4C4	rom	sFieldMoveShowMonIndoorsEffectFuncs
0x0855C4E0	rom	sSurfFieldEffectFuncs
0x0855C4F4	rom	sFlyOutFieldEffectFuncs
0x0855C518	rom	sAffineAnim_FlyBirdLeaveBall
0x0855C530	rom	sAffineAnim_FlyBirdReturnToBall
0x0855C548	rom	sAffineAnims_FlyBird
0x0855C550	rom	sFlyInFieldEffectFuncs
0x0855C590	rom	sDestroyDeoxysRockEffectFuncs
0x0855C59C	rom	sImages_DeoxysRockFragment
0x0855C5BC	rom	sAnim_RockFragment_TopLeft
0x0855C5C4	rom	sAnim_RockFragment_TopRight
0x0855C5CC	rom	sAnim_RockFragment_BottomLeft
0x0855C5D4	rom	sAnim_RockFragment_BottomRight
0x0855C5DC	rom	sAnims_DeoxysRockFragment
0x0855C5EC	rom	sSpriteTemplate_DeoxysRockFragment
0x0855C604	rom	sOptionMenuText_Pal
0x0855C624	rom	sEqualSignGfx
0x0855C664	rom	sOptionMenuItemsNames
0x0855C680	rom	sOptionMenuWinTemplates
0x0855C698	rom	sOptionMenuBgTemplates
0x0855C6A0	rom	sOptionMenuBg_Pal
0x0855C6A4	rom	gPokedexOrder_Alphabetical
0x0855C9DA	rom	gPokedexOrder_Weight
0x0855CCDE	rom	gPokedexOrder_Height
0x0855CFE4	rom	sOamData_ScrollBar
0x0855CFEC	rom	sOamData_ScrollArrow
0x0855CFF4	rom	sOamData_InterfaceText
0x0855CFFC	rom	sOamData_RotatingPokeBall
0x0855D004	rom	sOamData_SeenOwnText
0x0855D00C	rom	sOamData_Dex8x16
0x0855D014	rom	sSpriteAnim_ScrollBar
0x0855D01C	rom	sSpriteAnim_ScrollArrow
0x0855D024	rom	sSpriteAnim_RotatingPokeBall
0x0855D02C	rom	sSpriteAnim_StartButton
0x0855D034	rom	sSpriteAnim_SearchText
0x0855D03C	rom	sSpriteAnim_SelectButton
0x0855D044	rom	sSpriteAnim_MenuText
0x0855D04C	rom	sSpriteAnim_SeenText
0x0855D054	rom	sSpriteAnim_OwnText
0x0855D05C	rom	sSpriteAnim_HoennText
0x0855D064	rom	sSpriteAnim_NationalText
0x0855D06C	rom	sSpriteAnim_HoennSeenOwnDigit0
0x0855D074	rom	sSpriteAnim_HoennSeenOwnDigit1
0x0855D07C	rom	sSpriteAnim_HoennSeenOwnDigit2
0x0855D084	rom	sSpriteAnim_HoennSeenOwnDigit3
0x0855D08C	rom	sSpriteAnim_HoennSeenOwnDigit4
0x0855D094	rom	sSpriteAnim_HoennSeenOwnDigit5
0x0855D09C	rom	sSpriteAnim_HoennSeenOwnDigit6
0x0855D0A4	rom	sSpriteAnim_HoennSeenOwnDigit7
0x0855D0AC	rom	sSpriteAnim_HoennSeenOwnDigit8
0x0855D0B4	rom	sSpriteAnim_HoennSeenOwnDigit9
0x0855D0BC	rom	sSpriteAnim_NationalSeenOwnDigit0
0x0855D0C4	rom	sSpriteAnim_NationalSeenOwnDigit1
0x0855D0CC	rom	sSpriteAnim_NationalSeenOwnDigit2
0x0855D0D4	rom	sSpriteAnim_NationalSeenOwnDigit3
0x0855D0DC	rom	sSpriteAnim_NationalSeenOwnDigit4
0x0855D0E4	rom	sSpriteAnim_NationalSeenOwnDigit5
0x0855D0EC	rom	sSpriteAnim_NationalSeenOwnDigit6
0x0855D0F4	rom	sSpriteAnim_NationalSeenOwnDigit7
0x0855D0FC	rom	sSpriteAnim_NationalSeenOwnDigit8
0x0855D104	rom	sSpriteAnim_NationalSeenOwnDigit9
0x0855D10C	rom	sSpriteAnim_DexListStartMenuCursor
0x0855D114	rom	sSpriteAnimTable_ScrollBar
0x0855D118	rom	sSpriteAnimTable_ScrollArrow
0x0855D11C	rom	sSpriteAnimTable_RotatingPokeBall
0x0855D120	rom	sSpriteAnimTable_InterfaceText
0x0855D130	rom	sSpriteAnimTable_SeenOwnText
0x0855D138	rom	sSpriteAnimTable_HoennNationalText
0x0855D140	rom	sSpriteAnimTable_HoennSeenOwnNumber
0x0855D168	rom	sSpriteAnimTable_NationalSeenOwnNumber
0x0855D190	rom	sSpriteAnimTable_DexListStartMenuCursor
0x0855D194	rom	sScrollBarSpriteTemplate
0x0855D1AC	rom	sScrollArrowSpriteTemplate
0x0855D1C4	rom	sInterfaceTextSpriteTemplate
0x0855D1DC	rom	sRotatingPokeBallSpriteTemplate
0x0855D1F4	rom	sSeenOwnTextSpriteTemplate
0x0855D20C	rom	sHoennNationalTextSpriteTemplate
0x0855D224	rom	sHoennDexSeenOwnNumberSpriteTemplate
0x0855D23C	rom	sNationalDexSeenOwnNumberSpriteTemplate
0x0855D254	rom	sDexListStartMenuCursorSpriteTemplate
0x0855D26C	rom	sInterfaceSpriteSheet
0x0855D27C	rom	sInterfaceSpritePalette
0x0855D28C	rom	sScrollMonIncrements
0x0855D291	rom	sScrollTimers
0x0855D298	rom	sPokedex_BgTemplate
0x0855D2A8	rom	sPokemonList_WindowTemplate
0x0855D2B8	rom	sText_No000
0x0855D2BE	rom	sCaughtBall_Gfx
0x0855D2FE	rom	sText_TenDashes
0x0855D30C	rom	sExpandedPlaceholder_PokedexDescription
0x0855D30D	rom	gDummyPokedexText
0x0855D389	rom	gBulbasaurPokedexText
0x0855D41B	rom	gIvysaurPokedexText
0x0855D4A7	rom	gVenusaurPokedexText
0x0855D539	rom	gCharmanderPokedexText
0x0855D5D1	rom	gCharmeleonPokedexText
0x0855D66F	rom	gCharizardPokedexText
0x0855D708	rom	gSquirtlePokedexText
0x0855D7A7	rom	gWartortlePokedexText
0x0855D845	rom	gBlastoisePokedexText
0x0855D8DC	rom	gCaterpiePokedexText
0x0855D96C	rom	gMetapodPokedexText
0x0855D9FD	rom	gButterfreePokedexText
0x0855DA94	rom	gWeedlePokedexText
0x0855DB38	rom	gKakunaPokedexText
0x0855DBDB	rom	gBeedrillPokedexText
0x0855DC64	rom	gPidgeyPokedexText
0x0855DCFB	rom	gPidgeottoPokedexText
0x0855DD9F	rom	gPidgeotPokedexText
0x0855DE3C	rom	gRattataPokedexText
0x0855DED0	rom	gRaticatePokedexText
0x0855DF58	rom	gSpearowPokedexText
0x0855DFF8	rom	gFearowPokedexText
0x0855E084	rom	gEkansPokedexText
0x0855E129	rom	gArbokPokedexText
0x0855E1C8	rom	gPikachuPokedexText
0x0855E25F	rom	gRaichuPokedexText
0x0855E2F0	rom	gSandshrewPokedexText
0x0855E383	rom	gSandslashPokedexText
0x0855E419	rom	gNidoranFPokedexText
0x0855E4B6	rom	gNidorinaPokedexText
0x0855E545	rom	gNidoqueenPokedexText
0x0855E5D9	rom	gNidoranMPokedexText
0x0855E66C	rom	gNidorinoPokedexText
0x0855E70C	rom	gNidokingPokedexText
0x0855E7AB	rom	gClefairyPokedexText
0x0855E84E	rom	gClefablePokedexText
0x0855E8EA	rom	gVulpixPokedexText
0x0855E972	rom	gNinetalesPokedexText
0x0855E9FB	rom	gJigglypuffPokedexText
0x0855EA90	rom	gWigglytuffPokedexText
0x0855EB24	rom	gZubatPokedexText
0x0855EBB4	rom	gGolbatPokedexText
0x0855EC50	rom	gOddishPokedexText
0x0855ECF2	rom	gGloomPokedexText
0x0855ED92	rom	gVileplumePokedexText
0x0855EE31	rom	gParasPokedexText
0x0855EECB	rom	gParasectPokedexText
0x0855EF64	rom	gVenonatPokedexText
0x0855EFFC	rom	gVenomothPokedexText
0x0855F09C	rom	gDiglettPokedexText
0x0855F129	rom	gDugtrioPokedexText
0x0855F1B8	rom	gMeowthPokedexText
0x0855F24C	rom	gPersianPokedexText
0x0855F2D2	rom	gPsyduckPokedexText
0x0855F36D	rom	gGolduckPokedexText
0x0855F3FF	rom	gMankeyPokedexText
0x0855F497	rom	gPrimeapePokedexText
0x0855F529	rom	gGrowlithePokedexText
0x0855F5C2	rom	gArcaninePokedexText
0x0855F65B	rom	gPoliwagPokedexText
0x0855F6FB	rom	gPoliwhirlPokedexText
0x0855F7A2	rom	gPoliwrathPokedexText
0x0855F83D	rom	gAbraPokedexText
0x0855F8B6	rom	gKadabraPokedexText
0x0855F942	rom	gAlakazamPokedexText
0x0855F9CC	rom	gMachopPokedexText
0x0855FA64	rom	gMachokePokedexText
0x0855FAEC	rom	gMachampPokedexText
0x0855FB7B	rom	gBellsproutPokedexText
0x0855FC1D	rom	gWeepinbellPokedexText
0x0855FCBD	rom	gVictreebelPokedexText
0x0855FD5F	rom	gTentacoolPokedexText
0x0855FDF2	rom	gTentacruelPokedexText
0x0855FE85	rom	gGeodudePokedexText
0x0855FF1D	rom	gGravelerPokedexText
0x0855FFBD	rom	gGolemPokedexText
0x08560058	rom	gPonytaPokedexText
0x085600EB	rom	gRapidashPokedexText
0x08560189	rom	gSlowpokePokedexText
0x08560229	rom	gSlowbroPokedexText
0x085602CA	rom	gMagnemitePokedexText
0x08560351	rom	gMagnetonPokedexText
0x085603EC	rom	gFarfetchdPokedexText
0x0856048C	rom	gDoduoPokedexText
0x08560521	rom	gDodrioPokedexText
0x085605A2	rom	gSeelPokedexText
0x0856063F	rom	gDewgongPokedexText
0x085606D6	rom	gGrimerPokedexText
0x0856075A	rom	gMukPokedexText
0x085607EA	rom	gShellderPokedexText
0x0856088C	rom	gCloysterPokedexText
0x0856091B	rom	gGastlyPokedexText
0x085609AF	rom	gHaunterPokedexText
0x08560A49	rom	gGengarPokedexText
0x08560AE1	rom	gOnixPokedexText
0x08560B80	rom	gDrowzeePokedexText
0x08560C25	rom	gHypnoPokedexText
0x08560CBC	rom	gKrabbyPokedexText
0x08560D4F	rom	gKinglerPokedexText
0x08560DD4	rom	gVoltorbPokedexText
0x08560E6D	rom	gElectrodePokedexText
0x08560F01	rom	gExeggcutePokedexText
0x08560F9B	rom	gExeggutorPokedexText
0x0856103E	rom	gCubonePokedexText
0x085610E0	rom	gMarowakPokedexText
0x08561184	rom	gHitmonleePokedexText
0x0856121E	rom	gHitmonchanPokedexText
0x085612BB	rom	gLickitungPokedexText
0x08561356	rom	gKoffingPokedexText
0x085613F9	rom	gWeezingPokedexText
0x0856149D	rom	gRhyhornPokedexText
0x0856152A	rom	gRhydonPokedexText
0x085615B6	rom	gChanseyPokedexText
0x08561652	rom	gTangelaPokedexText
0x085616F2	rom	gKangaskhanPokedexText
0x08561795	rom	gHorseaPokedexText
0x08561829	rom	gSeadraPokedexText
0x085618CC	rom	gGoldeenPokedexText
0x08561951	rom	gSeakingPokedexText
0x085619E5	rom	gStaryuPokedexText
0x08561A85	rom	gStarmiePokedexText
0x08561B0A	rom	gMrMimePokedexText
0x08561BA6	rom	gScytherPokedexText
0x08561C32	rom	gJynxPokedexText
0x08561CD2	rom	gElectabuzzPokedexText
0x08561D77	rom	gMagmarPokedexText
0x08561E1A	rom	gPinsirPokedexText
0x08561EA7	rom	gTaurosPokedexText
0x08561F50	rom	gMagikarpPokedexText
0x08561FEC	rom	gGyaradosPokedexText
0x08562084	rom	gLaprasPokedexText
0x08562127	rom	gDittoPokedexText
0x085621B1	rom	gEeveePokedexText
0x08562244	rom	gVaporeonPokedexText
0x085622D9	rom	gJolteonPokedexText
0x0856237A	rom	gFlareonPokedexText
0x08562418	rom	gPorygonPokedexText
0x085624AF	rom	gOmanytePokedexText
0x08562543	rom	gOmastarPokedexText
0x085625E7	rom	gKabutoPokedexText
0x0856268D	rom	gKabutopsPokedexText
0x08562735	rom	gAerodactylPokedexText
0x085627CD	rom	gSnorlaxPokedexText
0x08562874	rom	gArticunoPokedexText
0x0856291F	rom	gZapdosPokedexText
0x085629C7	rom	gMoltresPokedexText
0x08562A63	rom	gDratiniPokedexText
0x08562B00	rom	gDragonairPokedexText
0x08562BA5	rom	gDragonitePokedexText
0x08562C32	rom	gMewtwoPokedexText
0x08562CCE	rom	gMewPokedexText
0x08562D6E	rom	gChikoritaPokedexText
0x08562E0B	rom	gBayleefPokedexText
0x08562E93	rom	gMeganiumPokedexText
0x08562F2C	rom	gCyndaquilPokedexText
0x08562FCB	rom	gQuilavaPokedexText
0x0856305B	rom	gTyphlosionPokedexText
0x085630FB	rom	gTotodilePokedexText
0x0856319D	rom	gCroconawPokedexText
0x08563241	rom	gFeraligatrPokedexText
0x085632D3	rom	gSentretPokedexText
0x08563377	rom	gFurretPokedexText
0x08563416	rom	gHoothootPokedexText
0x085634AB	rom	gNoctowlPokedexText
0x08563551	rom	gLedybaPokedexText
0x085635F1	rom	gLedianPokedexText
0x0856368C	rom	gSpinarakPokedexText
0x0856372A	rom	gAriadosPokedexText
0x085637C8	rom	gCrobatPokedexText
0x08563863	rom	gChinchouPokedexText
0x085638ED	rom	gLanturnPokedexText
0x0856398A	rom	gPichuPokedexText
0x08563A20	rom	gCleffaPokedexText
0x08563AB9	rom	gIgglybuffPokedexText
0x08563B42	rom	gTogepiPokedexText
0x08563BDF	rom	gTogeticPokedexText
0x08563C7D	rom	gNatuPokedexText
0x08563D02	rom	gXatuPokedexText
0x08563D96	rom	gMareepPokedexText
0x08563E2A	rom	gFlaaffyPokedexText
0x08563ECC	rom	gAmpharosPokedexText
0x08563F67	rom	gBellossomPokedexText
0x0856400B	rom	gMarillPokedexText
0x085640A5	rom	gAzumarillPokedexText
0x0856412E	rom	gSudowoodoPokedexText
0x085641CD	rom	gPolitoedPokedexText
0x08564261	rom	gHoppipPokedexText
0x08564301	rom	gSkiploomPokedexText
0x0856439F	rom	gJumpluffPokedexText
0x08564431	rom	gAipomPokedexText
0x085644BE	rom	gSunkernPokedexText
0x0856455C	rom	gSunfloraPokedexText
0x085645E7	rom	gYanmaPokedexText
0x08564682	rom	gWooperPokedexText
0x0856470B	rom	gQuagsirePokedexText
0x085647A2	rom	gEspeonPokedexText
0x0856483C	rom	gUmbreonPokedexText
0x085648E0	rom	gMurkrowPokedexText
0x0856497B	rom	gSlowkingPokedexText
0x08564A12	rom	gMisdreavusPokedexText
0x08564A9C	rom	gUnownPokedexText
0x08564B42	rom	gWobbuffetPokedexText
0x08564BCF	rom	gGirafarigPokedexText
0x08564C68	rom	gPinecoPokedexText
0x08564D0A	rom	gForretressPokedexText
0x08564D9B	rom	gDunsparcePokedexText
0x08564E2E	rom	gGligarPokedexText
0x08564EBC	rom	gSteelixPokedexText
0x08564F5E	rom	gSnubbullPokedexText
0x08564FF6	rom	gGranbullPokedexText
0x0856508D	rom	gQwilfishPokedexText
0x08565127	rom	gScizorPokedexText
0x085651C1	rom	gShucklePokedexText
0x0856525F	rom	gHeracrossPokedexText
0x085652F9	rom	gSneaselPokedexText
0x0856538E	rom	gTeddiursaPokedexText
0x08565423	rom	gUrsaringPokedexText
0x085654C0	rom	gSlugmaPokedexText
0x08565556	rom	gMagcargoPokedexText
0x085655ED	rom	gSwinubPokedexText
0x0856568D	rom	gPiloswinePokedexText
0x0856571E	rom	gCorsolaPokedexText
0x085657A9	rom	gRemoraidPokedexText
0x08565844	rom	gOctilleryPokedexText
0x085658E0	rom	gDelibirdPokedexText
0x0856596C	rom	gMantinePokedexText
0x085659F3	rom	gSkarmoryPokedexText
0x08565A72	rom	gHoundourPokedexText
0x08565B01	rom	gHoundoomPokedexText
0x08565B90	rom	gKingdraPokedexText
0x08565C13	rom	gPhanpyPokedexText
0x08565C96	rom	gDonphanPokedexText
0x08565D32	rom	gPorygon2PokedexText
0x08565DD0	rom	gStantlerPokedexText
0x08565E5A	rom	gSmearglePokedexText
0x08565EF2	rom	gTyroguePokedexText
0x08565F88	rom	gHitmontopPokedexText
0x08566018	rom	gSmoochumPokedexText
0x085660B5	rom	gElekidPokedexText
0x08566145	rom	gMagbyPokedexText
0x085661D3	rom	gMiltankPokedexText
0x0856627C	rom	gBlisseyPokedexText
0x08566322	rom	gRaikouPokedexText
0x085663B5	rom	gEnteiPokedexText
0x0856644A	rom	gSuicunePokedexText
0x085664DC	rom	gLarvitarPokedexText
0x08566569	rom	gPupitarPokedexText
0x08566604	rom	gTyranitarPokedexText
0x0856669A	rom	gLugiaPokedexText
0x0856672C	rom	gHoOhPokedexText
0x085667D6	rom	gCelebiPokedexText
0x08566864	rom	gTreeckoPokedexText
0x08566909	rom	gGrovylePokedexText
0x08566995	rom	gSceptilePokedexText
0x08566A29	rom	gTorchicPokedexText
0x08566ABC	rom	gCombuskenPokedexText
0x08566B42	rom	gBlazikenPokedexText
0x08566BD8	rom	gMudkipPokedexText
0x08566C67	rom	gMarshtompPokedexText
0x08566CEE	rom	gSwampertPokedexText
0x08566D78	rom	gPoochyenaPokedexText
0x08566E0C	rom	gMightyenaPokedexText
0x08566E90	rom	gZigzagoonPokedexText
0x08566F2C	rom	gLinoonePokedexText
0x08566FD4	rom	gWurmplePokedexText
0x0856706D	rom	gSilcoonPokedexText
0x085670F2	rom	gBeautiflyPokedexText
0x08567190	rom	gCascoonPokedexText
0x08567234	rom	gDustoxPokedexText
0x085672CD	rom	gLotadPokedexText
0x0856735B	rom	gLombrePokedexText
0x085673EF	rom	gLudicoloPokedexText
0x08567490	rom	gSeedotPokedexText
0x0856751A	rom	gNuzleafPokedexText
0x085675AB	rom	gShiftryPokedexText
0x0856764B	rom	gTaillowPokedexText
0x085676DF	rom	gSwellowPokedexText
0x08567764	rom	gWingullPokedexText
0x085677F3	rom	gPelipperPokedexText
0x0856788B	rom	gRaltsPokedexText
0x08567914	rom	gKirliaPokedexText
0x085679A4	rom	gGardevoirPokedexText
0x08567A31	rom	gSurskitPokedexText
0x08567AC8	rom	gMasquerainPokedexText
0x08567B72	rom	gShroomishPokedexText
0x08567C03	rom	gBreloomPokedexText
0x08567C8F	rom	gSlakothPokedexText
0x08567D27	rom	gVigorothPokedexText
0x08567DC9	rom	gSlakingPokedexText
0x08567E55	rom	gNincadaPokedexText
0x08567EE6	rom	gNinjaskPokedexText
0x08567F73	rom	gShedinjaPokedexText
0x08567FFB	rom	gWhismurPokedexText
0x08568098	rom	gLoudredPokedexText
0x08568124	rom	gExploudPokedexText
0x085681AA	rom	gMakuhitaPokedexText
0x0856823D	rom	gHariyamaPokedexText
0x085682DD	rom	gAzurillPokedexText
0x08568373	rom	gNosepassPokedexText
0x085683F4	rom	gSkittyPokedexText
0x0856847C	rom	gDelcattyPokedexText
0x08568506	rom	gSableyePokedexText
0x0856858F	rom	gMawilePokedexText
0x08568629	rom	gAronPokedexText
0x085686C5	rom	gLaironPokedexText
0x08568764	rom	gAggronPokedexText
0x08568806	rom	gMedititePokedexText
0x085688A1	rom	gMedichamPokedexText
0x0856892B	rom	gElectrikePokedexText
0x085689C4	rom	gManectricPokedexText
0x08568A50	rom	gPluslePokedexText
0x08568AE1	rom	gMinunPokedexText
0x08568B84	rom	gVolbeatPokedexText
0x08568C1C	rom	gIllumisePokedexText
0x08568CC1	rom	gRoseliaPokedexText
0x08568D5B	rom	gGulpinPokedexText
0x08568DD6	rom	gSwalotPokedexText
0x08568E64	rom	gCarvanhaPokedexText
0x08568EFC	rom	gSharpedoPokedexText
0x08568F8D	rom	gWailmerPokedexText
0x0856901A	rom	gWailordPokedexText
0x085690B5	rom	gNumelPokedexText
0x08569153	rom	gCameruptPokedexText
0x085691EF	rom	gTorkoalPokedexText
0x08569284	rom	gSpoinkPokedexText
0x08569318	rom	gGrumpigPokedexText
0x085693BD	rom	gSpindaPokedexText
0x08569447	rom	gTrapinchPokedexText
0x085694D0	rom	gVibravaPokedexText
0x08569568	rom	gFlygonPokedexText
0x085695EF	rom	gCacneaPokedexText
0x08569676	rom	gCacturnePokedexText
0x08569709	rom	gSwabluPokedexText
0x085697A3	rom	gAltariaPokedexText
0x0856982A	rom	gZangoosePokedexText
0x085698B3	rom	gSeviperPokedexText
0x08569943	rom	gLunatonePokedexText
0x085699C6	rom	gSolrockPokedexText
0x08569A49	rom	gBarboachPokedexText
0x08569ACE	rom	gWhiscashPokedexText
0x08569B6F	rom	gCorphishPokedexText
0x08569BFA	rom	gCrawdauntPokedexText
0x08569C8F	rom	gBaltoyPokedexText
0x08569D1C	rom	gClaydolPokedexText
0x08569DB3	rom	gLileepPokedexText
0x08569E54	rom	gCradilyPokedexText
0x08569EE7	rom	gAnorithPokedexText
0x08569F89	rom	gArmaldoPokedexText
0x0856A010	rom	gFeebasPokedexText
0x0856A09E	rom	gMiloticPokedexText
0x0856A132	rom	gCastformPokedexText
0x0856A1C4	rom	gKecleonPokedexText
0x0856A253	rom	gShuppetPokedexText
0x0856A2E7	rom	gBanettePokedexText
0x0856A37C	rom	gDuskullPokedexText
0x0856A419	rom	gDusclopsPokedexText
0x0856A4AF	rom	gTropiusPokedexText
0x0856A54B	rom	gChimechoPokedexText
0x0856A5D7	rom	gAbsolPokedexText
0x0856A671	rom	gWynautPokedexText
0x0856A6FC	rom	gSnoruntPokedexText
0x0856A79B	rom	gGlaliePokedexText
0x0856A82C	rom	gSphealPokedexText
0x0856A8BC	rom	gSealeoPokedexText
0x0856A942	rom	gWalreinPokedexText
0x0856A9CF	rom	gClamperlPokedexText
0x0856AA60	rom	gHuntailPokedexText
0x0856AB09	rom	gGorebyssPokedexText
0x0856AB95	rom	gRelicanthPokedexText
0x0856AC3A	rom	gLuvdiscPokedexText
0x0856ACCD	rom	gBagonPokedexText
0x0856AD5A	rom	gShelgonPokedexText
0x0856ADE0	rom	gSalamencePokedexText
0x0856AE79	rom	gBeldumPokedexText
0x0856AF09	rom	gMetangPokedexText
0x0856AF9B	rom	gMetagrossPokedexText
0x0856B02C	rom	gRegirockPokedexText
0x0856B0B9	rom	gRegicePokedexText
0x0856B136	rom	gRegisteelPokedexText
0x0856B1D5	rom	gLatiasPokedexText
0x0856B262	rom	gLatiosPokedexText
0x0856B303	rom	gKyogrePokedexText
0x0856B394	rom	gGroudonPokedexText
0x0856B423	rom	gRayquazaPokedexText
0x0856B4A5	rom	gJirachiPokedexText
0x0856B528	rom	gDeoxysPokedexText
0x0856B5B0	rom	gPokedexEntries
0x0856E610	rom	sSizeScreenSilhouette_Pal
0x0856E630	rom	sInfoScreen_BgTemplate
0x0856E640	rom	sInfoScreen_WindowTemplates
0x0856E668	rom	sNewEntryInfoScreen_BgTemplate
0x0856E670	rom	sNewEntryInfoScreen_WindowTemplates
0x0856E688	rom	sText_TenDashes2
0x0856E694	rom	gMonFootprintTable
0x0856ED08	rom	sLetterSearchRanges
0x0856ED30	rom	sSearchMenuTopBarItems
0x0856ED48	rom	sSearchMenuItems
0x0856ED9C	rom	sSearchMovementMap_SearchNatDex
0x0856EDB8	rom	sSearchMovementMap_ShiftNatDex
0x0856EDD4	rom	sSearchMovementMap_SearchHoennDex
0x0856EDF0	rom	sSearchMovementMap_ShiftHoennDex
0x0856EE0C	rom	sDexModeOptions
0x0856EE24	rom	sDexOrderOptions
0x0856EE5C	rom	sDexSearchNameOptions
0x0856EEB4	rom	sDexSearchColorOptions
0x0856EF14	rom	sDexSearchTypeOptions
0x0856EFAC	rom	sPokedexModes
0x0856EFAE	rom	sOrderOptions
0x0856EFB4	rom	sDexSearchTypeIds
0x0856EFC8	rom	sSearchOptions
0x0856EFF8	rom	sSearchMenu_BgTemplate
0x0856F008	rom	sSearchMenu_WindowTemplate
0x0856F018	rom	sTrainerCardStickers_Gfx
0x0856F18C	rom	sUnused_Pal
0x0856F1AC	rom	sHoennTrainerCardBronze_Pal
0x0856F20C	rom	sKantoTrainerCardGreen_Pal
0x0856F26C	rom	sHoennTrainerCardCopper_Pal
0x0856F2CC	rom	sKantoTrainerCardBronze_Pal
0x0856F32C	rom	sHoennTrainerCardSilver_Pal
0x0856F38C	rom	sKantoTrainerCardSilver_Pal
0x0856F3EC	rom	sHoennTrainerCardGold_Pal
0x0856F44C	rom	sKantoTrainerCardGold_Pal
0x0856F4AC	rom	sHoennTrainerCardFemaleBg_Pal
0x0856F4CC	rom	sKantoTrainerCardFemaleBg_Pal
0x0856F4EC	rom	sHoennTrainerCardBadges_Pal
0x0856F50C	rom	sKantoTrainerCardBadges_Pal
0x0856F52C	rom	sTrainerCardStar_Pal
0x0856F54C	rom	sTrainerCardSticker1_Pal
0x0856F56C	rom	sTrainerCardSticker2_Pal
0x0856F58C	rom	sTrainerCardSticker3_Pal
0x0856F5AC	rom	sTrainerCardSticker4_Pal
0x0856F5CC	rom	sHoennTrainerCardBadges_Gfx
0x0856F814	rom	sKantoTrainerCardBadges_Gfx
0x0856FAB4	rom	sTrainerCardBgTemplates
0x0856FAC4	rom	sTrainerCardWindowTemplates
0x0856FAE4	rom	sHoennTrainerCardPals
0x0856FAF8	rom	sKantoTrainerCardPals
0x0856FB0C	rom	sTrainerCardTextColors
0x0856FB0F	rom	sTrainerCardStatColors
0x0856FB12	rom	sTimeColonInvisibleTextColors
0x0856FB18	rom	sTrainerPicOffset
0x0856FB20	rom	sTrainerPicFacilityClass
0x0856FB28	rom	sTrainerCardFlipTasks
0x0856FB40	rom	sTimeColonTextColors
0x0856FB48	rom	yOffsetsLine1.102
0x0856FB4A	rom	yOffsetsLine2.103
0x0856FB4C	rom	sText_HofTime
0x0856FB55	rom	xOffsets.116
0x0856FB57	rom	widths.117
0x0856FB5C	rom	sLinkBattleTexts
0x0856FB78	rom	yOffsets.190
0x0856FB7C	rom	sMaleHead_Pal
0x0856FB9C	rom	sFemaleHead_Pal
0x0856FBBC	rom	sMapScreen_Gfx
0x08570BA8	rom	sCursor_Gfx
0x08570C44	rom	sHeads_Gfx
0x08570D00	rom	sMapCursor_Gfx
0x08570E00	rom	sMapScreen_Tilemap
0x08571060	rom	sMapAndCard_ZoomedOut_Tilemap
0x08571298	rom	sCardBall_Filled_Tilemap
0x085712C0	rom	sBattleRecord_Tilemap
0x085712F8	rom	sMapAndCard_Zooming_Tilemap
0x085713E0	rom	sBgAffineCoords
0x085713E8	rom	sPassBgTemplates
0x085713F4	rom	sMapBgTemplates
0x08571400	rom	sPassWindowTemplates
0x08571428	rom	sMapWindowTemplates
0x08571448	rom	sTextColors
0x08571454	rom	sPassAreasLayout
0x085714BC	rom	sCursorSpriteSheets
0x085714D4	rom	sHeadsSpriteSheet
0x085714E4	rom	sSpritePalettes
0x0857151C	rom	sAnim_Frame1_Unused
0x08571524	rom	sAnim_Frame1
0x0857152C	rom	sAnim_Frame2
0x08571534	rom	sAnim_Frame3
0x0857153C	rom	sAnim_Frame4
0x08571544	rom	sAnim_Frame5
0x0857154C	rom	sAnim_Frame6
0x08571554	rom	sAnim_Frame7
0x0857155C	rom	sAnim_MapIndicatorCursor_Rectangle
0x08571568	rom	sAnim_MapIndicatorCursor_Square
0x08571574	rom	sAnims_TwoFrame
0x0857157C	rom	sAnims_Medal
0x08571598	rom	sAnims_MapIndicatorCursor
0x085715A0	rom	sAffineAnim_Unused
0x085715B0	rom	sAffineAnims_Unused
0x085715B4	rom	sSpriteTemplates_Cursors
0x085715E4	rom	sSpriteTemplate_Medal
0x085715FC	rom	sSpriteTemplate_PlayerHead
0x08571614	rom	sPassAreaDescriptions
0x08571650	rom	sMapLandmarks
0x085716C0	rom	sMainMenuTexts
0x085716E8	rom	sWindowTemplate_MainMenu
0x085716F0	rom	sAnim_ChooseBoxMenu_TopLeft
0x085716F8	rom	sAnim_ChooseBoxMenu_BottomLeft
0x08571700	rom	sAnim_ChooseBoxMenu_TopRight
0x08571708	rom	sAnim_ChooseBoxMenu_BottomRight
0x08571710	rom	sAnims_ChooseBoxMenu
0x08571720	rom	sAffineAnim_ChooseBoxMenu
0x08571730	rom	sAffineAnims_ChooseBoxMenu
0x08571734	rom	sChooseBoxMenu_TextColors
0x08571737	rom	sText_OutOf30
0x0857173C	rom	sChooseBoxMenu_Pal
0x0857175C	rom	sChooseBoxMenuCenter_Gfx
0x08571F5C	rom	sChooseBoxMenuSides_Gfx
0x085720DC	rom	sScrollingBg_Gfx
0x08572174	rom	sScrollingBg_Tilemap
0x08572280	rom	sDisplayMenu_Pal
0x085722A0	rom	sDisplayMenu_Tilemap
0x0857239C	rom	sPkmnData_Tilemap
0x085723DC	rom	sInterface_Pal
0x085723FC	rom	sPkmnDataGray_Pal
0x0857241C	rom	sScrollingBg_Pal
0x0857243C	rom	sScrollingBgMoveItems_Pal
0x0857245C	rom	sCloseBoxButton_Tilemap
0x085724A4	rom	sPartySlotFilled_Tilemap
0x085724BC	rom	sPartySlotEmpty_Tilemap
0x085724D4	rom	sWaveform_Pal
0x085724F4	rom	sWaveform_Gfx
0x085726B4	rom	sUnused_Pal
0x085726F4	rom	sTextWindows_Pal
0x08572714	rom	sWindowTemplates
0x08572734	rom	sBgTemplates
0x08572744	rom	sWaveformSpritePalette
0x0857274C	rom	sSpriteSheet_Waveform
0x08572754	rom	sSpriteTemplate_DisplayMon
0x0857276C	rom	sMessages
0x08572864	rom	sYesNoWindowTemplate
0x0857286C	rom	sOamData_DisplayMon
0x08572874	rom	sOamData_Waveform
0x0857287C	rom	sAnim_Waveform_LeftOff
0x08572884	rom	sAnim_Waveform_LeftOn
0x08572894	rom	sAnim_Waveform_RightOff
0x0857289C	rom	sAnim_Waveform_RightOn
0x085728AC	rom	sAnims_Waveform
0x085728BC	rom	sSpriteTemplate_Waveform
0x085728D4	rom	sSpriteTemplate_MonIcon
0x085728EC	rom	sOamData_MonIcon
0x085728F4	rom	sAffineAnim_ReleaseMon_Release
0x08572904	rom	sAffineAnim_ReleaseMon_CameBack
0x0857291C	rom	sAffineAnims_ReleaseMon
0x08572924	rom	sWallpaperPalettes_Forest
0x08572964	rom	sWallpaperTiles_Forest
0x08572DE8	rom	sWallpaperTilemap_Forest
0x08572EC8	rom	sWallpaperPalettes_City
0x08572F08	rom	sWallpaperTiles_City
0x08573220	rom	sWallpaperTilemap_City
0x085732FC	rom	sWallpaperPalettes_Desert
0x0857333C	rom	sWallpaperTiles_Desert
0x085736F0	rom	sWallpaperTilemap_Desert
0x085737EC	rom	sWallpaperPalettes_Savanna
0x0857382C	rom	sWallpaperTiles_Savanna
0x08573C40	rom	sWallpaperTilemap_Savanna
0x08573D44	rom	sWallpaperPalettes_Crag
0x08573D84	rom	sWallpaperTiles_Crag
0x08574180	rom	sWallpaperTilemap_Crag
0x08574270	rom	sWallpaperPalettes_Volcano
0x085742B0	rom	sWallpaperTiles_Volcano
0x085747A0	rom	sWallpaperTilemap_Volcano
0x085748DC	rom	sWallpaperPalettes_Snow
0x0857491C	rom	sWallpaperTiles_Snow
0x08574D7C	rom	sWallpaperTilemap_Snow
0x08574E88	rom	sWallpaperPalettes_Cave
0x08574EC8	rom	sWallpaperTiles_Cave
0x085752A0	rom	sWallpaperTilemap_Cave
0x08575378	rom	sWallpaperPalettes_Beach
0x085753B8	rom	sWallpaperTiles_Beach
0x08575788	rom	sWallpaperTilemap_Beach
0x08575888	rom	sWallpaperPalettes_Seafloor
0x085758C8	rom	sWallpaperTiles_Seafloor
0x08575BC4	rom	sWallpaperTilemap_Seafloor
0x08575CD8	rom	sWallpaperPalettes_River
0x08575D18	rom	sWallpaperTiles_River
0x08576100	rom	sWallpaperTilemap_River
0x085761F8	rom	sWallpaperPalettes_Sky
0x08576238	rom	sWallpaperTiles_Sky
0x085765C0	rom	sWallpaperTilemap_Sky
0x085766B0	rom	sWallpaperPalettes_PolkaDot
0x085766F0	rom	sWallpaperTiles_PolkaDot
0x085769B8	rom	sWallpaperTilemap_PolkaDot
0x08576AB8	rom	sWallpaperPalettes_Pokecenter
0x08576AF8	rom	sWallpaperTiles_Pokecenter
0x08576D74	rom	sWallpaperTilemap_Pokecenter
0x08576E74	rom	sWallpaperPalettes_Machine
0x08576EB4	rom	sWallpaperTiles_Machine
0x08577108	rom	sWallpaperTilemap_Machine
0x085771CC	rom	sWallpaperPalettes_Plain
0x0857720C	rom	sWallpaperTiles_Plain
0x0857732C	rom	sWallpaperTilemap_Plain
0x085773C4	rom	sWallpaperTilemap_Unused
0x08577574	rom	sBoxTitleColors
0x085775B8	rom	sWallpapers
0x08577678	rom	sArrow_Gfx
0x085776F8	rom	sWallpaperPalettes_Zigzagoon
0x08577738	rom	sWallpaperTiles_Zigzagoon
0x0857792C	rom	sWallpaperTilemap_Zigzagoon
0x08577A44	rom	sWallpaperPalettes_Screen
0x08577A84	rom	sWallpaperTiles_Screen
0x08577D00	rom	sWallpaperTilemap_Screen
0x08577E2C	rom	sWallpaperPalettes_Diagonal
0x08577E6C	rom	sWallpaperTiles_Diagonal
0x08578058	rom	sWallpaperTilemap_Diagonal
0x08578148	rom	sWallpaperPalettes_Block
0x08578188	rom	sWallpaperTiles_Block
0x08578358	rom	sWallpaperTilemap_Block
0x08578450	rom	sWallpaperPalettes_Pokecenter2
0x08578490	rom	sWallpaperTiles_Pokecenter2
0x085786D0	rom	sWallpaperTilemap_Pokecenter2
0x085787E4	rom	sWallpaperPalettes_Frame
0x08578824	rom	sWallpaperTiles_Frame
0x08578A34	rom	sWallpaperTilemap_Frame
0x08578B48	rom	sWallpaperPalettes_Blank
0x08578B88	rom	sWallpaperTiles_Blank
0x08578D34	rom	sWallpaperTilemap_Blank
0x08578E10	rom	sWallpaperPalettes_Circles
0x08578E50	rom	sWallpaperTiles_Circles
0x085790A4	rom	sWallpaperTilemap_Circles
0x085791A0	rom	sWallpaperPalettes_Azumarill
0x085791E0	rom	sWallpaperTiles_Azumarill
0x085793CC	rom	sWallpaperTilemap_Azumarill
0x085794C4	rom	sWallpaperPalettes_Pikachu
0x08579504	rom	sWallpaperTiles_Pikachu
0x08579738	rom	sWallpaperTilemap_Pikachu
0x08579860	rom	sWallpaperPalettes_Legendary
0x085798A0	rom	sWallpaperTiles_Legendary
0x08579B80	rom	sWallpaperTilemap_Legendary
0x08579CC4	rom	sWallpaperPalettes_Dusclops
0x08579D04	rom	sWallpaperTiles_Dusclops
0x08579F50	rom	sWallpaperTilemap_Dusclops
0x0857A048	rom	sWallpaperPalettes_Ludicolo
0x0857A088	rom	sWallpaperTiles_Ludicolo
0x0857A348	rom	sWallpaperTilemap_Ludicolo
0x0857A468	rom	sWallpaperPalettes_Whiscash
0x0857A4A8	rom	sWallpaperTiles_Whiscash
0x0857A6F0	rom	sWallpaperTilemap_Whiscash
0x0857A81C	rom	sWallpaperIcon_Aqua
0x0857A860	rom	sWallpaperIcon_Heart
0x0857A89C	rom	sWallpaperIcon_FiveStar
0x0857A8DC	rom	sWallpaperIcon_Brick
0x0857A904	rom	sWallpaperIcon_FourStar
0x0857A940	rom	sWallpaperIcon_Asterisk
0x0857A990	rom	sWallpaperIcon_Dot
0x0857A9C0	rom	sWallpaperIcon_LineCircle
0x0857A9EC	rom	sWallpaperIcon_PokeBall
0x0857AA38	rom	sWallpaperIcon_Maze
0x0857AA7C	rom	sWallpaperIcon_Footprint
0x0857AAC4	rom	sWallpaperIcon_BigAsterisk
0x0857AB08	rom	sWallpaperIcon_Circle
0x0857AB48	rom	sWallpaperIcon_Koffing
0x0857AB98	rom	sWallpaperIcon_Ribbon
0x0857AC00	rom	sWallpaperIcon_FourCircles
0x0857AC30	rom	sWallpaperIcon_Lotad
0x0857AC74	rom	sWallpaperIcon_Crystal
0x0857ACBC	rom	sWallpaperIcon_Pichu
0x0857ACF4	rom	sWallpaperIcon_Diglett
0x0857AD44	rom	sWallpaperIcon_Luvdisc
0x0857AD88	rom	sWallpaperIcon_StarInCircle
0x0857ADCC	rom	sWallpaperIcon_Spinda
0x0857AE20	rom	sWallpaperIcon_Latis
0x0857AE64	rom	sWallpaperIcon_Minun
0x0857AEAC	rom	sWallpaperIcon_Togepi
0x0857AF08	rom	sWallpaperIcon_Magma
0x0857AF44	rom	sWaldaWallpapers
0x0857B004	rom	sWaldaWallpaperIcons
0x0857B07C	rom	sUnusedColor
0x0857B080	rom	sSpriteSheet_Arrow
0x0857B088	rom	sOamData_BoxTitle
0x0857B090	rom	sAnim_BoxTitle_Left
0x0857B098	rom	sAnim_BoxTitle_Right
0x0857B0A0	rom	sAnims_BoxTitle
0x0857B0A8	rom	sSpriteTemplate_BoxTitle
0x0857B0C0	rom	sOamData_Arrow
0x0857B0C8	rom	sAnim_Arrow_Left
0x0857B0D0	rom	sAnim_Arrow_Right
0x0857B0D8	rom	sAnims_Arrow
0x0857B0E0	rom	sSpriteTemplate_Arrow
0x0857B0F8	rom	sHandCursor_Pal
0x0857B118	rom	sHandCursor_Gfx
0x0857B918	rom	sHandCursorShadow_Gfx
0x0857B998	rom	placeChangeFuncs.576
0x0857B9A4	rom	sRestrictedReleaseMoves
0x0857B9BC	rom	inputFuncs.724
0x0857BA0C	rom	sOamData_Cursor.743
0x0857BA14	rom	sOamData_CursorShadow.744
0x0857BA1C	rom	sAnim_Cursor_Bouncing.745
0x0857BA28	rom	sAnim_Cursor_Still.746
0x0857BA30	rom	sAnim_Cursor_Open.747
0x0857BA38	rom	sAnim_Cursor_Fist.748
0x0857BA40	rom	sAnims_Cursor.749
0x0857BA50	rom	sSpriteTemplate_Cursor.750
0x0857BA68	rom	sSpriteTemplate_CursorShadow.751
0x0857BA80	rom	sMenuTexts
0x0857BB1C	rom	sWindowTemplate_MultiMove
0x0857BB24	rom	sItemInfoFrame_Gfx
0x0857BBA4	rom	sOamData_ItemIcon
0x0857BBAC	rom	sAffineAnim_ItemIcon_Small
0x0857BBBC	rom	sAffineAnim_ItemIcon_Appear
0x0857BBD4	rom	sAffineAnim_ItemIcon_Disappear
0x0857BBEC	rom	sAffineAnim_ItemIcon_PickUp
0x0857BC0C	rom	sAffineAnim_ItemIcon_PutDown
0x0857BC2C	rom	sAffineAnim_ItemIcon_PutAway
0x0857BC44	rom	sAffineAnim_ItemIcon_Large
0x0857BC54	rom	sAffineAnims_ItemIcon
0x0857BC70	rom	sSpriteTemplate_ItemIcon
0x0857BC88	rom	sTilemapDimensions
0x0857BCA8	rom	gMonIconTable
0x0857C388	rom	gMonIconPaletteIndices
0x0857C540	rom	gMonIconPaletteTable
0x0857C570	rom	sMonIconOamData
0x0857C578	rom	sAnim_0
0x0857C584	rom	sAnim_1
0x0857C590	rom	sAnim_2
0x0857C59C	rom	sAnim_3
0x0857C5A8	rom	sAnim_4
0x0857C5B4	rom	sMonIconAnims
0x0857C5C8	rom	sAffineAnim_0
0x0857C5D8	rom	sAffineAnim_1
0x0857C5E8	rom	sMonIconAffineAnims
0x0857C5F0	rom	sSpriteImageSizes
0x0857C608	rom	sHyperCutStruct
0x0857C648	rom	sOamData_CutGrass
0x0857C650	rom	sSpriteAnim_CutGrass
0x0857C658	rom	sSpriteAnimTable_CutGrass
0x0857C65C	rom	sSpriteImageTable_CutGrass
0x0857C664	rom	gSpritePalette_CutGrass
0x0857C66C	rom	sSpriteTemplate_CutGrass
0x0857C684	rom	sMapPopUp_Table
0x0857DD04	rom	sMapPopUp_OutlineTable
0x0857F384	rom	sMapPopUp_PaletteTable
0x0857F444	rom	sMapPopUp_Palette_Underwater
0x0857F464	rom	sMapSectionToThemeId
0x0857F4CC	rom	sText_PyramidFloor1
0x0857F4DC	rom	sText_PyramidFloor2
0x0857F4EC	rom	sText_PyramidFloor3
0x0857F4FC	rom	sText_PyramidFloor4
0x0857F50C	rom	sText_PyramidFloor5
0x0857F51C	rom	sText_PyramidFloor6
0x0857F52C	rom	sText_PyramidFloor7
0x0857F53C	rom	sText_Pyramid
0x0857F544	rom	sBattlePyramid_MapHeaderStrings
0x0857F564	rom	sRotatingBall_Pal
0x0857F584	rom	sRotatingBall_Gfx
0x0857F604	rom	sCherryUnused
0x0857FA84	rom	sCherryUnused_Pal
0x0857FAA4	rom	sBagOamData
0x0857FAAC	rom	sSpriteAnim_Bag_Closed
0x0857FAB4	rom	sSpriteAnim_Bag_Items
0x0857FABC	rom	sSpriteAnim_Bag_KeyItems
0x0857FAC4	rom	sSpriteAnim_Bag_Pokeballs
0x0857FACC	rom	sSpriteAnim_Bag_TMsHMs
0x0857FAD4	rom	sSpriteAnim_Bag_Berries
0x0857FADC	rom	sBagSpriteAnimTable
0x0857FAF4	rom	sSpriteAffineAnim_BagNormal
0x0857FB04	rom	sSpriteAffineAnim_BagShake
0x0857FB2C	rom	sBagAffineAnimCmds
0x0857FB34	rom	gBagMaleSpriteSheet
0x0857FB3C	rom	gBagFemaleSpriteSheet
0x0857FB44	rom	gBagPaletteTable
0x0857FB4C	rom	sBagSpriteTemplate
0x0857FB64	rom	sRotatingBallOamData
0x0857FB6C	rom	sSpriteAffineAnim_RotatingBallStationary
0x0857FB74	rom	sRotatingBallSpriteAnimTable
0x0857FB78	rom	sSpriteAffineAnim_RotatingBallRotation1
0x0857FB88	rom	sSpriteAffineAnim_RotatingBallRotation2
0x0857FB98	rom	sRotatingBallAnimCmds
0x0857FB9C	rom	sRotatingBallAnimCmds_FullRotation
0x0857FBA0	rom	sRotatingBallTable
0x0857FBA8	rom	sRotatingBallPaletteTable
0x0857FBB0	rom	sRotatingBallSpriteTemplate
0x0857FBC8	rom	sBerryPicOamData
0x0857FBD0	rom	sBerryPicRotatingOamData
0x0857FBD8	rom	sAnim_BerryPic
0x0857FBE0	rom	sBerryPicSpriteAnimTable
0x0857FBE4	rom	sBerryPicSpriteImageTable
0x0857FBEC	rom	sBerryPicSpriteTemplate
0x0857FC04	rom	sSpriteAffineAnim_BerryPicRotation1
0x0857FC3C	rom	sSpriteAffineAnim_BerryPicRotation2
0x0857FC74	rom	sBerryPicRotatingAnimCmds
0x0857FC7C	rom	sBerryPicRotatingSpriteTemplate
0x0857FC94	rom	sBerryPicTable
0x0857FDEC	rom	gBerryCheckCircleSpriteSheet
0x0857FDF4	rom	gBerryCheckCirclePaletteTable
0x0857FDFC	rom	sBerryCheckCircleOamData
0x0857FE04	rom	sSpriteAnim_BerryCheckCircle
0x0857FE0C	rom	sBerryCheckCircleSpriteAnimTable
0x0857FE10	rom	sBerryCheckCircleSpriteTemplate
0x0857FE28	rom	gHorizontalLungeSpriteTemplate
0x0857FE40	rom	gVerticalDipSpriteTemplate
0x0857FE58	rom	gSlideMonToOriginalPosSpriteTemplate
0x0857FE70	rom	gSlideMonToOffsetSpriteTemplate
0x0857FE88	rom	gSlideMonToOffsetAndBackSpriteTemplate
0x0857FEA0	rom	sDummyDesc
0x0857FEA6	rom	sMasterBallDesc
0x0857FED9	rom	sUltraBallDesc
0x0857FF13	rom	sGreatBallDesc
0x0857FF4A	rom	sPokeBallDesc
0x0857FF71	rom	sSafariBallDesc
0x0857FFA6	rom	sNetBallDesc
0x0857FFDD	rom	sDiveBallDesc
0x08580015	rom	sNestBallDesc
0x08580041	rom	sRepeatBallDesc
0x08580074	rom	sTimerBallDesc
0x085800AA	rom	sLuxuryBallDesc
0x085800D8	rom	sPremierBallDesc
0x08580109	rom	sPotionDesc
0x08580134	rom	sAntidoteDesc
0x0858014E	rom	sBurnHealDesc
0x08580167	rom	sIceHealDesc
0x08580182	rom	sAwakeningDesc
0x0858019E	rom	sParalyzeHealDesc
0x085801B9	rom	sFullRestoreDesc
0x085801E8	rom	sMaxPotionDesc
0x0858020C	rom	sHyperPotionDesc
0x08580238	rom	sSuperPotionDesc
0x08580263	rom	sFullHealDesc
0x08580291	rom	sReviveDesc
0x085802BD	rom	sMaxReviveDesc
0x085802E8	rom	sFreshWaterDesc
0x08580317	rom	sSodaPopDesc
0x08580349	rom	sLemonadeDesc
0x0858037B	rom	sMoomooMilkDesc
0x085803AD	rom	sEnergyPowderDesc
0x085803DC	rom	sEnergyRootDesc
0x0858040A	rom	sHealPowderDesc
0x0858043A	rom	sRevivalHerbDesc
0x0858046D	rom	sEtherDesc
0x08580497	rom	sMaxEtherDesc
0x085804C1	rom	sElixirDesc
0x085804E5	rom	sMaxElixirDesc
0x08580511	rom	sLavaCookieDesc
0x08580543	rom	sBlueFluteDesc
0x08580570	rom	sYellowFluteDesc
0x085805A3	rom	sRedFluteDesc
0x085805D7	rom	sBlackFluteDesc
0x08580603	rom	sWhiteFluteDesc
0x0858062A	rom	sBerryJuiceDesc
0x0858065B	rom	sSacredAshDesc
0x0858068B	rom	sShoalSaltDesc
0x085806BA	rom	sShoalShellDesc
0x085806E7	rom	sRedShardDesc
0x0858071A	rom	sBlueShardDesc
0x0858074D	rom	sYellowShardDesc
0x08580780	rom	sGreenShardDesc
0x085807B3	rom	sHPUpDesc
0x085807D6	rom	sProteinDesc
0x08580802	rom	sIronDesc
0x0858082F	rom	sCarbosDesc
0x0858085A	rom	sCalciumDesc
0x08580887	rom	sRareCandyDesc
0x085808AD	rom	sPPUpDesc
0x085808D7	rom	sZincDesc
0x08580904	rom	sPPMaxDesc
0x08580933	rom	sGuardSpecDesc
0x08580960	rom	sDireHitDesc
0x08580991	rom	sXAttackDesc
0x085809BB	rom	sXDefendDesc
0x085809E6	rom	sXSpeedDesc
0x08580A0F	rom	sXAccuracyDesc
0x08580A42	rom	sXSpecialDesc
0x08580A6D	rom	sPokeDollDesc
0x08580A9E	rom	sFluffyTailDesc
0x08580ACF	rom	sSuperRepelDesc
0x08580AF7	rom	sMaxRepelDesc
0x08580B1F	rom	sEscapeRopeDesc
0x08580B51	rom	sRepelDesc
0x08580B79	rom	sSunStoneDesc
0x08580BA2	rom	sMoonStoneDesc
0x08580BCB	rom	sFireStoneDesc
0x08580BF4	rom	sThunderStoneDesc
0x08580C1D	rom	sWaterStoneDesc
0x08580C46	rom	sLeafStoneDesc
0x08580C6F	rom	sTinyMushroomDesc
0x08580CA2	rom	sBigMushroomDesc
0x08580CD3	rom	sPearlDesc
0x08580D04	rom	sBigPearlDesc
0x08580D3A	rom	sStardustDesc
0x08580D6B	rom	sStarPieceDesc
0x08580DA1	rom	sNuggetDesc
0x08580DD5	rom	sHeartScaleDesc
0x08580E02	rom	sOrangeMailDesc
0x08580E32	rom	sHarborMailDesc
0x08580E60	rom	sGlitterMailDesc
0x08580E8E	rom	sMechMailDesc
0x08580EBE	rom	sWoodMailDesc
0x08580EEC	rom	sWaveMailDesc
0x08580F1A	rom	sBeadMailDesc
0x08580F4A	rom	sShadowMailDesc
0x08580F78	rom	sTropicMailDesc
0x08580FA8	rom	sDreamMailDesc
0x08580FD8	rom	sFabMailDesc
0x08581007	rom	sRetroMailDesc
0x08581035	rom	sCheriBerryDesc
0x08581061	rom	sChestoBerryDesc
0x0858108D	rom	sPechaBerryDesc
0x085810B9	rom	sRawstBerryDesc
0x085810E2	rom	sAspearBerryDesc
0x0858110F	rom	sLeppaBerryDesc
0x0858113A	rom	sOranBerryDesc
0x08581165	rom	sPersimBerryDesc
0x08581191	rom	sLumBerryDesc
0x085811C6	rom	sSitrusBerryDesc
0x085811F1	rom	sFigyBerryDesc
0x0858121F	rom	sWikiBerryDesc
0x0858124D	rom	sMagoBerryDesc
0x0858127B	rom	sAguavBerryDesc
0x085812A9	rom	sIapapaBerryDesc
0x085812D7	rom	sRazzBerryDesc
0x0858130B	rom	sBlukBerryDesc
0x0858133F	rom	sNanabBerryDesc
0x08581374	rom	sWepearBerryDesc
0x085813AA	rom	sPinapBerryDesc
0x085813DF	rom	sPomegBerryDesc
0x0858140C	rom	sKelpsyBerryDesc
0x0858143D	rom	sQualotBerryDesc
0x0858146F	rom	sHondewBerryDesc
0x085814A1	rom	sGrepaBerryDesc
0x085814D3	rom	sTamatoBerryDesc
0x08581503	rom	sCornnBerryDesc
0x08581538	rom	sMagostBerryDesc
0x0858156E	rom	sRabutaBerryDesc
0x085815A4	rom	sNomelBerryDesc
0x085815D9	rom	sSpelonBerryDesc
0x0858160F	rom	sPamtreBerryDesc
0x08581645	rom	sWatmelBerryDesc
0x0858167B	rom	sDurinBerryDesc
0x085816B0	rom	sBelueBerryDesc
0x085816E5	rom	sLiechiBerryDesc
0x08581710	rom	sGanlonBerryDesc
0x0858173C	rom	sSalacBerryDesc
0x08581766	rom	sPetayaBerryDesc
0x08581792	rom	sApicotBerryDesc
0x085817BE	rom	sLansatBerryDesc
0x085817F6	rom	sStarfBerryDesc
0x08581829	rom	sEnigmaBerryDesc
0x08581862	rom	sBrightPowderDesc
0x08581895	rom	sWhiteHerbDesc
0x085818C1	rom	sMachoBraceDesc
0x085818F6	rom	sExpShareDesc
0x08581926	rom	sQuickClawDesc
0x0858195D	rom	sSootheBellDesc
0x08581994	rom	sMentalHerbDesc
0x085819C7	rom	sChoiceBandDesc
0x085819FA	rom	sKingsRockDesc
0x08581A34	rom	sSilverPowderDesc
0x08581A69	rom	sAmuletCoinDesc
0x08581A9B	rom	sCleanseTagDesc
0x08581AC6	rom	sSoulDewDesc
0x08581AFE	rom	sDeepSeaToothDesc
0x08581B2F	rom	sDeepSeaScaleDesc
0x08581B60	rom	sSmokeBallDesc
0x08581B94	rom	sEverstoneDesc
0x08581BC2	rom	sFocusBandDesc
0x08581BF3	rom	sLuckyEggDesc
0x08581C29	rom	sScopeLensDesc
0x08581C5A	rom	sMetalCoatDesc
0x08581C91	rom	sLeftoversDesc
0x08581CC3	rom	sDragonScaleDesc
0x08581CF1	rom	sLightBallDesc
0x08581D21	rom	sSoftSandDesc
0x08581D59	rom	sHardStoneDesc
0x08581D8F	rom	sMiracleSeedDesc
0x08581DC6	rom	sBlackGlassesDesc
0x08581DFC	rom	sBlackBeltDesc
0x08581E2A	rom	sMagnetDesc
0x08581E58	rom	sMysticWaterDesc
0x08581E8F	rom	sSharpBeakDesc
0x08581EC7	rom	sPoisonBarbDesc
0x08581EFF	rom	sNeverMeltIceDesc
0x08581F34	rom	sSpellTagDesc
0x08581F6B	rom	sTwistedSpoonDesc
0x08581F98	rom	sCharcoalDesc
0x08581FCE	rom	sDragonFangDesc
0x08582006	rom	sSilkScarfDesc
0x0858203E	rom	sUpGradeDesc
0x0858205F	rom	sShellBellDesc
0x08582093	rom	sSeaIncenseDesc
0x085820C6	rom	sLaxIncenseDesc
0x085820FB	rom	sLuckyPunchDesc
0x08582130	rom	sMetalPowderDesc
0x08582159	rom	sThickClubDesc
0x0858218E	rom	sStickDesc
0x085821C7	rom	sRedScarfDesc
0x085821F1	rom	sBlueScarfDesc
0x0858221D	rom	sPinkScarfDesc
0x08582247	rom	sGreenScarfDesc
0x08582272	rom	sYellowScarfDesc
0x0858229D	rom	sMachBikeDesc
0x085822D2	rom	sCoinCaseDesc
0x085822F7	rom	sItemfinderDesc
0x08582329	rom	sOldRodDesc
0x0858235C	rom	sGoodRodDesc
0x0858238C	rom	sSuperRodDesc
0x085823BC	rom	sSSTicketDesc
0x085823E8	rom	sContestPassDesc
0x08582419	rom	sWailmerPailDesc
0x08582446	rom	sDevonGoodsDesc
0x08582475	rom	sSootSackDesc
0x085824A2	rom	sBasementKeyDesc
0x085824D2	rom	sAcroBikeDesc
0x08582503	rom	sPokeblockCaseDesc
0x08582538	rom	sLetterDesc
0x08582571	rom	sEonTicketDesc
0x085825A6	rom	sRedOrbDesc
0x085825DB	rom	sBlueOrbDesc
0x08582611	rom	sScannerDesc
0x0858263B	rom	sGoGogglesDesc
0x08582673	rom	sMeteoriteDesc
0x08582696	rom	sRoom1KeyDesc
0x085826C9	rom	sRoom2KeyDesc
0x085826FC	rom	sRoom4KeyDesc
0x0858272F	rom	sRoom6KeyDesc
0x08582762	rom	sStorageKeyDesc
0x08582794	rom	sRootFossilDesc
0x085827C8	rom	sClawFossilDesc
0x085827FC	rom	sDevonScopeDesc
0x08582832	rom	sTM01Desc
0x08582869	rom	sTM02Desc
0x0858289B	rom	sTM03Desc
0x085828CA	rom	sTM04Desc
0x085828FB	rom	sTM05Desc
0x08582935	rom	sTM06Desc
0x0858296A	rom	sTM07Desc
0x085829A1	rom	sTM08Desc
0x085829D3	rom	sTM09Desc
0x08582A03	rom	sTM10Desc
0x08582A34	rom	sTM11Desc
0x08582A65	rom	sTM12Desc
0x08582A96	rom	sTM13Desc
0x08582AC6	rom	sTM14Desc
0x08582AFE	rom	sTM15Desc
0x08582B2C	rom	sTM16Desc
0x08582B60	rom	sTM17Desc
0x08582B98	rom	sTM18Desc
0x08582BCA	rom	sTM19Desc
0x08582C02	rom	sTM20Desc
0x08582C35	rom	sTM21Desc
0x08582C6F	rom	sTM22Desc
0x08582CA9	rom	sTM23Desc
0x08582CDF	rom	sTM24Desc
0x08582D14	rom	sTM25Desc
0x08582D49	rom	sTM26Desc
0x08582D7B	rom	sTM27Desc
0x08582DB5	rom	sTM28Desc
0x08582DEC	rom	sTM29Desc
0x08582E1E	rom	sTM30Desc
0x08582E52	rom	sTM31Desc
0x08582E89	rom	sTM32Desc
0x08582EB9	rom	sTM33Desc
0x08582EF0	rom	sTM34Desc
0x08582F2B	rom	sTM35Desc
0x08582F5A	rom	sTM36Desc
0x08582F8A	rom	sTM37Desc
0x08582FC3	rom	sTM38Desc
0x08582FF1	rom	sTM39Desc
0x08583028	rom	sTM40Desc
0x08583058	rom	sTM41Desc
0x0858308C	rom	sTM42Desc
0x085830BF	rom	sTM43Desc
0x085830F3	rom	sTM44Desc
0x0858312D	rom	sTM45Desc
0x08583164	rom	sTM46Desc
0x08583197	rom	sTM47Desc
0x085831C9	rom	sTM48Desc
0x08583203	rom	sTM49Desc
0x0858323C	rom	sTM50Desc
0x08583273	rom	sHM01Desc
0x0858329F	rom	sHM02Desc
0x085832D3	rom	sHM03Desc
0x08583309	rom	sHM04Desc
0x08583334	rom	sHM05Desc
0x0858336C	rom	sHM06Desc
0x085833A3	rom	sHM07Desc
0x085833DA	rom	sHM08Desc
0x08583411	rom	sOaksParcelDesc
0x08583445	rom	sPokeFluteDesc
0x08583472	rom	sSecretKeyDesc
0x085834A1	rom	sBikeVoucherDesc
0x085834D7	rom	sGoldTeethDesc
0x08583507	rom	sOldAmberDesc
0x0858353B	rom	sCardKeyDesc
0x0858356B	rom	sLiftKeyDesc
0x0858359A	rom	sHelixFossilDesc
0x085835CB	rom	sDomeFossilDesc
0x085835F9	rom	sSilphScopeDesc
0x0858362B	rom	sBicycleDesc
0x08583664	rom	sTownMapDesc
0x08583698	rom	sVSSeekerDesc
0x085836CF	rom	sFameCheckerDesc
0x08583707	rom	sTMCaseDesc
0x08583732	rom	sBerryPouchDesc
0x0858375D	rom	sTeachyTVDesc
0x0858378F	rom	sTriPassDesc
0x085837C6	rom	sRainbowPassDesc
0x085837FB	rom	sTeaDesc
0x0858382B	rom	sMysticTicketDesc
0x0858385E	rom	sAuroraTicketDesc
0x08583893	rom	sPowderJarDesc
0x085838C3	rom	sRubyDesc
0x085838FB	rom	sSapphireDesc
0x08583929	rom	sMagmaEmblemDesc
0x08583963	rom	sOldSeaMapDesc
0x085839A0	rom	gItems
0x08587A6C	rom	sSliderHeartYPositions
0x08587A70	rom	sNextTurnSpriteYPositions
0x08587A74	rom	sSpriteSheet_SliderHeart
0x08587A7C	rom	sOam_SliderHeart
0x08587A84	rom	sAffineAnim_SliderHeart_Normal
0x08587A94	rom	sAffineAnim_SliderHeart_SpinDisappear
0x08587AAC	rom	sAffineAnim_SliderHeart_SpinAppear
0x08587AC4	rom	sAffineAnims_SliderHeart
0x08587AD0	rom	sSpriteTemplate_SliderHeart
0x08587AE8	rom	sSpriteSheet_NextTurn
0x08587B08	rom	sSpritePalette_NextTurn
0x08587B10	rom	sOam_NextTurn
0x08587B18	rom	sSpriteTemplates_NextTurn
0x08587B78	rom	sSubsprites_NextTurn
0x08587B80	rom	sSubspriteTable_NextTurn
0x08587B88	rom	sSpriteSheet_Faces
0x08587B90	rom	sOam_Faces
0x08587B98	rom	sSpriteTemplate_Faces
0x08587BB0	rom	sSpriteSheet_ApplauseMeter
0x08587BB8	rom	sSpritePalette_ApplauseMeter
0x08587BC0	rom	sOam_ApplauseMeter
0x08587BC8	rom	sSpriteTemplate_ApplauseMeter
0x08587BE0	rom	sOam_Judge
0x08587BE8	rom	sSpriteTemplate_Judge
0x08587C00	rom	sSpriteSheet_Judge
0x08587C08	rom	sSpriteSheet_JudgeSymbols
0x08587C10	rom	sSpritePalette_JudgeSymbols
0x08587C18	rom	sSpriteTemplate_JudgeSpeechBubble
0x08587C30	rom	sText_Pal
0x08587C50	rom	gContestEffectDescriptionPointers
0x08587D10	rom	sUnusedComboMoveNameTexts
0x08587D48	rom	gContestMoveTypeTextPointers
0x08587D5C	rom	sUnusedAppealResultTexts
0x08587D90	rom	sRoundResultTexts
0x08587E10	rom	sAppealResultTexts
0x08587F08	rom	sContestConditions
0x08587F1C	rom	sInvalidContestMoveNames
0x08587F34	rom	sContestBgTemplates
0x08587F44	rom	sContestWindowTemplates
0x08587FA4	rom	gDefaultContestWinners
0x085880A4	rom	gContestOpponents
0x085898A4	rom	gPostgameContestOpponentFilter
0x08589904	rom	sSpriteSheets_ContestantsTurnBlinkEffect
0x08589924	rom	sSpritePalettes_ContestantsTurnBlinkEffect
0x08589944	rom	sOam_ContestantsTurnBlinkEffect
0x0858994C	rom	sAffineAnim_ContestantsTurnBlinkEffect_0
0x0858995C	rom	sAffineAnim_ContestantsTurnBlinkEffect_1
0x08589984	rom	sAffineAnims_ContestantsTurnBlinkEffect
0x0858998C	rom	sSpriteTemplates_ContestantsTurnBlinkEffect
0x085899EC	rom	sContestExcitementTable
0x08589A08	rom	sShopPurchaseYesNoFuncs
0x08589A10	rom	sShopMenuActions_BuySellQuit
0x08589A28	rom	sShopMenuActions_BuyQuit
0x08589A38	rom	sShopMenuWindowTemplates
0x08589A48	rom	sShopBuyMenuListTemplate
0x08589A60	rom	sShopBuyMenuBgTemplates
0x08589A70	rom	sShopBuyMenuWindowTemplates
0x08589AA8	rom	sShopBuyMenuYesNoWindowTemplates
0x08589AB0	rom	sShopBuyMenuTextColors
0x08589ABA	rom	sEscalatorMetatiles_1F_0
0x08589AC0	rom	sEscalatorMetatiles_1F_1
0x08589AC6	rom	sEscalatorMetatiles_1F_2
0x08589ACC	rom	sEscalatorMetatiles_1F_3
0x08589AD2	rom	sEscalatorMetatiles_2F_0
0x08589AD8	rom	sEscalatorMetatiles_2F_1
0x08589ADE	rom	sEscalatorMetatiles_2F_2
0x08589AE4	rom	sBerryDescriptionPart1_Cheri
0x08589B09	rom	sBerryDescriptionPart2_Cheri
0x08589B2D	rom	sBerryDescriptionPart1_Chesto
0x08589B52	rom	sBerryDescriptionPart2_Chesto
0x08589B7A	rom	sBerryDescriptionPart1_Pecha
0x08589B94	rom	sBerryDescriptionPart2_Pecha
0x08589BB9	rom	sBerryDescriptionPart1_Rawst
0x08589BDC	rom	sBerryDescriptionPart2_Rawst
0x08589C01	rom	sBerryDescriptionPart1_Aspear
0x08589C25	rom	sBerryDescriptionPart2_Aspear
0x08589C3E	rom	sBerryDescriptionPart1_Leppa
0x08589C62	rom	sBerryDescriptionPart2_Leppa
0x08589C86	rom	sBerryDescriptionPart1_Oran
0x08589CAE	rom	sBerryDescriptionPart2_Oran
0x08589CCA	rom	sBerryDescriptionPart1_Persim
0x08589CEC	rom	sBerryDescriptionPart2_Persim
0x08589D11	rom	sBerryDescriptionPart1_Lum
0x08589D35	rom	sBerryDescriptionPart2_Lum
0x08589D54	rom	sBerryDescriptionPart1_Sitrus
0x08589D77	rom	sBerryDescriptionPart2_Sitrus
0x08589D98	rom	sBerryDescriptionPart1_Figy
0x08589DBA	rom	sBerryDescriptionPart2_Figy
0x08589DD7	rom	sBerryDescriptionPart1_Wiki
0x08589DFD	rom	sBerryDescriptionPart2_Wiki
0x08589E16	rom	sBerryDescriptionPart1_Mago
0x08589E39	rom	sBerryDescriptionPart2_Mago
0x08589E5F	rom	sBerryDescriptionPart1_Aguav
0x08589E87	rom	sBerryDescriptionPart2_Aguav
0x08589EA6	rom	sBerryDescriptionPart1_Iapapa
0x08589EC6	rom	sBerryDescriptionPart2_Iapapa
0x08589EE7	rom	sBerryDescriptionPart1_Razz
0x08589F0C	rom	sBerryDescriptionPart2_Razz
0x08589F31	rom	sBerryDescriptionPart1_Bluk
0x08589F57	rom	sBerryDescriptionPart2_Bluk
0x08589F79	rom	sBerryDescriptionPart1_Nanab
0x08589F94	rom	sBerryDescriptionPart2_Nanab
0x08589FBA	rom	sBerryDescriptionPart1_Wepear
0x08589FE2	rom	sBerryDescriptionPart2_Wepear
0x0858A007	rom	sBerryDescriptionPart1_Pinap
0x0858A023	rom	sBerryDescriptionPart2_Pinap
0x0858A04A	rom	sBerryDescriptionPart1_Pomeg
0x0858A066	rom	sBerryDescriptionPart2_Pomeg
0x0858A087	rom	sBerryDescriptionPart1_Kelpsy
0x0858A0AA	rom	sBerryDescriptionPart2_Kelpsy
0x0858A0C5	rom	sBerryDescriptionPart1_Qualot
0x0858A0E7	rom	sBerryDescriptionPart2_Qualot
0x0858A109	rom	sBerryDescriptionPart1_Hondew
0x0858A12B	rom	sBerryDescriptionPart2_Hondew
0x0858A14E	rom	sBerryDescriptionPart1_Grepa
0x0858A16F	rom	sBerryDescriptionPart2_Grepa
0x0858A196	rom	sBerryDescriptionPart1_Tamato
0x0858A1B8	rom	sBerryDescriptionPart2_Tamato
0x0858A1CF	rom	sBerryDescriptionPart1_Cornn
0x0858A1F4	rom	sBerryDescriptionPart2_Cornn
0x0858A215	rom	sBerryDescriptionPart1_Magost
0x0858A239	rom	sBerryDescriptionPart2_Magost
0x0858A253	rom	sBerryDescriptionPart1_Rabuta
0x0858A279	rom	sBerryDescriptionPart2_Rabuta
0x0858A293	rom	sBerryDescriptionPart1_Nomel
0x0858A2B6	rom	sBerryDescriptionPart2_Nomel
0x0858A2DA	rom	sBerryDescriptionPart1_Spelon
0x0858A2FF	rom	sBerryDescriptionPart2_Spelon
0x0858A324	rom	sBerryDescriptionPart1_Pamtre
0x0858A346	rom	sBerryDescriptionPart2_Pamtre
0x0858A367	rom	sBerryDescriptionPart1_Watmel
0x0858A387	rom	sBerryDescriptionPart2_Watmel
0x0858A3AD	rom	sBerryDescriptionPart1_Durin
0x0858A3CE	rom	sBerryDescriptionPart2_Durin
0x0858A3F6	rom	sBerryDescriptionPart1_Belue
0x0858A41C	rom	sBerryDescriptionPart2_Belue
0x0858A444	rom	sBerryDescriptionPart1_Liechi
0x0858A469	rom	sBerryDescriptionPart2_Liechi
0x0858A487	rom	sBerryDescriptionPart1_Ganlon
0x0858A4AC	rom	sBerryDescriptionPart2_Ganlon
0x0858A4CB	rom	sBerryDescriptionPart1_Salac
0x0858A4F0	rom	sBerryDescriptionPart2_Salac
0x0858A50E	rom	sBerryDescriptionPart1_Petaya
0x0858A533	rom	sBerryDescriptionPart2_Petaya
0x0858A55B	rom	sBerryDescriptionPart1_Apicot
0x0858A57F	rom	sBerryDescriptionPart2_Apicot
0x0858A5A6	rom	sBerryDescriptionPart1_Lansat
0x0858A5C4	rom	sBerryDescriptionPart2_Lansat
0x0858A5E6	rom	sBerryDescriptionPart1_Starf
0x0858A609	rom	sBerryDescriptionPart2_Starf
0x0858A62C	rom	sBerryDescriptionPart1_Enigma
0x0858A64A	rom	sBerryDescriptionPart2_Enigma
0x0858A670	rom	gBerries
0x0858AB24	rom	gBerryCrush_BerryData
0x0858ABD0	rom	gBlankBerryTree
0x0858ABD8	rom	MultichoiceList_BrineyOnDewford
0x0858ABF0	rom	MultichoiceList_EnterInfo
0x0858AC08	rom	MultichoiceList_ContestInfo
0x0858AC28	rom	MultichoiceList_ContestType
0x0858AC58	rom	MultichoiceList_BasePCWithRegistry
0x0858AC78	rom	MultichoiceList_BasePCNoRegistry
0x0858AC90	rom	MultichoiceList_RegisterMenu
0x0858ACB0	rom	MultichoiceList_Bike
0x0858ACC0	rom	MultichoiceList_StatusInfo
0x0858ACF0	rom	MultichoiceList_BrineyOffDewford
0x0858AD00	rom	MultichoiceList_ViewedPaintings
0x0858AD10	rom	MultichoiceList_YesNoInfo2
0x0858AD28	rom	MultichoiceList_ChallengeInfo
0x0858AD40	rom	MultichoiceList_LevelMode
0x0858AD58	rom	MultichoiceList_Mechadoll1_Q1
0x0858AD70	rom	MultichoiceList_Mechadoll1_Q2
0x0858AD88	rom	MultichoiceList_Mechadoll1_Q3
0x0858ADA0	rom	MultichoiceList_Mechadoll2_Q1
0x0858ADB8	rom	MultichoiceList_Mechadoll2_Q2
0x0858ADD0	rom	MultichoiceList_Mechadoll2_Q3
0x0858ADE8	rom	MultichoiceList_Mechadoll3_Q1
0x0858AE00	rom	MultichoiceList_Mechadoll3_Q2
0x0858AE18	rom	MultichoiceList_Mechadoll3_Q3
0x0858AE30	rom	MultichoiceList_Mechadoll4_Q1
0x0858AE48	rom	MultichoiceList_Mechadoll4_Q2
0x0858AE60	rom	MultichoiceList_Mechadoll4_Q3
0x0858AE78	rom	MultichoiceList_Mechadoll5_Q1
0x0858AE90	rom	MultichoiceList_Mechadoll5_Q2
0x0858AEA8	rom	MultichoiceList_Mechadoll5_Q3
0x0858AEC0	rom	MultichoiceList_VendingMachine
0x0858AEE0	rom	MultichoiceList_MachBikeInfo
0x0858AF00	rom	MultichoiceList_AcroBikeInfo
0x0858AF20	rom	MultichoiceList_Satisfaction
0x0858AF30	rom	MultichoiceList_SternDeepSea
0x0858AF48	rom	MultichoiceList_UnusedAshVendor
0x0858AF88	rom	MultichoiceList_GameCornerDolls
0x0858AFA8	rom	MultichoiceList_GameCornerTMs
0x0858AFD8	rom	MultichoiceList_GameCornerCoins
0x0858AFF0	rom	MultichoiceList_HowsFishing
0x0858B000	rom	MultichoiceList_SSTidalSlateportWithBF
0x0858B018	rom	MultichoiceList_SSTidalBattleFrontier
0x0858B030	rom	MultichoiceList_RightLeft
0x0858B040	rom	MultichoiceList_SSTidalSlateportNoBF
0x0858B050	rom	MultichoiceList_Floors
0x0858B080	rom	MultichoiceList_ShardsR
0x0858B090	rom	MultichoiceList_ShardsY
0x0858B0A0	rom	MultichoiceList_ShardsRY
0x0858B0B8	rom	MultichoiceList_ShardsB
0x0858B0C8	rom	MultichoiceList_ShardsRB
0x0858B0E0	rom	MultichoiceList_ShardsYB
0x0858B0F8	rom	MultichoiceList_ShardsRYB
0x0858B118	rom	MultichoiceList_ShardsG
0x0858B128	rom	MultichoiceList_ShardsRG
0x0858B140	rom	MultichoiceList_ShardsYG
0x0858B158	rom	MultichoiceList_ShardsRYG
0x0858B178	rom	MultichoiceList_ShardsBG
0x0858B190	rom	MultichoiceList_ShardsRBG
0x0858B1B0	rom	MultichoiceList_ShardsYBG
0x0858B1D0	rom	MultichoiceList_ShardsRYBG
0x0858B1F8	rom	MultichoiceList_TourneyWithRecord
0x0858B228	rom	MultichoiceList_TourneyNoRecord
0x0858B250	rom	MultichoiceList_Tent
0x0858B260	rom	MultichoiceList_LinkServicesNoBerry
0x0858B280	rom	MultichoiceList_YesNoInfo
0x0858B298	rom	MultichoiceList_BattleMode
0x0858B2C0	rom	MultichoiceList_LinkServicesNoRecord
0x0858B2E0	rom	MultichoiceList_LinkServicesAll
0x0858B308	rom	MultichoiceList_LinkServicesNoRecordBerry
0x0858B320	rom	MultichoiceList_WirelessMinigame
0x0858B338	rom	MultichoiceList_LinkLeader
0x0858B350	rom	MultichoiceList_ContestRank
0x0858B378	rom	MultichoiceList_FrontierItemChoose
0x0858B390	rom	MultichoiceList_LinkContestInfo
0x0858B3B0	rom	MultichoiceList_LinkContestMode
0x0858B3C8	rom	MultichoiceList_ForcedStartMenu
0x0858B408	rom	MultichoiceList_FrontierGamblerBet
0x0858B428	rom	MultichoiceList_UnusedSSTidal1
0x0858B440	rom	MultichoiceList_UnusedSSTidal2
0x0858B458	rom	MultichoiceList_UnusedSSTidal3
0x0858B470	rom	MultichoiceList_UnusedSSTidal4
0x0858B490	rom	MultichoiceList_Fossil
0x0858B4A8	rom	MultichoiceList_YesNo
0x0858B4B8	rom	MultichoiceList_FrontierRules
0x0858B4E8	rom	MultichoiceList_FrontierPassInfo
0x0858B508	rom	MultichoiceList_BattleArenaRules
0x0858B530	rom	MultichoiceList_BattleTowerRules
0x0858B558	rom	MultichoiceList_BattleDomeRules
0x0858B578	rom	MultichoiceList_BattleFactoryRules
0x0858B5A8	rom	MultichoiceList_BattlePalaceRules
0x0858B5D8	rom	MultichoiceList_BattlePyramidRules
0x0858B600	rom	MultichoiceList_BattlePikeRules
0x0858B620	rom	MultichoiceList_GoOnRecordRestRetire
0x0858B640	rom	MultichoiceList_GoOnRestRetire
0x0858B658	rom	MultichoiceList_GoOnRecordRetire
0x0858B670	rom	MultichoiceList_GoOnRetire
0x0858B680	rom	MultichoiceList_TVLati
0x0858B690	rom	MultichoiceList_BattleTowerFeelings
0x0858B6B0	rom	MultichoiceList_WheresRayquaza
0x0858B6D0	rom	MultichoiceList_SlateportTentRules
0x0858B700	rom	MultichoiceList_FallarborTentRules
0x0858B730	rom	MultichoiceList_TagMatchType
0x0858B758	rom	MultichoiceList_Exit
0x0858B760	rom	sMultichoiceLists
0x0858BAF0	rom	gStdStrings
0x0858BB68	rom	sLinkServicesMultichoiceIds
0x0858BB70	rom	sPCNameStrings
0x0858BB80	rom	sLilycoveSSTidalDestinations
0x0858BB9C	rom	sCableClubOptions_WithRecordMix
0x0858BBAC	rom	sWirelessOptionsNoBerryCrush
0x0858BBBC	rom	sWirelessOptions_NoRecordMix
0x0858BBCC	rom	sWirelessOptions_AllServices
0x0858BBE0	rom	sCableClubOptions_NoRecordMix
0x0858BBEC	rom	sWirelessOptions_NoRecordMixBerryCrush
0x0858BBF8	rom	sPCIconOff_Gfx
0x0858BCB8	rom	sPCIconOn_Gfx
0x0858BD78	rom	sKeyboard_Pal
0x0858BD98	rom	sRival_Pal
0x0858BDB8	rom	sTransferredToPCMessages
0x0858BDC8	rom	sText_AlphabetUpperLower
0x0858BE00	rom	sBgTemplates
0x0858BE10	rom	sWindowTemplates
0x0858BE40	rom	sKeyboardChars
0x0858BEA0	rom	sPageColumnCounts
0x0858BEA3	rom	sPageColumnXPos
0x0858BEBB	rom	sPageToNextGfxId
0x0858BEBE	rom	sPageToNextKeyboardId
0x0858BEC1	rom	sPageToKeyboardId
0x0858BEC4	rom	sPageSwapAnimStateFuncs
0x0858BEE4	rom	sButtonKeyRoles
0x0858BEE8	rom	sPageSwapSpriteFuncs
0x0858BEF8	rom	sPageSwapPalTags
0x0858BEFE	rom	sPageSwapGfxTags
0x0858BF04	rom	sIconFunctions
0x0858BF18	rom	sKeyboardKeyHandlers
0x0858BF28	rom	sInputFuncs
0x0858BF58	rom	sDrawTextEntryBoxFuncs
0x0858BF6C	rom	sDrawGenderIconFuncs
0x0858BF74	rom	sGenderColors
0x0858BF7C	rom	sTextColorStruct
0x0858BF88	rom	sFillValues
0x0858BF8C	rom	sKeyboardTextColors
0x0858BF98	rom	sNextKeyboardPageTilemaps
0x0858BFA8	rom	sPlayerNamingScreenTemplate
0x0858BFB4	rom	sPCBoxNamingTemplate
0x0858BFC0	rom	sMonNamingScreenTemplate
0x0858BFCC	rom	sWaldaWordsScreenTemplate
0x0858BFD8	rom	sNamingScreenTemplates
0x0858BFEC	rom	sOam_8x8
0x0858BFF4	rom	sOam_16x16
0x0858BFFC	rom	sOam_32x16
0x0858C004	rom	sSubsprites_PageSwapFrame
0x0858C024	rom	sSubsprites_PageSwapText
0x0858C02C	rom	sSubsprites_Button
0x0858C044	rom	sSubsprites_PCIcon
0x0858C050	rom	sSubspriteTable_PageSwapFrame
0x0858C058	rom	sSubspriteTable_PageSwapText
0x0858C070	rom	sSubspriteTable_Button
0x0858C078	rom	sSubspriteTable_PCIcon
0x0858C080	rom	sImageTable_PCIcon
0x0858C090	rom	sAnim_Loop
0x0858C098	rom	sAnim_CursorSquish
0x0858C0A4	rom	sAnim_PCIcon
0x0858C0B0	rom	sAnims_Loop
0x0858C0B4	rom	sAnims_Cursor
0x0858C0BC	rom	sAnims_PCIcon
0x0858C0C0	rom	sSpriteTemplate_PageSwapFrame
0x0858C0D8	rom	sSpriteTemplate_PageSwapButton
0x0858C0F0	rom	sSpriteTemplate_PageSwapText
0x0858C108	rom	sSpriteTemplate_BackButton
0x0858C120	rom	sSpriteTemplate_OkButton
0x0858C138	rom	sSpriteTemplate_Cursor
0x0858C150	rom	sSpriteTemplate_InputArrow
0x0858C168	rom	sSpriteTemplate_Underscore
0x0858C180	rom	sSpriteTemplate_PCIcon
0x0858C198	rom	sNamingScreenKeyboardText
0x0858C1C8	rom	sSpriteSheets
0x0858C230	rom	sSpritePalettes
0x0858C278	rom	sOamData_MoneyLabel
0x0858C280	rom	sSpriteAnim_MoneyLabel
0x0858C288	rom	sSpriteAnimTable_MoneyLabel
0x0858C28C	rom	sSpriteTemplate_MoneyLabel
0x0858C2A4	rom	sSpriteSheet_MoneyLabel
0x0858C2AC	rom	sSpritePalette_MoneyLabel
0x0858C2B4	rom	gContestMoves
0x0858CDCC	rom	gContestEffects
0x0858CE8C	rom	gComboStarterLookupTable
0x0858CECC	rom	gContestEffectFuncs
0x0858CF8C	rom	sPlayerIdxOrders_2Player
0x0858CF8E	rom	sPlayerIdxOrders_3Player
0x0858CF94	rom	sPlayerIdxOrders_4Player
0x0858CFB8	rom	sDaycareMailSwapIds_3Player
0x0858CFBE	rom	sDaycareMailSwapIds_4Player
0x0858CFCC	rom	sSecretBaseEntranceMetatiles
0x0858CFE8	rom	sSecretBaseEntrancePositions
0x0858D048	rom	sRegistryMenuActions
0x0858D058	rom	sDeleteRegistryYesNoFuncs
0x0858D060	rom	sSecretBaseOwnerGfxIds
0x0858D06C	rom	sRegistryWindowTemplates
0x0858D07C	rom	sRegistryListMenuTemplate
0x0858D094	rom	sPokeOutbreakSpeciesList
0x0858D0D0	rom	sGoldSymbolFlags
0x0858D0DE	rom	sSilverSymbolFlags
0x0858D0EC	rom	sNumberOneVarsAndThresholds
0x0858D108	rom	sPokeNewsTextGroup_Upcoming
0x0858D11C	rom	sPokeNewsTextGroup_Ongoing
0x0858D130	rom	sPokeNewsTextGroup_Ending
0x0858D144	rom	gTVStringVarPtrs
0x0858D150	rom	sTVFanClubTextGroup
0x0858D170	rom	sTVRecentHappeninssTextGroup
0x0858D188	rom	sTVFanClubOpinionsTextGroup
0x0858D19C	rom	sTVMassOutbreakTextGroup
0x0858D1A0	rom	sTVPokemonTodaySuccessfulTextGroup
0x0858D1D0	rom	sTVTodaysSmartShopperTextGroup
0x0858D204	rom	sTVBravoTrainerTextGroup
0x0858D228	rom	sTV3CheersForPokeblocksTextGroup
0x0858D240	rom	sTVBravoTrainerBattleTowerTextGroup
0x0858D27C	rom	sTVContestLiveUpdatesTextGroup
0x0858D300	rom	sTVPokemonBattleUpdateTextGroup
0x0858D320	rom	sTVTrainerFanClubSpecialTextGroup
0x0858D338	rom	sTVNameRaterTextGroup
0x0858D384	rom	sTVLilycoveContestLadyTextGroup
0x0858D394	rom	sTVPokemonTodayFailedTextGroup
0x0858D3B0	rom	sTVPokemonAnglerTextGroup
0x0858D3B8	rom	sTVWorldOfMastersTextGroup
0x0858D3C4	rom	sTVTodaysRivalTrainerTextGroup
0x0858D3F0	rom	sTVDewfordTrendWatcherNetworkTextGroup
0x0858D40C	rom	sTVHoennTreasureInvestisatorsTextGroup
0x0858D418	rom	sTVFindThatGamerTextGroup
0x0858D428	rom	sTVBreakingNewsTextGroup
0x0858D45C	rom	sTVSecretBaseVisitTextGroup
0x0858D494	rom	sTVPokemonLotteryWinnerFlashReportTextGroup
0x0858D498	rom	sTVThePokemonBattleSeminarTextGroup
0x0858D4B4	rom	sTVTrainerFanClubTextGroup
0x0858D4E4	rom	sTVCutiesTextGroup
0x0858D524	rom	sTVPokemonNewsBattleFrontierTextGroup
0x0858D570	rom	sTVWhatsNo1InHoennTodayTextGroup
0x0858D594	rom	sTVSecretBaseSecretsTextGroup
0x0858D640	rom	sTVSafariFanClubTextGroup
0x0858D66C	rom	sTVInSearchOfTrainersTextGroup
0x0858D690	rom	sTVSecretBaseSecretsActions
0x0858D6B0	rom	sResultsTextWindow_Pal
0x0858D6D0	rom	sResultsTextWindow_Gfx
0x0858D7D0	rom	sMiscBlank_Pal
0x0858D7F0	rom	sOamData_ResultsTextWindow
0x0858D7F8	rom	sSpriteTemplate_ResultsTextWindow
0x0858D810	rom	sSpriteSheets_ResultsTextWindow
0x0858D850	rom	sSpritePalette_ResultsTextWindow
0x0858D858	rom	sOamData_Confetti
0x0858D860	rom	sSpriteTemplate_Confetti
0x0858D878	rom	sSpriteSheet_Confetti
0x0858D880	rom	sSpritePalette_Confetti
0x0858D888	rom	sBgTemplates
0x0858D898	rom	sWindowTemplates
0x0858D8C0	rom	sOamData_WirelessIndicatorWindow
0x0858D8C8	rom	sSpriteTemplate_WirelessIndicatorWindow
0x0858D8E0	rom	sSpriteSheet_WirelessIndicatorWindow
0x0858D8E8	rom	sContestLinkTextColors
0x0858D8EC	rom	sContestantLocalIds.294
0x0858D8F0	rom	sBigMonSizeTable
0x0858D970	rom	sGiftRibbonsMonDataIds
0x0858D978	rom	sSecretPowerCave_Gfx
0x0858DBF8	rom	sFiller
0x0858DC18	rom	sSecretPowerCave_Pal
0x0858DC38	rom	sSecretPowerShrub_Gfx
0x0858DEB8	rom	sSecretPowerTree_Gfx
0x0858E1B8	rom	sSecretPowerPlant_Pal
0x0858E1D8	rom	sSandPillar0_Gfx
0x0858E2D8	rom	sSandPillar1_Gfx
0x0858E3D8	rom	sSandPillar2_Gfx
0x0858E4D8	rom	sOam_SecretPower
0x0858E4E0	rom	sAnim_SecretPowerCave
0x0858E4F8	rom	sAnim_VineDropLeft
0x0858E510	rom	sAnim_VineRiseLeft
0x0858E528	rom	sAnim_VineDropRight
0x0858E540	rom	sAnim_VineRiseRight
0x0858E558	rom	sAnim_SecretPowerShrub
0x0858E570	rom	sAnimTable_SecretPowerCave
0x0858E574	rom	sAnimTable_SecretPowerTree
0x0858E584	rom	sAnimTable_SecretPowerShrub
0x0858E588	rom	sPicTable_SecretPowerCave
0x0858E5B0	rom	sPicTable_SecretPowerTree
0x0858E5D8	rom	sPicTable_SecretPowerShrub
0x0858E600	rom	sSpriteTemplate_SecretPowerCave
0x0858E618	rom	sSpriteTemplate_SecretPowerTree
0x0858E630	rom	sSpriteTemplate_SecretPowerShrub
0x0858E648	rom	gSpritePalette_SecretPower_Cave
0x0858E650	rom	gSpritePalette_SecretPower_Plant
0x0858E658	rom	sOam_SandPillar
0x0858E660	rom	sAnim_SandPillar
0x0858E670	rom	sAnimTable_SandPillar
0x0858E674	rom	sPicTable_SandPillar
0x0858E68C	rom	sSpriteTemplate_SandPillar
0x0858E6A4	rom	gSpritePalette_SandPillar
0x0858E6AC	rom	sRecordMixLights_Gfx
0x0858E82C	rom	sRecordMixLights_Pal
0x0858E84C	rom	sPicTable_RecordMixLights
0x0858E864	rom	sSpritePalette_RecordMixLights
0x0858E86C	rom	sAnim_RecordMixLights
0x0858E87C	rom	sAnimTable_RecordMixLights
0x0858E880	rom	sSpriteTemplate_RecordMixLights
0x0858E898	rom	sTruckCamera_HorizontalTable
0x0858E8AB	rom	sSSTidalSailEastMovementScript
0x0858E8AD	rom	sSSTidalSailWestMovementScript
0x0858E8B0	rom	sRotatingGate_FortreePuzzleConfig
0x0858E8F0	rom	sRotatingGate_TrickHousePuzzleConfig
0x0858E948	rom	sRotatingGateTiles_1
0x0858EB48	rom	sRotatingGateTiles_2
0x0858F348	rom	sRotatingGateTiles_3
0x0858FB48	rom	sRotatingGateTiles_4
0x08590348	rom	sRotatingGateTiles_5
0x08590548	rom	sRotatingGateTiles_6
0x08590D48	rom	sRotatingGateTiles_7
0x08591548	rom	sRotatingGateTiles_8
0x08591D48	rom	sOamData_RotatingGateLarge
0x08591D50	rom	sOamData_RotatingGateRegular
0x08591D58	rom	sRotatingGatesGraphicsTable
0x08591DA0	rom	sSpriteAnim_RotatingGateLarge
0x08591DA8	rom	sSpriteAnim_RotatingGateRegular
0x08591DB0	rom	sSpriteAnimTable_RotatingGateLarge
0x08591DB4	rom	sSpriteAnimTable_RotatingGateRegular
0x08591DB8	rom	sSpriteAffineAnim_Rotated0
0x08591DC8	rom	sSpriteAffineAnim_Rotated90
0x08591DD8	rom	sSpriteAffineAnim_Rotated180
0x08591DE8	rom	sSpriteAffineAnim_Rotated270
0x08591DF8	rom	sSpriteAffineAnim_RotatingClockwise0to90
0x08591E10	rom	sSpriteAffineAnim_RotatingClockwise90to180
0x08591E28	rom	sSpriteAffineAnim_RotatingClockwise180to270
0x08591E40	rom	sSpriteAffineAnim_RotatingClockwise270to360
0x08591E58	rom	sSpriteAffineAnim_RotatingAnticlockwise360to270
0x08591E70	rom	sSpriteAffineAnim_RotatingAnticlockwise270to180
0x08591E88	rom	sSpriteAffineAnim_RotatingAnticlockwise180to90
0x08591EA0	rom	sSpriteAffineAnim_RotatingAnticlockwise90to0
0x08591EB8	rom	sSpriteAffineAnim_RotatingClockwise0to90Faster
0x08591ED0	rom	sSpriteAffineAnim_RotatingClockwise90to180Faster
0x08591EE8	rom	sSpriteAffineAnim_RotatingClockwise180to270Faster
0x08591F00	rom	sSpriteAffineAnim_RotatingClockwise270to360Faster
0x08591F18	rom	sSpriteAffineAnim_RotatingAnticlockwise360to270Faster
0x08591F30	rom	sSpriteAffineAnim_RotatingAnticlockwise270to180Faster
0x08591F48	rom	sSpriteAffineAnim_RotatingAnticlockwise180to90Faster
0x08591F60	rom	sSpriteAffineAnim_RotatingAnticlockwise90to0Faster
0x08591F78	rom	sSpriteAffineAnimTable_RotatingGate
0x08591FC8	rom	sSpriteTemplate_RotatingGateLarge
0x08591FE0	rom	sSpriteTemplate_RotatingGateRegular
0x08591FF8	rom	sRotatingGate_RotationInfoNorth
0x08592008	rom	sRotatingGate_RotationInfoSouth
0x08592018	rom	sRotatingGate_RotationInfoWest
0x08592028	rom	sRotatingGate_RotationInfoEast
0x08592038	rom	sRotatingGate_ArmPositionsClockwiseRotation
0x08592058	rom	sRotatingGate_ArmPositionsAntiClockwiseRotation
0x08592078	rom	sRotatingGate_ArmLayout
0x085920D8	rom	sItemUseCallbacks
0x085920E4	rom	sClockwiseDirections
0x085920E8	rom	sUseTMHMYesNoFuncTable
0x085920F0	rom	gPowderParticlesAnimCmds
0x08592114	rom	gPowderParticlesAnimTable
0x08592118	rom	gSleepPowderParticleSpriteTemplate
0x08592130	rom	gStunSporeParticleSpriteTemplate
0x08592148	rom	gPoisonPowderParticleSpriteTemplate
0x08592160	rom	gSolarBeamBigOrbAnimCmds1
0x08592168	rom	gSolarBeamBigOrbAnimCmds2
0x08592170	rom	gSolarBeamBigOrbAnimCmds3
0x08592178	rom	gSolarBeamBigOrbAnimCmds4
0x08592180	rom	gSolarBeamBigOrbAnimCmds5
0x08592188	rom	gSolarBeamBigOrbAnimCmds6
0x08592190	rom	gSolarBeamBigOrbAnimCmds7
0x08592198	rom	gSolarBeamSmallOrbAnimCms
0x085921A0	rom	gPowerAbsorptionOrbAnimCmds
0x085921A8	rom	gSolarBeamBigOrbAnimTable
0x085921C4	rom	gSolarBeamSmallOrbAnimTable
0x085921C8	rom	gPowerAbsorptionOrbAnimTable
0x085921CC	rom	gPowerAbsorptionOrbAffineAnimCmds
0x085921DC	rom	gPowerAbsorptionOrbAffineAnimTable
0x085921E0	rom	gPowerAbsorptionOrbSpriteTemplate
0x085921F8	rom	gSolarBeamBigOrbSpriteTemplate
0x08592210	rom	gSolarBeamSmallOrbSpriteTemplate
0x08592228	rom	gStockpileAbsorptionOrbAffineCmds
0x08592240	rom	gStockpileAbsorptionOrbAffineAnimTable
0x08592244	rom	gStockpileAbsorptionOrbSpriteTemplate
0x0859225C	rom	gAbsorptionOrbAffineAnimCmds
0x0859226C	rom	gAbsorptionOrbAffineAnimTable
0x08592270	rom	gAbsorptionOrbSpriteTemplate
0x08592288	rom	gHyperBeamOrbSpriteTemplate
0x085922A0	rom	gLeechSeedAnimCmds1
0x085922A8	rom	gLeechSeedAnimCmds2
0x085922B4	rom	gLeechSeedAnimTable
0x085922BC	rom	gLeechSeedSpriteTemplate
0x085922D4	rom	gSporeParticleAnimCmds1
0x085922DC	rom	gSporeParticleAnimCmds2
0x085922E4	rom	gSporeParticleAnimTable
0x085922EC	rom	gSporeParticleSpriteTemplate
0x08592304	rom	gPetalDanceBigFlowerAnimCmds
0x0859230C	rom	gPetalDanceSmallFlowerAnimCmds
0x08592314	rom	gPetalDanceBigFlowerAnimTable
0x08592318	rom	gPetalDanceSmallFlowerAnimTable
0x0859231C	rom	gPetalDanceBigFlowerSpriteTemplate
0x08592334	rom	gPetalDanceSmallFlowerSpriteTemplate
0x0859234C	rom	gRazorLeafParticleAnimCmds1
0x08592378	rom	gRazorLeafParticleAnimCmds2
0x08592388	rom	gRazorLeafParticleAnimTable
0x08592390	rom	gRazorLeafParticleSpriteTemplate
0x085923A8	rom	gTwisterLeafSpriteTemplate
0x085923C0	rom	gRazorLeafCutterAnimCmds
0x085923D4	rom	gRazorLeafCutterAnimTable
0x085923D8	rom	gRazorLeafCutterSpriteTemplate
0x085923F0	rom	gSwiftStarAffineAnimCmds
0x08592400	rom	gSwiftStarAffineAnimTable
0x08592404	rom	gSwiftStarSpriteTemplate
0x0859241C	rom	sAnim_ConstrictBinding
0x08592430	rom	sAnim_ConstrictBinding_Flipped
0x08592444	rom	sAnims_ConstrictBinding
0x0859244C	rom	sAffineAnim_ConstrictBinding
0x0859246C	rom	sAffineAnim_ConstrictBinding_Flipped
0x0859248C	rom	sAffineAnims_ConstrictBinding
0x08592494	rom	gConstrictBindingSpriteTemplate
0x085924AC	rom	gMimicOrbAffineAnimCmds1
0x085924C4	rom	gMimicOrbAffineAnimCmds2
0x085924D4	rom	gMimicOrbAffineAnimTable
0x085924DC	rom	gMimicOrbSpriteTemplate
0x085924F4	rom	gIngrainRootAnimCmds1
0x08592508	rom	gIngrainRootAnimCmds2
0x0859251C	rom	gIngrainRootAnimCmds3
0x0859252C	rom	gIngrainRootAnimCmds4
0x0859253C	rom	gIngrainRootAnimTable
0x0859254C	rom	gIngrainRootSpriteTemplate
0x08592564	rom	gFrenzyPlantRootSpriteTemplate
0x0859257C	rom	gIngrainOrbAnimCmds
0x08592588	rom	gIngrainOrbAnimTable
0x0859258C	rom	gIngrainOrbSpriteTemplate
0x085925A4	rom	gFallingBagAnimCmds
0x085925AC	rom	gFallingBagAnimTable
0x085925B0	rom	gFallingBagAffineAnimCmds1
0x085925D0	rom	gFallingBagAffineAnimCmds2
0x08592608	rom	gFallingBagAffineAnimTable
0x08592610	rom	gPresentSpriteTemplate
0x08592628	rom	gKnockOffItemSpriteTemplate
0x08592640	rom	gPresentHealParticleAnimCmds
0x08592654	rom	gPresentHealParticleAnimTable
0x08592658	rom	gPresentHealParticleSpriteTemplate
0x08592670	rom	gItemStealSpriteTemplate
0x08592688	rom	gTrickBagAffineAnimCmds1
0x08592698	rom	gTrickBagAffineAnimCmds2
0x085926D8	rom	gTrickBagAffineAnimTable
0x085926E8	rom	gTrickBagSpriteTemplate
0x08592700	rom	gTrickBagCoordinates
0x08592724	rom	gLeafBladeAnimCmds1
0x0859272C	rom	gLeafBladeAnimCmds2
0x08592734	rom	gLeafBladeAnimCmds3
0x0859273C	rom	gLeafBladeAnimCmds4
0x08592744	rom	gLeafBladeAnimCmds5
0x0859274C	rom	gLeafBladeAnimCmds6
0x08592754	rom	gLeafBladeAnimCmds7
0x0859275C	rom	gLeafBladeAnimTable
0x08592778	rom	gLeafBladeSpriteTemplate
0x08592790	rom	gAromatherapyBigFlowerAffineAnimCmds
0x085927A8	rom	gAromatherapyBigFlowerAffineAnimTable
0x085927AC	rom	gAromatherapySmallFlowerSpriteTemplate
0x085927C4	rom	gAromatherapyBigFlowerSpriteTemplate
0x085927DC	rom	gSilverWindBigSparkAffineAnimCmds
0x085927F4	rom	gSilverWindMediumSparkAffineAnimCmds
0x0859280C	rom	gSilverWindSmallSparkAffineAnimCmds
0x08592824	rom	gSilverWindBigSparkAffineAnimTable
0x08592828	rom	gSilverWindMediumSparkAffineAnimTable
0x0859282C	rom	gSilverWindSmallSparkAffineAnimTable
0x08592830	rom	gSilverWindBigSparkSpriteTemplate
0x08592848	rom	gSilverWindMediumSparkSpriteTemplate
0x08592860	rom	gSilverWindSmallSparkSpriteTemplate
0x08592878	rom	gMagicalLeafBlendColors
0x08592888	rom	gNeedleArmSpikeSpriteTemplate
0x085928A0	rom	sAnim_Whip
0x085928B4	rom	sAnim_Whip_Flipped
0x085928C8	rom	sAnims_Whip
0x085928D0	rom	gSlamHitSpriteTemplate
0x085928E8	rom	gVineWhipSpriteTemplate
0x08592900	rom	sAnim_SlidingHit
0x08592918	rom	sAnims_SlidingHit
0x0859291C	rom	sSlidingHit1SpriteTemplate
0x08592934	rom	sSlidingHit2SpriteTemplate
0x0859294C	rom	sAffineAnim_FlickeringPunch_Normal
0x0859295C	rom	sAffineAnim_FlickeringPunch_TurnedTopLeft
0x0859296C	rom	sAffineAnim_FlickeringPunch_TurnedLeft
0x0859297C	rom	sAffineAnim_FlickeringPunch_TurnedBottomLeft
0x0859298C	rom	sAffineAnim_FlickeringPunch_UpsideDown
0x0859299C	rom	sAffineAnim_FlickeringPunch_TurnedBottomRight
0x085929AC	rom	sAffineAnim_FlickeringPunch_TurnedRight
0x085929BC	rom	sAffineAnim_FlickeringPunch_TurnedTopRight
0x085929CC	rom	sAffineAnims_FlickeringPunch
0x085929EC	rom	sFlickeringPunchSpriteTemplate
0x08592A04	rom	gCuttingSliceAnimCmds
0x08592A18	rom	gCuttingSliceAnimTable
0x08592A1C	rom	gCuttingSliceSpriteTemplate
0x08592A34	rom	gAirCutterSliceSpriteTemplate
0x08592A4C	rom	sAnim_CirclingMusicNote_Eighth
0x08592A54	rom	sAnim_CirclingMusicNote_BeamedEighth
0x08592A5C	rom	sAnim_CirclingMusicNote_SlantedBeamedEighth
0x08592A64	rom	sAnim_CirclingMusicNote_Quarter
0x08592A6C	rom	sAnim_CirclingMusicNote_QuarterRest
0x08592A74	rom	sAnim_CirclingMusicNote_EighthRest
0x08592A7C	rom	sAnim_CirclingMusicNote_Eighth_Flipped
0x08592A84	rom	sAnim_CirclingMusicNote_BeamedEighth_Flipped
0x08592A8C	rom	sAnim_CirclingMusicNote_SlantedBeamedEighth_Flipped
0x08592A94	rom	sAnim_CirclingMusicNote_Quarter_Flipped
0x08592A9C	rom	sAnims_CirclingMusicNote
0x08592AC4	rom	sCirclingMusicNoteSpriteTemplate
0x08592ADC	rom	gProtectSpriteTemplate
0x08592AF4	rom	gMilkBottleAffineAnimCmds1
0x08592B04	rom	gMilkBottleAffineAnimCmds2
0x08592B34	rom	gMilkBottleAffineAnimTable
0x08592B3C	rom	gMilkBottleSpriteTemplate
0x08592B54	rom	gGrantingStarsAnimCmds
0x08592B78	rom	gGrantingStarsAnimTable
0x08592B7C	rom	gGrantingStarsSpriteTemplate
0x08592B94	rom	gSparklingStarsSpriteTemplate
0x08592BAC	rom	sAnim_BubbleBurst
0x08592BD0	rom	sAnim_BubbleBurst_Flipped
0x08592BF4	rom	sAnims_BubbleBurst
0x08592BFC	rom	sBubbleBurstSpriteTemplate
0x08592C14	rom	gSleepLetterZAnimCmds
0x08592C1C	rom	gSleepLetterZAnimTable
0x08592C20	rom	gSleepLetterZAffineAnimCmds1
0x08592C38	rom	gSleepLetterZAffineAnimCmds1_2
0x08592C50	rom	gSleepLetterZAffineAnimCmds2
0x08592C68	rom	gSleepLetterZAffineAnimCmds2_2
0x08592C80	rom	gSleepLetterZAffineAnimTable
0x08592C88	rom	gSleepLetterZSpriteTemplate
0x08592CA0	rom	gLockOnTargetSpriteTemplate
0x08592CB8	rom	gLockOnMoveTargetSpriteTemplate
0x08592CD0	rom	gInclineMonCoordTable
0x08592CD8	rom	gBowMonSpriteTemplate
0x08592CF0	rom	sTipMonSpriteTemplate
0x08592D08	rom	gSlashSliceAnimCmds1
0x08592D1C	rom	gSlashSliceAnimCmds2
0x08592D24	rom	gSlashSliceAnimTable
0x08592D2C	rom	gSlashSliceSpriteTemplate
0x08592D44	rom	gFalseSwipeSliceSpriteTemplate
0x08592D5C	rom	gFalseSwipePositionedSliceSpriteTemplate
0x08592D74	rom	gEndureEnergyAnimCmds
0x08592D88	rom	gEndureEnergyAnimTable
0x08592D8C	rom	gEndureEnergySpriteTemplate
0x08592DA4	rom	gSharpenSphereAnimCmds
0x08592DE0	rom	gSharpenSphereAnimTable
0x08592DE4	rom	gSharpenSphereSpriteTemplate
0x08592DFC	rom	gOctazookaBallSpriteTemplate
0x08592E14	rom	gOctazookaAnimCmds
0x08592E2C	rom	gOctazookaAnimTable
0x08592E30	rom	gOctazookaSmokeSpriteTemplate
0x08592E48	rom	gConversionAnimCmds
0x08592E5C	rom	gConversionAnimTable
0x08592E60	rom	gConversionAffineAnimCmds
0x08592E70	rom	gConversionAffineAnimTable
0x08592E74	rom	gConversionSpriteTemplate
0x08592E8C	rom	gConversion2AnimCmds
0x08592EA0	rom	gConversion2AnimTable
0x08592EA4	rom	gConversion2SpriteTemplate
0x08592EBC	rom	gMoonSpriteTemplate
0x08592ED4	rom	gMoonlightSparkleAnimCmds
0x08592EE8	rom	gMoonlightSparkleAnimTable
0x08592EEC	rom	gMoonlightSparkleSpriteTemplate
0x08592F04	rom	gHealingBlueStarAnimCmds
0x08592F28	rom	gHealingBlueStarAnimTable
0x08592F2C	rom	gHealingBlueStarSpriteTemplate
0x08592F44	rom	gHornHitSpriteTemplate
0x08592F5C	rom	gSuperFangAnimCmds
0x08592F70	rom	gSuperFangAnimTable
0x08592F74	rom	gSuperFangSpriteTemplate
0x08592F8C	rom	gWavyMusicNotesAnimCmds1
0x08592F94	rom	gWavyMusicNotesAnimCmds2
0x08592F9C	rom	gWavyMusicNotesAnimCmds3
0x08592FA4	rom	gWavyMusicNotesAnimCmds4
0x08592FAC	rom	gWavyMusicNotesAnimCmds5
0x08592FB4	rom	gWavyMusicNotesAnimCmds6
0x08592FBC	rom	gWavyMusicNotesAnimCmds7
0x08592FC4	rom	gWavyMusicNotesAnimCmds8
0x08592FCC	rom	gMusicNotesAnimTable
0x08592FEC	rom	gWavyMusicNotesAffineAnimCmds
0x08593004	rom	gMusicNotesAffineAnimTable
0x08593008	rom	gWavyMusicNotesSpriteTemplate
0x08593020	rom	gParticlesColorBlendTable
0x08593050	rom	gFastFlyingMusicNotesSpriteTemplate
0x08593068	rom	gBellyDrumHandSpriteTemplate
0x08593080	rom	gSlowFlyingMusicNotesAffineAnimCmds
0x08593098	rom	gSlowFlyingMusicNotesAffineAnimTable
0x0859309C	rom	gSlowFlyingMusicNotesSpriteTemplate
0x085930B4	rom	gMetronomeThroughtBubbleAnimCmds1
0x085930C8	rom	gMetronomeThroughtBubbleAnimCmds3
0x085930DC	rom	gMetronomeThroughtBubbleAnimCmds2
0x085930F0	rom	gMetronomeThroughtBubbleAnimCmds4
0x08593104	rom	gMetronomeThroughtBubbleAnimTable
0x08593114	rom	gThoughtBubbleSpriteTemplate
0x0859312C	rom	gMetronomeFingerAffineAnimCmds1
0x08593144	rom	gMetronomeFingerAffineAnimCmds2
0x0859316C	rom	gMetronomeFingerAffineAnimCmds2_2
0x085931B4	rom	gMetronomeFingerAffineAnimTable
0x085931BC	rom	gMetronomeFingerSpriteTemplate
0x085931D4	rom	gFollowMeFingerSpriteTemplate
0x085931EC	rom	gTauntFingerAnimCmds1
0x085931F4	rom	gTauntFingerAnimCmds2
0x085931FC	rom	gTauntFingerAnimCmds3
0x0859321C	rom	gTauntFingerAnimCmds4
0x0859323C	rom	gTauntFingerAnimTable
0x0859324C	rom	gTauntFingerSpriteTemplate
0x08593264	rom	sCirclingFingerSpriteTemplate
0x0859327C	rom	sAnim_BouncingMusicNote
0x08593284	rom	sAnims_BouncingMusicNote
0x08593288	rom	sBouncingMusicNoteSpriteTemplate
0x085932A0	rom	sVibrateBattlerBackSpriteTemplate
0x085932B8	rom	sMovingClampSpriteTemplate
0x085932D0	rom	sAnim_SmallExplosion
0x085932E4	rom	sAnims_SmallExplosion
0x085932E8	rom	sAffineAnim_SmallExplosion
0x08593300	rom	sAffineAnims_SmallExplosion
0x08593304	rom	sSmallExplosionSpriteTemplate
0x0859331C	rom	gKinesisZapEnergyAnimCmds
0x08593340	rom	gKinesisZapEnergyAnimTable
0x08593344	rom	gKinesisZapEnergySpriteTemplate
0x0859335C	rom	gSwordsDanceBladeAffineAnimCmds
0x0859337C	rom	gSwordsDanceBladeAffineAnimTable
0x08593380	rom	gSwordsDanceBladeSpriteTemplate
0x08593398	rom	gSonicBoomSpriteTemplate
0x085933B0	rom	gAirWaveProjectileSpriteTemplate
0x085933C8	rom	gGrowingRingAffineAnimCmds
0x085933E0	rom	gWaterPulseRingAffineAnimCmds
0x08593420	rom	gGrowingRingAffineAnimTable
0x08593424	rom	gWaterPulseRingAffineAnimTable
0x08593428	rom	gSupersonicRingSpriteTemplate
0x08593440	rom	gScreechRingSpriteTemplate
0x08593458	rom	gMetalSoundSpriteTemplate
0x08593470	rom	gWaterPulseRingSpriteTemplate
0x08593488	rom	gEggThrowSpriteTemplate
0x085934A0	rom	sVoidLinesSpriteTemplate
0x085934B8	rom	gCoinAnimCmds
0x085934C0	rom	gCoinAnimTable
0x085934C4	rom	gFallingCoinAffineAnimCmds
0x085934D4	rom	gFallingCoinAffineAnimTable
0x085934D8	rom	gCoinThrowSpriteTemplate
0x085934F0	rom	gFallingCoinSpriteTemplate
0x08593508	rom	gBulletSeedAffineAnimCmds
0x08593518	rom	gBulletSeedAffineAnimTable
0x0859351C	rom	gBulletSeedSpriteTemplate
0x08593534	rom	gRazorWindTornadoAffineAnimCmds
0x0859354C	rom	gRazorWindTornadoAffineAnimTable
0x08593550	rom	gRazorWindTornadoSpriteTemplate
0x08593568	rom	gViceGripAnimCmds1
0x08593578	rom	gViceGripAnimCmds2
0x08593588	rom	gViceGripAnimTable
0x08593590	rom	gViceGripSpriteTemplate
0x085935A8	rom	gGuillotineAnimCmds1
0x085935B8	rom	gGuillotineAnimCmds2
0x085935C8	rom	gGuillotineAnimTable
0x085935D0	rom	gGuillotineSpriteTemplate
0x085935E8	rom	gSplashEffectAffineAnimCmds
0x08593608	rom	gGrowAndShrinkAffineAnimCmds
0x08593628	rom	gBreathPuffAnimCmds1
0x0859363C	rom	gBreathPuffAnimCmds2
0x08593650	rom	gBreathPuffAnimTable
0x08593658	rom	gBreathPuffSpriteTemplate
0x08593670	rom	gAngerMarkAffineAnimCmds
0x08593688	rom	gAngerMarkAffineAnimTable
0x0859368C	rom	gAngerMarkSpriteTemplate
0x085936A4	rom	gThrashMoveMonAffineAnimCmds
0x085936D4	rom	gPencilSpriteTemplate
0x085936EC	rom	gSnoreZSpriteTemplate
0x08593704	rom	gExplosionAnimCmds
0x08593718	rom	gExplosionAnimTable
0x0859371C	rom	gExplosionSpriteTemplate
0x08593734	rom	gSoftBoiledEggAffineAnimCmds1
0x08593754	rom	gSoftBoiledEggAffineAnimCmds2
0x08593764	rom	gSoftBoiledEggAffineAnimCmds3
0x085937A4	rom	gSoftBoiledEggAffineAnimTable
0x085937B0	rom	gSoftBoiledEggSpriteTemplate
0x085937C8	rom	gThinRingExpandingAffineAnimCmds1
0x085937E0	rom	gThinRingExpandingAffineAnimCmds2
0x085937F8	rom	gHyperVoiceRingAffineAnimCmds
0x08593810	rom	gThinRingExpandingAffineAnimTable
0x08593818	rom	gHyperVoiceRingAffineAnimTable
0x0859381C	rom	gThinRingExpandingSpriteTemplate
0x08593834	rom	gThinRingShrinkingAffineAnimCmds
0x0859384C	rom	gThinRingShrinkingAffineAnimTable
0x08593850	rom	gThinRingShrinkingSpriteTemplate
0x08593868	rom	gBlendThinRingExpandingSpriteTemplate
0x08593880	rom	gHyperVoiceRingSpriteTemplate
0x08593898	rom	gUproarRingSpriteTemplate
0x085938B0	rom	gStretchAttackerAffineAnimCmds
0x085938C0	rom	gSpeedDustAnimCmds
0x085938D8	rom	gSpeedDustAnimTable
0x085938DC	rom	gSpeedDustSpriteTemplate
0x085938F4	rom	gSpeedDustPosTable
0x085938FC	rom	gBellAnimCmds
0x08593934	rom	gBellAnimTable
0x08593938	rom	gBellSpriteTemplate
0x08593950	rom	sMusicNotePaletteTagsTable
0x08593958	rom	gHealBellMusicNoteSpriteTemplate
0x08593970	rom	gMagentaHeartSpriteTemplate
0x08593988	rom	sAffineAnims_StretchBattlerUp
0x085939A0	rom	gRedHeartProjectileSpriteTemplate
0x085939B8	rom	gRedHeartBurstSpriteTemplate
0x085939D0	rom	gRedHeartRisingSpriteTemplate
0x085939E8	rom	gHiddenPowerOrbAffineAnimCmds
0x08593A00	rom	gHiddenPowerOrbAffineAnimTable
0x08593A04	rom	gHiddenPowerOrbSpriteTemplate
0x08593A1C	rom	gHiddenPowerOrbScatterSpriteTemplate
0x08593A34	rom	gSpitUpOrbAffineAnimCmds
0x08593A4C	rom	gSpitUpOrbAffineAnimTable
0x08593A50	rom	gSpitUpOrbSpriteTemplate
0x08593A68	rom	gEyeSparkleAnimCmds
0x08593A80	rom	gEyeSparkleAnimTable
0x08593A84	rom	gEyeSparkleSpriteTemplate
0x08593A9C	rom	gAngelSpriteAnimCmds
0x08593AA4	rom	gAngelSpriteAnimTable
0x08593AA8	rom	gAngelSpriteTemplate
0x08593AC0	rom	gPinkHeartSpriteTemplate
0x08593AD8	rom	gDevilAnimCmds1
0x08593AE0	rom	gDevilAnimCmds2
0x08593AE8	rom	gDevilAnimTable
0x08593AF0	rom	gDevilSpriteTemplate
0x08593B08	rom	sAnim_FurySwipes
0x08593B1C	rom	sAnim_FurySwipes_Flipped
0x08593B30	rom	sAnims_FurySwipes
0x08593B38	rom	gFurySwipesSpriteTemplate
0x08593B50	rom	gMovementWavesAnimCmds1
0x08593B64	rom	gMovementWavesAnimCmds2
0x08593B78	rom	gMovementWavesAnimTable
0x08593B80	rom	gMovementWavesSpriteTemplate
0x08593B98	rom	sAffineAnims_UproarDistortion
0x08593BB8	rom	gJaggedMusicNoteSpriteTemplate
0x08593BD0	rom	gPerishSongMusicNoteAffineAnimCmds1
0x08593BE0	rom	gPerishSongMusicNoteAffineAnimCmds2
0x08593BF0	rom	gPerishSongMusicNoteAffineAnimCmds3
0x08593C00	rom	gPerishSongMusicNoteAffineAnimTable
0x08593C0C	rom	gPerishSongMusicNoteSpriteTemplate
0x08593C24	rom	gPerishSongMusicNote2SpriteTemplate
0x08593C3C	rom	gGuardRingAffineAnimCmds1
0x08593C4C	rom	gGuardRingAffineAnimCmds2
0x08593C5C	rom	gGuardRingAffineAnimTable
0x08593C64	rom	gGuardRingSpriteTemplate
0x08593C7C	rom	sUnusedWater_Gfx
0x08593FFC	rom	sUnusedWater
0x08594FFC	rom	sAnim_RainDrop
0x0859501C	rom	sAnims_RainDrop
0x08595020	rom	gRainDropSpriteTemplate
0x08595038	rom	sAffineAnim_WaterBubbleProjectile
0x08595050	rom	sAffineAnims_WaterBubbleProjectile
0x08595054	rom	sAnim_WaterBubbleProjectile
0x08595064	rom	sAnims_WaterBubbleProjectile
0x08595068	rom	gWaterBubbleProjectileSpriteTemplate
0x08595080	rom	sAnim_AuroraBeamRing_0
0x08595088	rom	sAnim_AuroraBeamRing_1
0x08595090	rom	sAnims_AuroraBeamRing
0x08595098	rom	sAffineAnim_AuroraBeamRing
0x085950B0	rom	sAffineAnims_AuroraBeamRing
0x085950B4	rom	gAuroraBeamRingSpriteTemplate
0x085950CC	rom	sAnim_WaterMudOrb
0x085950E0	rom	gAnims_WaterMudOrb
0x085950E4	rom	gHydroPumpOrbSpriteTemplate
0x085950FC	rom	gMudShotOrbSpriteTemplate
0x08595114	rom	gSignalBeamRedOrbSpriteTemplate
0x0859512C	rom	gSignalBeamGreenOrbSpriteTemplate
0x08595144	rom	sAnim_FlamethrowerFlame
0x08595154	rom	sAnims_FlamethrowerFlame
0x08595158	rom	gFlamethrowerFlameSpriteTemplate
0x08595170	rom	gPsywaveRingSpriteTemplate
0x08595188	rom	sAffineAnim_HydroCannonCharge
0x085951A8	rom	sAffineAnim_HydroCannonBeam
0x085951B8	rom	sAffineAnims_HydroCannonCharge
0x085951BC	rom	sAffineAnims_HydroCannonBeam
0x085951C0	rom	gHydroCannonChargeSpriteTemplate
0x085951D8	rom	gHydroCannonBeamSpriteTemplate
0x085951F0	rom	sAnim_WaterBubble
0x085951F8	rom	sAnim_WaterGunDroplet
0x08595200	rom	gAnims_WaterBubble
0x08595204	rom	sAnims_WaterGunDroplet
0x08595208	rom	gWaterGunProjectileSpriteTemplate
0x08595220	rom	gWaterGunDropletSpriteTemplate
0x08595238	rom	gSmallBubblePairSpriteTemplate
0x08595250	rom	gSmallDriftingBubblesSpriteTemplate
0x08595268	rom	gSmallWaterOrbSpriteTemplate
0x08595280	rom	sAnim_WaterPulseBubble_0
0x08595288	rom	sAnim_WaterPulseBubble_1
0x08595290	rom	sAnim_WeatherBallWaterDown
0x08595298	rom	sAnims_WaterPulseBubble
0x085952A0	rom	sAnims_WeatherBallWaterDown
0x085952A4	rom	sAffineAnim_WaterPulseRingBubble_0
0x085952BC	rom	sAffineAnim_WaterPulseRingBubble_1
0x085952D4	rom	sAffineAnim_WeatherBallWaterDown
0x085952EC	rom	sAffineAnims_WaterPulseRingBubble
0x085952F4	rom	sAffineAnims_WeatherBallWaterDown
0x085952F8	rom	gWaterPulseBubbleSpriteTemplate
0x08595310	rom	gWaterPulseRingBubbleSpriteTemplate
0x08595328	rom	gWeatherBallWaterDownSpriteTemplate
0x08595340	rom	sAnim_FireSpiralSpread_0
0x08595350	rom	sAnim_FireSpiralSpread_1
0x08595360	rom	sAnims_FireSpiralSpread
0x08595368	rom	gFireSpiralInwardSpriteTemplate
0x08595380	rom	gFireSpreadSpriteTemplate
0x08595398	rom	sAnim_LargeFlame
0x085953BC	rom	sAnims_LargeFlame
0x085953C0	rom	sAnim_FirePlume
0x085953D8	rom	sAnims_FirePlume
0x085953DC	rom	sAffineAnim_LargeFlame
0x085953F4	rom	sAffineAnims_LargeFlame
0x085953F8	rom	gLargeFlameSpriteTemplate
0x08595410	rom	gLargeFlameScatterSpriteTemplate
0x08595428	rom	gFirePlumeSpriteTemplate
0x08595440	rom	sUnusedEmberFirePlumeSpriteTemplate
0x08595458	rom	sAnim_UnusedSmallEmber
0x08595468	rom	sAnims_UnusedSmallEmber
0x0859546C	rom	sUnusedSmallEmberSpriteTemplate
0x08595484	rom	sAffineAnim_SunlightRay
0x0859549C	rom	sAffineAnims_SunlightRay
0x085954A0	rom	gSunlightRaySpriteTemplate
0x085954B8	rom	sAnim_BasicFire
0x085954D0	rom	gAnims_BasicFire
0x085954D4	rom	gEmberSpriteTemplate
0x085954EC	rom	gEmberFlareSpriteTemplate
0x08595504	rom	gBurnFlameSpriteTemplate
0x0859551C	rom	gFireBlastRingSpriteTemplate
0x08595534	rom	sAnim_FireBlastCross
0x08595540	rom	sAnims_FireBlastCross
0x08595544	rom	sAffineAnim_Unused_0
0x08595554	rom	sAffineAnim_Unused_1
0x08595564	rom	sAffineAnims_Unused
0x0859556C	rom	gFireBlastCrossSpriteTemplate
0x08595584	rom	gFireSpiralOutwardSpriteTemplate
0x0859559C	rom	gWeatherBallFireDownSpriteTemplate
0x085955B4	rom	gEruptionLaunchRockSpriteTemplate
0x085955CC	rom	sEruptionLaunchRockSpeeds
0x085955E8	rom	gEruptionFallingRockSpriteTemplate
0x08595600	rom	sAnim_WillOWispOrb_0
0x08595614	rom	sAnim_WillOWispOrb_1
0x0859561C	rom	sAnim_WillOWispOrb_2
0x08595624	rom	sAnim_WillOWispOrb_3
0x0859562C	rom	sAnims_WillOWispOrb
0x0859563C	rom	gWillOWispOrbSpriteTemplate
0x08595654	rom	sAnim_WillOWispFire
0x08595668	rom	sAnims_WillOWispFire
0x0859566C	rom	gWillOWispFireSpriteTemplate
0x08595684	rom	sShakeDirsPattern0
0x08595694	rom	sShakeDirsPattern1
0x085956A4	rom	sAnim_Lightning
0x085956BC	rom	sAnims_Lightning
0x085956C0	rom	gLightningSpriteTemplate
0x085956D8	rom	sAffineAnim_UnusedSpinningFist
0x085956F8	rom	sAffineAnims_UnusedSpinningFist
0x085956FC	rom	sUnusedSpinningFistSpriteTemplate
0x08595714	rom	sAnim_UnusedCirclingShock
0x08595730	rom	sAnims_UnusedCirclingShock
0x08595734	rom	sUnusedCirclingShockSpriteTemplate
0x0859574C	rom	gSparkElectricitySpriteTemplate
0x08595764	rom	gZapCannonBallSpriteTemplate
0x0859577C	rom	sAffineAnim_FlashingSpark
0x0859578C	rom	sAffineAnims_FlashingSpark
0x08595790	rom	gZapCannonSparkSpriteTemplate
0x085957A8	rom	sAnim_ThunderboltOrb
0x085957B8	rom	sAnims_ThunderboltOrb
0x085957BC	rom	sAffineAnim_ThunderboltOrb
0x085957DC	rom	sAffineAnims_ThunderboltOrb
0x085957E0	rom	gThunderboltOrbSpriteTemplate
0x085957F8	rom	gSparkElectricityFlashingSpriteTemplate
0x08595810	rom	gElectricitySpriteTemplate
0x08595828	rom	gElectricBoltSegmentSpriteTemplate
0x08595840	rom	gThunderWaveSpriteTemplate
0x08595858	rom	sElectricChargingParticleCoordOffsets
0x08595878	rom	sAnim_ElectricChargingParticles_0
0x0859588C	rom	sAnim_ElectricChargingParticles_1
0x085958A0	rom	sAnims_ElectricChargingParticles
0x085958A8	rom	gElectricChargingParticlesSpriteTemplate
0x085958C0	rom	sAffineAnim_GrowingElectricOrb_0
0x08595900	rom	sAffineAnim_GrowingElectricOrb_1
0x08595930	rom	sAffineAnim_GrowingElectricOrb_2
0x08595950	rom	sAffineAnims_GrowingElectricOrb
0x0859595C	rom	gGrowingChargeOrbSpriteTemplate
0x08595974	rom	sAnim_ElectricPuff
0x08595988	rom	sAnims_ElectricPuff
0x0859598C	rom	gElectricPuffSpriteTemplate
0x085959A4	rom	gVoltTackleOrbSlideSpriteTemplate
0x085959BC	rom	sAnim_VoltTackleBolt_0
0x085959C4	rom	sAnim_VoltTackleBolt_1
0x085959CC	rom	sAnim_VoltTackleBolt_2
0x085959D4	rom	sAnim_VoltTackleBolt_3
0x085959DC	rom	sAnims_VoltTackleBolt
0x085959EC	rom	sAffineAnim_VoltTackleBolt
0x085959FC	rom	sAffineAnims_VoltTackleBolt
0x08595A00	rom	gVoltTackleBoltSpriteTemplate
0x08595A18	rom	gGrowingShockWaveOrbSpriteTemplate
0x08595A30	rom	gShockWaveProgressingBoltSpriteTemplate
0x08595A48	rom	sAnim_Unused
0x08595A54	rom	sAnims_Unused
0x08595A58	rom	sUnusedIceCrystalThrowSpriteTemplate
0x08595A70	rom	sAnim_IceCrystalLargeChunk
0x08595A78	rom	sAnim_IceCrystalLarge
0x08595A80	rom	sAnim_IceCrystalSmall
0x08595A88	rom	sAnim_Snowball
0x08595A90	rom	sAnim_BlizzardIceCrystal
0x08595A98	rom	sAnim_SmallBubblePair
0x08595AA4	rom	sAnims_IceCrystalLargeChunk
0x08595AA8	rom	sAnims_IceCrystalLarge
0x08595AAC	rom	sAnims_IceCrystalSmall
0x08595AB0	rom	sAnims_Snowball
0x08595AB4	rom	sAnims_BlizzardIceCrystal
0x08595AB8	rom	gAnims_SmallBubblePair
0x08595ABC	rom	sAffineAnim_IceCrystalSpiralInwardLarge
0x08595ACC	rom	sAffineAnims_IceCrystalSpiralInwardLarge
0x08595AD0	rom	gIceCrystalSpiralInwardLarge
0x08595AE8	rom	gIceCrystalSpiralInwardSmall
0x08595B00	rom	sAffineAnim_IceBeamInnerCrystal
0x08595B10	rom	sAffineAnims_IceBeamInnerCrystal
0x08595B14	rom	gIceBeamInnerCrystalSpriteTemplate
0x08595B2C	rom	gIceBeamOuterCrystalSpriteTemplate
0x08595B44	rom	sAffineAnim_IceCrystalHit
0x08595B64	rom	sAffineAnims_IceCrystalHit
0x08595B68	rom	gIceCrystalHitLargeSpriteTemplate
0x08595B80	rom	gIceCrystalHitSmallSpriteTemplate
0x08595B98	rom	gSwirlingSnowballSpriteTemplate
0x08595BB0	rom	gBlizzardIceCrystalSpriteTemplate
0x08595BC8	rom	gPowderSnowSnowballSpriteTemplate
0x08595BE0	rom	sAnim_IceGroundSpike
0x08595C00	rom	sAnims_IceGroundSpike
0x08595C04	rom	gIceGroundSpikeSpriteTemplate
0x08595C1C	rom	sAnim_Cloud
0x08595C28	rom	sAnims_Cloud
0x08595C2C	rom	gMistCloudSpriteTemplate
0x08595C44	rom	gSmogCloudSpriteTemplate
0x08595C5C	rom	sHazeBlendAmounts
0x08595C70	rom	gMistBallSpriteTemplate
0x08595C88	rom	sMistBlendAmounts
0x08595C9C	rom	gPoisonGasCloudSpriteTemplate
0x08595CB4	rom	sHailCoordData
0x08595CDC	rom	sAffineAnim_HailParticle_0
0x08595CEC	rom	sAffineAnim_HailParticle_1
0x08595CFC	rom	sAffineAnim_HailParticle_2
0x08595D0C	rom	sAffineAnim_WeatherBallIceDown
0x08595D1C	rom	sAffineAnims_HailParticle
0x08595D28	rom	sAffineAnims_WeatherBallIceDown
0x08595D2C	rom	gHailParticleSpriteTemplate
0x08595D44	rom	gWeatherBallIceDownSpriteTemplate
0x08595D5C	rom	sAnim_IceBallChunk_0
0x08595D64	rom	sAnim_IceBallChunk_1
0x08595D78	rom	sAnims_IceBallChunk
0x08595D80	rom	sAffineAnim_IceBallChunk_0
0x08595D90	rom	sAffineAnim_IceBallChunk_1
0x08595DA0	rom	sAffineAnim_IceBallChunk_2
0x08595DB0	rom	sAffineAnim_IceBallChunk_3
0x08595DC0	rom	sAffineAnim_IceBallChunk_4
0x08595DD0	rom	sAffineAnims_IceBallChunk
0x08595DE4	rom	gIceBallChunkSpriteTemplate
0x08595DFC	rom	gIceBallImpactShardSpriteTemplate
0x08595E14	rom	sUnusedHumanoidFootSpriteTemplate
0x08595E2C	rom	sAnim_Fist
0x08595E34	rom	sAnim_FootWide
0x08595E3C	rom	sAnim_FootTall
0x08595E44	rom	sAnim_HandLeft
0x08595E4C	rom	sAnim_HandRight
0x08595E54	rom	sAnims_HandsAndFeet
0x08595E68	rom	gKarateChopSpriteTemplate
0x08595E80	rom	gJumpKickSpriteTemplate
0x08595E98	rom	gFistFootSpriteTemplate
0x08595EB0	rom	gFistFootRandomPosSpriteTemplate
0x08595EC8	rom	gCrossChopHandSpriteTemplate
0x08595EE0	rom	gSlidingKickSpriteTemplate
0x08595EF8	rom	sAffineAnim_SpinningHandOrFoot
0x08595F10	rom	sAffineAnims_SpinningHandOrFoot
0x08595F14	rom	gSpinningHandOrFootSpriteTemplate
0x08595F2C	rom	sAffineAnim_MegaPunchKick
0x08595F44	rom	sAffineAnims_MegaPunchKick
0x08595F48	rom	gMegaPunchKickSpriteTemplate
0x08595F60	rom	gStompFootSpriteTemplate
0x08595F78	rom	gDizzyPunchDuckSpriteTemplate
0x08595F90	rom	gBrickBreakWallSpriteTemplate
0x08595FA8	rom	gBrickBreakWallShardSpriteTemplate
0x08595FC0	rom	sAffineAnim_SuperpowerOrb
0x08595FE8	rom	sAffineAnims_SuperpowerOrb
0x08595FEC	rom	gSuperpowerOrbSpriteTemplate
0x08596004	rom	gSuperpowerRockSpriteTemplate
0x0859601C	rom	gSuperpowerFireballSpriteTemplate
0x08596034	rom	gArmThrustHandSpriteTemplate
0x0859604C	rom	sAnim_RevengeSmallScratch_0
0x0859605C	rom	sAnim_RevengeSmallScratch_1
0x0859606C	rom	sAnim_RevengeSmallScratch_2
0x0859607C	rom	sAnims_RevengeSmallScratch
0x08596088	rom	gRevengeSmallScratchSpriteTemplate
0x085960A0	rom	sAnim_RevengeBigScratch_0
0x085960AC	rom	sAnim_RevengeBigScratch_1
0x085960B8	rom	sAnim_RevengeBigScratch_2
0x085960C4	rom	sAnims_RevengeBigScratch
0x085960D0	rom	gRevengeBigScratchSpriteTemplate
0x085960E8	rom	sAffineAnim_FocusPunchFist
0x08596100	rom	sAffineAnims_FocusPunchFist
0x08596104	rom	gFocusPunchFistSpriteTemplate
0x0859611C	rom	sAnim_ToxicBubble
0x08596130	rom	sAnims_ToxicBubble
0x08596134	rom	gToxicBubbleSpriteTemplate
0x0859614C	rom	sAnim_PoisonProjectile
0x08596154	rom	sAnim_AcidPoisonDroplet
0x0859615C	rom	sAnim_SludgeBombHit
0x08596164	rom	sAnims_PoisonProjectile
0x08596170	rom	sAffineAnim_PoisonProjectile
0x08596190	rom	sAffineAnim_SludgeBombHit
0x085961A0	rom	sAffineAnims_PoisonProjectile
0x085961A4	rom	sAffineAnims_SludgeBombHit
0x085961A8	rom	gSludgeProjectileSpriteTemplate
0x085961C0	rom	gAcidPoisonBubbleSpriteTemplate
0x085961D8	rom	gSludgeBombHitParticleSpriteTemplate
0x085961F0	rom	sAffineAnim_AcidPoisonDroplet
0x08596208	rom	gAffineAnims_Droplet
0x0859620C	rom	gAcidPoisonDropletSpriteTemplate
0x08596224	rom	sAffineAnim_Bubble
0x0859623C	rom	sAffineAnims_Bubble
0x08596240	rom	gPoisonBubbleSpriteTemplate
0x08596258	rom	gWaterBubbleSpriteTemplate
0x08596270	rom	gEllipticalGustSpriteTemplate
0x08596288	rom	sAffineAnim_GustToTarget
0x085962A0	rom	sAffineAnims_GustToTarget
0x085962A4	rom	gGustToTargetSpriteTemplate
0x085962BC	rom	sAffineAnim_AirWaveCrescent
0x085962D0	rom	sAffineAnims_AirWaveCrescent
0x085962D4	rom	gAirWaveCrescentSpriteTemplate
0x085962EC	rom	sAffineAnim_FlyBallUp
0x08596314	rom	sAffineAnims_FlyBallUp
0x08596318	rom	sAffineAnim_FlyBallAttack_0
0x08596328	rom	sAffineAnim_FlyBallAttack_1
0x08596338	rom	sAffineAnims_FlyBallAttack
0x08596340	rom	gFlyBallUpSpriteTemplate
0x08596358	rom	gFlyBallAttackSpriteTemplate
0x08596370	rom	sAnim_FallingFeather_0
0x08596378	rom	sAnim_FallingFeather_1
0x08596380	rom	sAnims_FallingFeather
0x08596388	rom	gFallingFeatherSpriteTemplate
0x085963A0	rom	sUnusedBubbleThrowSpriteTemplate
0x085963B8	rom	sAnim_WhirlwindLines
0x085963D0	rom	sAnims_WhirlwindLines
0x085963D4	rom	gWhirlwindLineSpriteTemplate
0x085963EC	rom	sAffineAnim_BounceBallShrink
0x0859641C	rom	sAffineAnims_BounceBallShrink
0x08596420	rom	gBounceBallShrinkSpriteTemplate
0x08596438	rom	sAffineAnim_BounceBallLand
0x08596448	rom	sAffineAnims_BounceBallLand
0x0859644C	rom	gBounceBallLandSpriteTemplate
0x08596464	rom	sAffineAnim_DiveBall
0x0859648C	rom	sAffineAnims_DiveBall
0x08596490	rom	gDiveBallSpriteTemplate
0x085964A8	rom	sAnim_Unused
0x085964C8	rom	sAnims_Unused
0x085964CC	rom	gDiveWaterSplashSpriteTemplate
0x085964E4	rom	gSprayWaterDropletSpriteTemplate
0x085964FC	rom	sUnusedFlashingLightSpriteTemplate
0x08596514	rom	gSkyAttackBirdSpriteTemplate
0x0859652C	rom	sAffineAnim_PsychUpSpiral
0x08596544	rom	sAffineAnims_PsychUpSpiral
0x08596548	rom	gPsychUpSpiralSpriteTemplate
0x08596560	rom	gLightScreenWallSpriteTemplate
0x08596578	rom	gReflectWallSpriteTemplate
0x08596590	rom	gMirrorCoatWallSpriteTemplate
0x085965A8	rom	gBarrierWallSpriteTemplate
0x085965C0	rom	gMagicCoatWallSpriteTemplate
0x085965D8	rom	sAnim_ReflectSparkle
0x085965F0	rom	sAnims_ReflectSparkle
0x085965F4	rom	gReflectSparkleSpriteTemplate
0x0859660C	rom	sAnim_SpecialScreenSparkle
0x08596620	rom	sAnims_SpecialScreenSparkle
0x08596624	rom	gSpecialScreenSparkleSpriteTemplate
0x0859663C	rom	gGoldRingSpriteTemplate
0x08596654	rom	sAnim_BentSpoon_0
0x08596694	rom	sAnim_BentSpoon_1
0x085966D4	rom	sAnims_BentSpoon
0x085966DC	rom	gBentSpoonSpriteTemplate
0x085966F4	rom	sAnim_QuestionMark
0x08596714	rom	sAnims_QuestionMark
0x08596718	rom	sAffineAnim_QuestionMark
0x08596740	rom	sAffineAnims_QuestionMark
0x08596744	rom	gQuestionMarkSpriteTemplate
0x0859675C	rom	sAffineAnim_MeditateStretchAttacker
0x0859677C	rom	sAffineAnim_Teleport
0x08596794	rom	gImprisonOrbSpriteTemplate
0x085967AC	rom	gRedXSpriteTemplate
0x085967C4	rom	sAffineAnim_SkillSwapOrb_0
0x085967DC	rom	sAffineAnim_SkillSwapOrb_1
0x08596804	rom	sAffineAnim_SkillSwapOrb_2
0x0859682C	rom	sAffineAnim_SkillSwapOrb_3
0x08596854	rom	sAffineAnims_SkillSwapOrb
0x08596864	rom	gSkillSwapOrbSpriteTemplate
0x0859687C	rom	sAffineAnim_LusterPurgeCircle
0x08596894	rom	sAffineAnims_LusterPurgeCircle
0x08596898	rom	gLusterPurgeCircleSpriteTemplate
0x085968B0	rom	sAffineAnim_PsychoBoostOrb_0
0x08596908	rom	sAffineAnim_PsychoBoostOrb_1
0x08596918	rom	sAffineAnims_PsychoBoostOrb
0x08596920	rom	gPsychoBoostOrbSpriteTemplate
0x08596938	rom	sAffineAnim_MegahornHorn_0
0x08596948	rom	sAffineAnim_MegahornHorn_1
0x08596958	rom	sAffineAnim_MegahornHorn_2
0x08596968	rom	sAffineAnims_MegahornHorn
0x08596974	rom	gMegahornHornSpriteTemplate
0x0859698C	rom	sAffineAnim_LeechLifeNeedle_0
0x0859699C	rom	sAffineAnim_LeechLifeNeedle_1
0x085969AC	rom	sAffineAnim_LeechLifeNeedle_2
0x085969BC	rom	sAffineAnims_LeechLifeNeedle
0x085969C8	rom	gLeechLifeNeedleSpriteTemplate
0x085969E0	rom	gWebThreadSpriteTemplate
0x085969F8	rom	gStringWrapSpriteTemplate
0x08596A10	rom	sAffineAnim_SpiderWeb
0x08596A28	rom	sAffineAnims_SpiderWeb
0x08596A2C	rom	gSpiderWebSpriteTemplate
0x08596A44	rom	gLinearStingerSpriteTemplate
0x08596A5C	rom	gPinMissileSpriteTemplate
0x08596A74	rom	gIcicleSpearSpriteTemplate
0x08596A8C	rom	sAffineAnim_TailGlowOrb
0x08596AC4	rom	sAffineAnims_TailGlowOrb
0x08596AC8	rom	gTailGlowOrbSpriteTemplate
0x08596AE0	rom	sAnim_FlyingRock_0
0x08596AE8	rom	sAnim_FlyingRock_1
0x08596AF0	rom	sAnim_FlyingRock_2
0x08596AF8	rom	sAnims_FlyingRock
0x08596B04	rom	gFallingRockSpriteTemplate
0x08596B1C	rom	gRockFragmentSpriteTemplate
0x08596B34	rom	gSwirlingDirtSpriteTemplate
0x08596B4C	rom	sAffineAnim_Whirlpool
0x08596B6C	rom	sAffineAnims_Whirlpool
0x08596B70	rom	gWhirlpoolSpriteTemplate
0x08596B88	rom	gFireSpinSpriteTemplate
0x08596BA0	rom	gFlyingSandCrescentSpriteTemplate
0x08596BB8	rom	sFlyingSandSubsprites
0x08596BC0	rom	sFlyingSandSubspriteTable
0x08596BC8	rom	sAnim_Rock_Biggest
0x08596BD0	rom	sAnim_Rock_Bigger
0x08596BD8	rom	sAnim_Rock_Big
0x08596BE0	rom	sAnim_Rock_Small
0x08596BE8	rom	sAnim_Rock_Smaller
0x08596BF0	rom	sAnim_Rock_Smallest
0x08596BF8	rom	sAnims_BasicRock
0x08596C10	rom	gAncientPowerRockSpriteTemplate
0x08596C28	rom	gRolloutMudSpriteTemplate
0x08596C40	rom	gRolloutRockSpriteTemplate
0x08596C58	rom	gRockTombRockSpriteTemplate
0x08596C70	rom	sAffineAnim_BasicRock_0
0x08596C80	rom	sAffineAnim_BasicRock_1
0x08596C90	rom	sAffineAnims_BasicRock
0x08596C98	rom	gRockBlastRockSpriteTemplate
0x08596CB0	rom	gRockScatterSpriteTemplate
0x08596CC8	rom	gTwisterRockSpriteTemplate
0x08596CE0	rom	gWeatherBallRockDownSpriteTemplate
0x08596CF8	rom	sAffineAnim_ConfuseRayBallBounce
0x08596D10	rom	sAffineAnims_ConfuseRayBallBounce
0x08596D14	rom	gConfuseRayBallBounceSpriteTemplate
0x08596D2C	rom	gConfuseRayBallSpiralSpriteTemplate
0x08596D44	rom	sAffineAnim_ShadowBall
0x08596D54	rom	sAffineAnims_ShadowBall
0x08596D58	rom	gShadowBallSpriteTemplate
0x08596D70	rom	sAnim_Lick
0x08596D88	rom	sAnims_Lick
0x08596D8C	rom	gLickSpriteTemplate
0x08596DA4	rom	sAffineAnim_Unused
0x08596DB4	rom	sAffineAnims_Unused
0x08596DB8	rom	gDestinyBondWhiteShadowSpriteTemplate
0x08596DD0	rom	gCurseNailSpriteTemplate
0x08596DE8	rom	gCurseGhostSpriteTemplate
0x08596E00	rom	gNightmareDevilSpriteTemplate
0x08596E18	rom	sAnim_GrudgeFlame
0x08596E2C	rom	sAnims_GrudgeFlame
0x08596E30	rom	gGrudgeFlameSpriteTemplate
0x08596E48	rom	sMonMoveCircularSpriteTemplate
0x08596E60	rom	sAnim_OutrageOverheatFire_0
0x08596E78	rom	sAnims_OutrageOverheatFire
0x08596E7C	rom	gOutrageFlameSpriteTemplate
0x08596E94	rom	sAnim_DragonBreathFire_0
0x08596EA4	rom	sAnim_DragonBreathFire_1
0x08596EB4	rom	sAnims_DragonBreathFire
0x08596EBC	rom	sAffineAnim_DragonBreathFire_0
0x08596ED4	rom	sAffineAnim_DragonBreathFire_1
0x08596EEC	rom	sAffineAnims_DragonBreathFire
0x08596EF4	rom	gDragonBreathFireSpriteTemplate
0x08596F0C	rom	sAnim_DragonRageFirePlume
0x08596F24	rom	sAnims_DragonRageFirePlume
0x08596F28	rom	gDragonRageFirePlumeSpriteTemplate
0x08596F40	rom	sAnim_DragonRageFire
0x08596F50	rom	sAnims_DragonRageFire
0x08596F58	rom	sAffineAnim_DragonRageFire_0
0x08596F68	rom	sAffineAnim_DragonRageFire_1
0x08596F78	rom	sAffineAnims_DragonRageFire
0x08596F80	rom	gDragonRageFireSpitSpriteTemplate
0x08596F98	rom	gDragonDanceOrbSpriteTemplate
0x08596FB0	rom	gOverheatFlameSpriteTemplate
0x08596FC8	rom	sUnusedBagStealSpriteTemplate
0x08596FE0	rom	sAffineAnim_Bite_0
0x08596FF0	rom	sAffineAnim_Bite_1
0x08597000	rom	sAffineAnim_Bite_2
0x08597010	rom	sAffineAnim_Bite_3
0x08597020	rom	sAffineAnim_Bite_4
0x08597030	rom	sAffineAnim_Bite_5
0x08597040	rom	sAffineAnim_Bite_6
0x08597050	rom	sAffineAnim_Bite_7
0x08597060	rom	gAffineAnims_Bite
0x08597080	rom	gSharpTeethSpriteTemplate
0x08597098	rom	gClampJawSpriteTemplate
0x085970B0	rom	sAffineAnim_TearDrop_0
0x085970C8	rom	sAffineAnim_TearDrop_1
0x085970E0	rom	sAffineAnims_TearDrop
0x085970E8	rom	gTearDropSpriteTemplate
0x08597100	rom	sAnim_ClawSlash_0
0x08597118	rom	sAnim_ClawSlash_1
0x08597130	rom	sAnims_ClawSlash
0x08597138	rom	gClawSlashSpriteTemplate
0x08597150	rom	sAffineAnim_Bonemerang
0x08597160	rom	sAffineAnim_SpinningBone
0x08597170	rom	sAffineAnims_Bonemerang
0x08597174	rom	sAffineAnims_SpinningBone
0x08597178	rom	gBonemerangSpriteTemplate
0x08597190	rom	gSpinningBoneSpriteTemplate
0x085971A8	rom	gSandAttackDirtSpriteTemplate
0x085971C0	rom	sAnim_MudSlapMud
0x085971C8	rom	sAnims_MudSlapMud
0x085971CC	rom	gMudSlapMudSpriteTemplate
0x085971E4	rom	gMudsportMudSpriteTemplate
0x085971FC	rom	gDirtPlumeSpriteTemplate
0x08597214	rom	gDirtMoundSpriteTemplate
0x0859722C	rom	sAnim_ConfusionDuck_0
0x08597240	rom	sAnim_ConfusionDuck_1
0x08597254	rom	sAnims_ConfusionDuck
0x0859725C	rom	gConfusionDuckSpriteTemplate
0x08597274	rom	gSimplePaletteBlendSpriteTemplate
0x0859728C	rom	gComplexPaletteBlendSpriteTemplate
0x085972A4	rom	sAnim_CirclingSparkle
0x085972BC	rom	sAnims_CirclingSparkle
0x085972C0	rom	sCirclingSparkleSpriteTemplate
0x085972D8	rom	gShakeMonOrPlatformSpriteTemplate
0x085972F0	rom	sAffineAnim_HitSplat_0
0x08597300	rom	sAffineAnim_HitSplat_1
0x08597318	rom	sAffineAnim_HitSplat_2
0x08597330	rom	sAffineAnim_HitSplat_3
0x08597348	rom	sAffineAnims_HitSplat
0x08597358	rom	gBasicHitSplatSpriteTemplate
0x08597370	rom	gHandleInvertHitSplatSpriteTemplate
0x08597388	rom	gWaterHitSplatSpriteTemplate
0x085973A0	rom	gRandomPosHitSplatSpriteTemplate
0x085973B8	rom	gMonEdgeHitSplatSpriteTemplate
0x085973D0	rom	gCrossImpactSpriteTemplate
0x085973E8	rom	gFlashingHitSplatSpriteTemplate
0x08597400	rom	gPersistHitSplatSpriteTemplate
0x08597418	rom	sCurseLinesPalette
0x0859741A	rom	gBattleAnimBgCntSet
0x0859741E	rom	gBattleAnimBgCntGet
0x08597424	rom	sBattleIntroSlideFuncs
0x0859744C	rom	sMachBikeTransitions
0x0859745C	rom	sMachBikeSpeedCallbacks
0x08597468	rom	sAcroBikeTransitions
0x0859749C	rom	sAcroBikeInputHandlers
0x085974B8	rom	sMachBikeSpeeds
0x085974BE	rom	sAcroBikeJumpTimerList
0x085974C0	rom	sAcroBikeTricksList
0x08597530	rom	sQuizLadyEasyChatScreens
0x08597550	rom	sEasyChatScreenTemplates
0x08597748	rom	sAlphabetGroupIdMap
0x08597764	rom	sMysteryGiftPhrase
0x0859776C	rom	sBerryMasterWifePhrases
0x08597780	rom	sTriangleCursor_Pal
0x085977A0	rom	sTriangleCursor_Gfx
0x085977C0	rom	sScrollIndicator_Gfx
0x085978C0	rom	sStartSelectButtons_Gfx
0x085979C0	rom	sRSInterviewFrame_Pal
0x085979E0	rom	sRSInterviewFrame_Gfx
0x08597B14	rom	sTextInputFrameOrange_Pal
0x08597B34	rom	sTextInputFrameGreen_Pal
0x08597B54	rom	sTextInputFrame_Gfx
0x08597C1C	rom	sTitleText_Pal
0x08597C24	rom	sText_Pal
0x08597C30	rom	sPhraseFrameDimensions
0x08597C54	rom	sEasyChatBgTemplates
0x08597C64	rom	sEasyChatWindowTemplates
0x08597C84	rom	sEasyChatYesNoWindowTemplate
0x08597C8C	rom	sText_Clear17
0x08597C90	rom	sEasyChatKeyboardAlphabet
0x08597CA0	rom	sSpriteSheets
0x08597CC0	rom	sSpritePalettes
0x08597CE8	rom	sCompressedSpriteSheets
0x08597D08	rom	sAlphabetKeyboardColumnOffsets
0x08597D10	rom	sOamData_TriangleCursor
0x08597D18	rom	sSpriteTemplate_TriangleCursor
0x08597D30	rom	sOamData_RectangleCursor
0x08597D38	rom	sAnim_RectangleCursor_OnGroup
0x08597D40	rom	sAnim_RectangleCursor_OnButton
0x08597D48	rom	sAnim_RectangleCursor_OnOthers
0x08597D50	rom	sAnim_RectangleCursor_OnLetter
0x08597D58	rom	sAnims_RectangleCursor
0x08597D68	rom	sSpriteTemplate_RectangleCursor
0x08597D80	rom	sOamData_ModeWindow
0x08597D88	rom	sAnim_ModeWindow_Hidden
0x08597D90	rom	sAnim_ModeWindow_ToGroup
0x08597D9C	rom	sAnim_ModeWindow_ToAlphabet
0x08597DA8	rom	sAnim_ModeWindow_ToHidden
0x08597DB4	rom	sAnim_ModeWindow_Transition
0x08597DBC	rom	sAnims_ModeWindow
0x08597DD0	rom	sSpriteTemplate_ModeWindow
0x08597DE8	rom	sOamData_ButtonWindow
0x08597DF0	rom	sSpriteTemplate_ButtonWindow
0x08597E08	rom	sOamData_StartSelectButton
0x08597E10	rom	sOamData_ScrollIndicator
0x08597E18	rom	sAnim_Frame0
0x08597E20	rom	sAnim_Frame1
0x08597E28	rom	sAnims_TwoFrame
0x08597E30	rom	sSpriteTemplate_StartSelectButton
0x08597E48	rom	sSpriteTemplate_ScrollIndicator
0x08597E60	rom	sFooterOptionXOffsets
0x08597E6C	rom	sFooterTextOptions
0x08597E9C	rom	gEasyChatGroup_Pokemon
0x08598030	rom	gEasyChatWord_IChooseYou
0x0859803D	rom	gEasyChatWord_Gotcha
0x08598044	rom	gEasyChatWord_Trade
0x0859804A	rom	gEasyChatWord_Sapphire
0x08598053	rom	gEasyChatWord_Evolve
0x0859805A	rom	gEasyChatWord_Encyclopedia
0x08598067	rom	gEasyChatWord_Nature
0x0859806E	rom	gEasyChatWord_Center
0x08598075	rom	gEasyChatWord_Egg
0x08598079	rom	gEasyChatWord_Link
0x0859807E	rom	gEasyChatWord_SpAbility
0x0859808A	rom	gEasyChatWord_Trainer
0x08598092	rom	gEasyChatWord_Version
0x0859809A	rom	gEasyChatWord_Pokenav
0x085980A2	rom	gEasyChatWord_Pokemon
0x085980AA	rom	gEasyChatWord_Get
0x085980AE	rom	gEasyChatWord_Pokedex
0x085980B6	rom	gEasyChatWord_Ruby
0x085980BB	rom	gEasyChatWord_Level
0x085980C1	rom	gEasyChatWord_Red
0x085980C5	rom	gEasyChatWord_Green
0x085980CB	rom	gEasyChatWord_Bag
0x085980CF	rom	gEasyChatWord_Flame
0x085980D5	rom	gEasyChatWord_Gold
0x085980DA	rom	gEasyChatWord_Leaf
0x085980DF	rom	gEasyChatWord_Silver
0x085980E6	rom	gEasyChatWord_Emerald
0x085980F0	rom	gEasyChatGroup_Trainer
0x08598234	rom	gEasyChatWord_Dark
0x08598239	rom	gEasyChatWord_Stench
0x08598240	rom	gEasyChatWord_ThickFat
0x0859824A	rom	gEasyChatWord_RainDish
0x08598254	rom	gEasyChatWord_Drizzle
0x0859825C	rom	gEasyChatWord_ArenaTrap
0x08598267	rom	gEasyChatWord_Intimidate
0x08598272	rom	gEasyChatWord_RockHead
0x0859827C	rom	gEasyChatWord_Color
0x08598282	rom	gEasyChatWord_AltColor
0x0859828D	rom	gEasyChatWord_Rock
0x08598292	rom	gEasyChatWord_Beautiful
0x0859829C	rom	gEasyChatWord_Beauty
0x085982A3	rom	gEasyChatWord_AirLock
0x085982AC	rom	gEasyChatWord_Psychic
0x085982B4	rom	gEasyChatWord_HyperCutter
0x085982C1	rom	gEasyChatWord_Fighting
0x085982CA	rom	gEasyChatWord_ShadowTag
0x085982D5	rom	gEasyChatWord_Smart
0x085982DB	rom	gEasyChatWord_Smartness
0x085982E5	rom	gEasyChatWord_SpeedBoost
0x085982F1	rom	gEasyChatWord_Cool
0x085982F6	rom	gEasyChatWord_Coolness
0x085982FF	rom	gEasyChatWord_BattleArmor
0x0859830C	rom	gEasyChatWord_Cute
0x08598311	rom	gEasyChatWord_Cuteness
0x0859831A	rom	gEasyChatWord_Sturdy
0x08598321	rom	gEasyChatWord_SuctionCups
0x0859832E	rom	gEasyChatWord_Grass
0x08598334	rom	gEasyChatWord_ClearBody
0x0859833F	rom	gEasyChatWord_Torrent
0x08598347	rom	gEasyChatWord_Ghost
0x0859834D	rom	gEasyChatWord_Ice
0x08598351	rom	gEasyChatWord_Guts
0x08598356	rom	gEasyChatWord_RoughSkin
0x08598361	rom	gEasyChatWord_ShellArmor
0x0859836D	rom	gEasyChatWord_NaturalCure
0x0859837A	rom	gEasyChatWord_Damp
0x0859837F	rom	gEasyChatWord_Ground
0x08598386	rom	gEasyChatWord_Limber
0x0859838D	rom	gEasyChatWord_MagnetPull
0x08598399	rom	gEasyChatWord_WhiteSmoke
0x085983A5	rom	gEasyChatWord_Synchronize
0x085983B1	rom	gEasyChatWord_Overgrow
0x085983BA	rom	gEasyChatWord_SwiftSwim
0x085983C5	rom	gEasyChatWord_SandStream
0x085983D1	rom	gEasyChatWord_SandVeil
0x085983DB	rom	gEasyChatWord_KeenEye
0x085983E4	rom	gEasyChatWord_InnerFocus
0x085983F0	rom	gEasyChatWord_Static
0x085983F7	rom	gEasyChatWord_Type
0x085983FC	rom	gEasyChatWord_Tough
0x08598402	rom	gEasyChatWord_Toughness
0x0859840C	rom	gEasyChatWord_ShedSkin
0x08598416	rom	gEasyChatWord_HugePower
0x08598421	rom	gEasyChatWord_VoltAbsorb
0x0859842D	rom	gEasyChatWord_WaterAbsorb
0x0859843A	rom	gEasyChatWord_Electric
0x08598443	rom	gEasyChatWord_Forecast
0x0859844C	rom	gEasyChatWord_SereneGrace
0x08598459	rom	gEasyChatWord_Poison
0x08598460	rom	gEasyChatWord_PoisonPoint
0x0859846D	rom	gEasyChatWord_Dragon
0x08598474	rom	gEasyChatWord_Trace
0x0859847A	rom	gEasyChatWord_Oblivious
0x08598484	rom	gEasyChatWord_Truant
0x0859848B	rom	gEasyChatWord_RunAway
0x08598494	rom	gEasyChatWord_StickyHold
0x085984A0	rom	gEasyChatWord_CloudNine
0x085984AB	rom	gEasyChatWord_Normal
0x085984B2	rom	gEasyChatWord_Steel
0x085984B8	rom	gEasyChatWord_Illuminate
0x085984C3	rom	gEasyChatWord_EarlyBird
0x085984CE	rom	gEasyChatWord_Hustle
0x085984D5	rom	gEasyChatWord_Shine
0x085984DB	rom	gEasyChatWord_Flying
0x085984E2	rom	gEasyChatWord_Drought
0x085984EA	rom	gEasyChatWord_Lightningrod
0x085984F7	rom	gEasyChatWord_Compoundeyes
0x08598504	rom	gEasyChatWord_MarvelScale
0x08598511	rom	gEasyChatWord_WonderGuard
0x0859851E	rom	gEasyChatWord_Insomnia
0x08598527	rom	gEasyChatWord_Levitate
0x08598530	rom	gEasyChatWord_Plus
0x08598535	rom	gEasyChatWord_Pressure
0x0859853E	rom	gEasyChatWord_LiquidOoze
0x0859854A	rom	gEasyChatWord_ColorChange
0x08598557	rom	gEasyChatWord_Soundproof
0x08598562	rom	gEasyChatWord_EffectSpore
0x0859856F	rom	gEasyChatWord_Pkrs
0x08598573	rom	gEasyChatWord_Fire
0x08598578	rom	gEasyChatWord_FlameBody
0x08598583	rom	gEasyChatWord_Minus
0x08598589	rom	gEasyChatWord_OwnTempo
0x08598593	rom	gEasyChatWord_MagmaArmor
0x0859859F	rom	gEasyChatWord_Water
0x085985A5	rom	gEasyChatWord_WaterVeil
0x085985B0	rom	gEasyChatWord_Bug
0x085985B4	rom	gEasyChatWord_Swarm
0x085985BA	rom	gEasyChatWord_CuteCharm
0x085985C5	rom	gEasyChatWord_Immunity
0x085985CE	rom	gEasyChatWord_Blaze
0x085985D4	rom	gEasyChatWord_Pickup
0x085985DB	rom	gEasyChatWord_Pattern
0x085985E3	rom	gEasyChatWord_FlashFire
0x085985EE	rom	gEasyChatWord_VitalSpirit
0x085985FB	rom	gEasyChatWord_Chlorophyll
0x08598607	rom	gEasyChatWord_PurePower
0x08598612	rom	gEasyChatWord_ShieldDust
0x08598620	rom	gEasyChatGroup_Status
0x08598B3C	rom	gEasyChatWord_MatchUp
0x08598B45	rom	gEasyChatWord_Go
0x08598B48	rom	gEasyChatWord_No1
0x08598B4E	rom	gEasyChatWord_Decide
0x08598B55	rom	gEasyChatWord_LetMeWin
0x08598B60	rom	gEasyChatWord_Wins
0x08598B65	rom	gEasyChatWord_Win
0x08598B69	rom	gEasyChatWord_Won
0x08598B6D	rom	gEasyChatWord_IfIWin
0x08598B76	rom	gEasyChatWord_WhenIWin
0x08598B81	rom	gEasyChatWord_CantWin
0x08598B8B	rom	gEasyChatWord_CanWin
0x08598B93	rom	gEasyChatWord_NoMatch
0x08598B9C	rom	gEasyChatWord_Spirit
0x08598BA3	rom	gEasyChatWord_Decided
0x08598BAB	rom	gEasyChatWord_TrumpCard
0x08598BB6	rom	gEasyChatWord_TakeThat
0x08598BC0	rom	gEasyChatWord_ComeOn
0x08598BC8	rom	gEasyChatWord_Attack
0x08598BCF	rom	gEasyChatWord_Surrender
0x08598BD9	rom	gEasyChatWord_Gutsy
0x08598BDF	rom	gEasyChatWord_Talent
0x08598BE6	rom	gEasyChatWord_Strategy
0x08598BEF	rom	gEasyChatWord_Smite
0x08598BF5	rom	gEasyChatWord_Match
0x08598BFB	rom	gEasyChatWord_Victory
0x08598C03	rom	gEasyChatWord_Offensive
0x08598C0D	rom	gEasyChatWord_Sense
0x08598C13	rom	gEasyChatWord_Versus
0x08598C1A	rom	gEasyChatWord_Fights
0x08598C21	rom	gEasyChatWord_Power
0x08598C27	rom	gEasyChatWord_Challenge
0x08598C31	rom	gEasyChatWord_Strong
0x08598C38	rom	gEasyChatWord_TooStrong
0x08598C43	rom	gEasyChatWord_GoEasy
0x08598C4B	rom	gEasyChatWord_Foe
0x08598C4F	rom	gEasyChatWord_Genius
0x08598C56	rom	gEasyChatWord_Legend
0x08598C5D	rom	gEasyChatWord_Escape
0x08598C64	rom	gEasyChatWord_Aim
0x08598C68	rom	gEasyChatWord_Battle
0x08598C6F	rom	gEasyChatWord_Fight
0x08598C75	rom	gEasyChatWord_Resuscitate
0x08598C81	rom	gEasyChatWord_Points
0x08598C88	rom	gEasyChatWord_Serious
0x08598C90	rom	gEasyChatWord_GiveUp
0x08598C98	rom	gEasyChatWord_Loss
0x08598C9D	rom	gEasyChatWord_IfILose
0x08598CA7	rom	gEasyChatWord_Lost
0x08598CAC	rom	gEasyChatWord_Lose
0x08598CB1	rom	gEasyChatWord_Guard
0x08598CB7	rom	gEasyChatWord_Partner
0x08598CBF	rom	gEasyChatWord_Reject
0x08598CC6	rom	gEasyChatWord_Accept
0x08598CCD	rom	gEasyChatWord_Invincible
0x08598CD8	rom	gEasyChatWord_Received
0x08598CE1	rom	gEasyChatWord_Easy
0x08598CE6	rom	gEasyChatWord_Weak
0x08598CEB	rom	gEasyChatWord_TooWeak
0x08598CF4	rom	gEasyChatWord_Pushover
0x08598CFD	rom	gEasyChatWord_Leader
0x08598D04	rom	gEasyChatWord_Rule
0x08598D09	rom	gEasyChatWord_Move
0x08598D10	rom	gEasyChatGroup_Battle
0x08599004	rom	gEasyChatWord_Thanks
0x0859900B	rom	gEasyChatWord_Yes
0x0859900F	rom	gEasyChatWord_HereGoes
0x08599019	rom	gEasyChatWord_HereICome
0x08599025	rom	gEasyChatWord_HereItIs
0x08599030	rom	gEasyChatWord_Yeah
0x08599035	rom	gEasyChatWord_Welcome
0x0859903D	rom	gEasyChatWord_Oi
0x08599040	rom	gEasyChatWord_HowDo
0x08599047	rom	gEasyChatWord_Congrats
0x08599050	rom	gEasyChatWord_GiveMe
0x08599058	rom	gEasyChatWord_Sorry
0x0859905E	rom	gEasyChatWord_Apologize
0x08599068	rom	gEasyChatWord_Forgive
0x08599070	rom	gEasyChatWord_HeyThere
0x0859907B	rom	gEasyChatWord_Hello
0x08599081	rom	gEasyChatWord_GoodBye
0x0859908A	rom	gEasyChatWord_ThankYou
0x08599094	rom	gEasyChatWord_IveArrived
0x085990A1	rom	gEasyChatWord_Pardon
0x085990A8	rom	gEasyChatWord_Excuse
0x085990AF	rom	gEasyChatWord_SeeYa
0x085990B6	rom	gEasyChatWord_ExcuseMe
0x085990C0	rom	gEasyChatWord_WellThen
0x085990CB	rom	gEasyChatWord_GoAhead
0x085990D4	rom	gEasyChatWord_Appreciate
0x085990DF	rom	gEasyChatWord_HeyQues
0x085990E4	rom	gEasyChatWord_WhatsUpQues
0x085990EF	rom	gEasyChatWord_HuhQues
0x085990F4	rom	gEasyChatWord_No
0x085990F7	rom	gEasyChatWord_Hi
0x085990FA	rom	gEasyChatWord_YeahYeah
0x08599105	rom	gEasyChatWord_ByeBye
0x0859910D	rom	gEasyChatWord_MeetYou
0x08599116	rom	gEasyChatWord_Hey
0x0859911A	rom	gEasyChatWord_Smell
0x08599120	rom	gEasyChatWord_Listening
0x0859912A	rom	gEasyChatWord_HooHah
0x08599132	rom	gEasyChatWord_Yahoo
0x08599138	rom	gEasyChatWord_Yo
0x0859913B	rom	gEasyChatWord_ComeOver
0x08599145	rom	gEasyChatWord_CountOn
0x08599150	rom	gEasyChatGroup_Greetings
0x08599348	rom	gEasyChatWord_Opponent
0x08599351	rom	gEasyChatWord_I
0x08599353	rom	gEasyChatWord_You
0x08599357	rom	gEasyChatWord_Yours
0x0859935D	rom	gEasyChatWord_Son
0x08599361	rom	gEasyChatWord_Your
0x08599366	rom	gEasyChatWord_Youre
0x0859936D	rom	gEasyChatWord_Youve
0x08599374	rom	gEasyChatWord_Mother
0x0859937B	rom	gEasyChatWord_Grandfather
0x08599387	rom	gEasyChatWord_Uncle
0x0859938D	rom	gEasyChatWord_Father
0x08599394	rom	gEasyChatWord_Boy
0x08599398	rom	gEasyChatWord_Adult
0x0859939E	rom	gEasyChatWord_Brother
0x085993A6	rom	gEasyChatWord_Sister
0x085993AD	rom	gEasyChatWord_Grandmother
0x085993B9	rom	gEasyChatWord_Aunt
0x085993BE	rom	gEasyChatWord_Parent
0x085993C5	rom	gEasyChatWord_Man
0x085993C9	rom	gEasyChatWord_Me
0x085993CC	rom	gEasyChatWord_Girl
0x085993D1	rom	gEasyChatWord_Babe
0x085993D6	rom	gEasyChatWord_Family
0x085993DD	rom	gEasyChatWord_Her
0x085993E1	rom	gEasyChatWord_Him
0x085993E5	rom	gEasyChatWord_He
0x085993E8	rom	gEasyChatWord_Place
0x085993EE	rom	gEasyChatWord_Daughter
0x085993F7	rom	gEasyChatWord_His
0x085993FB	rom	gEasyChatWord_Hes
0x08599400	rom	gEasyChatWord_Arent
0x08599407	rom	gEasyChatWord_Siblings
0x08599410	rom	gEasyChatWord_Kid
0x08599414	rom	gEasyChatWord_Children
0x0859941D	rom	gEasyChatWord_Mr
0x08599421	rom	gEasyChatWord_Mrs
0x08599426	rom	gEasyChatWord_Myself
0x0859942D	rom	gEasyChatWord_IWas
0x08599433	rom	gEasyChatWord_ToMe
0x08599439	rom	gEasyChatWord_My
0x0859943C	rom	gEasyChatWord_IAm
0x08599441	rom	gEasyChatWord_Ive
0x08599446	rom	gEasyChatWord_Who
0x0859944A	rom	gEasyChatWord_Someone
0x08599452	rom	gEasyChatWord_WhoWas
0x0859945A	rom	gEasyChatWord_ToWhom
0x08599462	rom	gEasyChatWord_Whose
0x08599468	rom	gEasyChatWord_WhoIs
0x0859946F	rom	gEasyChatWord_Its
0x08599474	rom	gEasyChatWord_Lady
0x08599479	rom	gEasyChatWord_Friend
0x08599480	rom	gEasyChatWord_Ally
0x08599485	rom	gEasyChatWord_Person
0x0859948C	rom	gEasyChatWord_Dude
0x08599491	rom	gEasyChatWord_They
0x08599496	rom	gEasyChatWord_TheyWere
0x085994A0	rom	gEasyChatWord_ToThem
0x085994A8	rom	gEasyChatWord_Their
0x085994AE	rom	gEasyChatWord_Theyre
0x085994B6	rom	gEasyChatWord_Theyve
0x085994BE	rom	gEasyChatWord_We
0x085994C1	rom	gEasyChatWord_Been
0x085994C6	rom	gEasyChatWord_ToUs
0x085994CC	rom	gEasyChatWord_Our
0x085994D0	rom	gEasyChatWord_WeRe
0x085994D6	rom	gEasyChatWord_Rival
0x085994DC	rom	gEasyChatWord_Weve
0x085994E2	rom	gEasyChatWord_Woman
0x085994E8	rom	gEasyChatWord_She
0x085994EC	rom	gEasyChatWord_SheWas
0x085994F4	rom	gEasyChatWord_ToHer
0x085994FB	rom	gEasyChatWord_Hers
0x08599500	rom	gEasyChatWord_SheIs
0x08599507	rom	gEasyChatWord_Some
0x0859950C	rom	gEasyChatGroup_People
0x08599890	rom	gEasyChatWord_Excl
0x08599892	rom	gEasyChatWord_ExclExcl
0x08599895	rom	gEasyChatWord_QuesExcl
0x08599898	rom	gEasyChatWord_Ques
0x0859989A	rom	gEasyChatWord_Ellipsis
0x0859989C	rom	gEasyChatWord_EllipsisExcl
0x0859989F	rom	gEasyChatWord_EllipsisEllipsisEllipsis
0x085998A3	rom	gEasyChatWord_Dash
0x085998A5	rom	gEasyChatWord_DashDashDash
0x085998AB	rom	gEasyChatWord_UhOh
0x085998B1	rom	gEasyChatWord_Waaah
0x085998B7	rom	gEasyChatWord_Ahaha
0x085998BD	rom	gEasyChatWord_OhQues
0x085998C1	rom	gEasyChatWord_Nope
0x085998C6	rom	gEasyChatWord_Urgh
0x085998CB	rom	gEasyChatWord_Hmm
0x085998CF	rom	gEasyChatWord_Whoah
0x085998D5	rom	gEasyChatWord_WroooaarExcl
0x085998DF	rom	gEasyChatWord_Wow
0x085998E3	rom	gEasyChatWord_Giggle
0x085998EA	rom	gEasyChatWord_Sigh
0x085998EF	rom	gEasyChatWord_Unbelievable
0x085998FC	rom	gEasyChatWord_Cries
0x08599902	rom	gEasyChatWord_Agree
0x08599908	rom	gEasyChatWord_EhQues
0x0859990C	rom	gEasyChatWord_Cry
0x08599910	rom	gEasyChatWord_Ehehe
0x08599916	rom	gEasyChatWord_OiOiOi
0x08599921	rom	gEasyChatWord_OhYeah
0x0859992A	rom	gEasyChatWord_Oh
0x0859992D	rom	gEasyChatWord_Oops
0x08599932	rom	gEasyChatWord_Shocked
0x0859993A	rom	gEasyChatWord_Eek
0x0859993E	rom	gEasyChatWord_Graaah
0x08599945	rom	gEasyChatWord_Gwahahaha
0x0859994F	rom	gEasyChatWord_Way
0x08599953	rom	gEasyChatWord_Tch
0x08599957	rom	gEasyChatWord_Hehe
0x0859995C	rom	gEasyChatWord_Hah
0x08599960	rom	gEasyChatWord_Yup
0x08599964	rom	gEasyChatWord_Hahaha
0x0859996B	rom	gEasyChatWord_Aiyeeh
0x08599972	rom	gEasyChatWord_Hiyah
0x08599978	rom	gEasyChatWord_Fufufu
0x0859997F	rom	gEasyChatWord_Lol
0x08599983	rom	gEasyChatWord_Snort
0x08599989	rom	gEasyChatWord_Humph
0x0859998F	rom	gEasyChatWord_Hehehe
0x08599996	rom	gEasyChatWord_Heh
0x0859999A	rom	gEasyChatWord_Hohoho
0x085999A1	rom	gEasyChatWord_UhHuh
0x085999A8	rom	gEasyChatWord_OhDear
0x085999B1	rom	gEasyChatWord_Arrgh
0x085999B7	rom	gEasyChatWord_Mufufu
0x085999BE	rom	gEasyChatWord_Mmm
0x085999C2	rom	gEasyChatWord_OhKay
0x085999C9	rom	gEasyChatWord_Okay
0x085999CE	rom	gEasyChatWord_Lalala
0x085999D5	rom	gEasyChatWord_Yay
0x085999D9	rom	gEasyChatWord_Aww
0x085999DD	rom	gEasyChatWord_Wowee
0x085999E3	rom	gEasyChatWord_Gwah
0x085999E8	rom	gEasyChatWord_Wahahaha
0x085999F4	rom	gEasyChatGroup_Voices
0x08599CE8	rom	gEasyChatWord_Listen
0x08599CEF	rom	gEasyChatWord_NotVery
0x08599CF8	rom	gEasyChatWord_Mean
0x08599CFD	rom	gEasyChatWord_Lie
0x08599D01	rom	gEasyChatWord_Lay
0x08599D05	rom	gEasyChatWord_Recommend
0x08599D0F	rom	gEasyChatWord_Nitwit
0x08599D16	rom	gEasyChatWord_Quite
0x08599D1C	rom	gEasyChatWord_From
0x08599D21	rom	gEasyChatWord_Feeling
0x08599D29	rom	gEasyChatWord_But
0x08599D2D	rom	gEasyChatWord_However
0x08599D35	rom	gEasyChatWord_Case
0x08599D3A	rom	gEasyChatWord_The
0x08599D3E	rom	gEasyChatWord_Miss
0x08599D43	rom	gEasyChatWord_How
0x08599D47	rom	gEasyChatWord_Hit
0x08599D4B	rom	gEasyChatWord_Enough
0x08599D52	rom	gEasyChatWord_ALot
0x08599D58	rom	gEasyChatWord_ALittle
0x08599D61	rom	gEasyChatWord_Absolutely
0x08599D6C	rom	gEasyChatWord_And
0x08599D70	rom	gEasyChatWord_Only
0x08599D75	rom	gEasyChatWord_Around
0x08599D7C	rom	gEasyChatWord_Probably
0x08599D85	rom	gEasyChatWord_If
0x08599D88	rom	gEasyChatWord_Very
0x08599D8D	rom	gEasyChatWord_ATinyBit
0x08599D98	rom	gEasyChatWord_Wild
0x08599D9D	rom	gEasyChatWord_Thats
0x08599DA4	rom	gEasyChatWord_Just
0x08599DA9	rom	gEasyChatWord_EvenSo
0x08599DB2	rom	gEasyChatWord_MustBe
0x08599DBA	rom	gEasyChatWord_Naturally
0x08599DC4	rom	gEasyChatWord_ForNow
0x08599DCD	rom	gEasyChatWord_Understood
0x08599DD8	rom	gEasyChatWord_Joking
0x08599DDF	rom	gEasyChatWord_Ready
0x08599DE5	rom	gEasyChatWord_Something
0x08599DEF	rom	gEasyChatWord_Somehow
0x08599DF7	rom	gEasyChatWord_Although
0x08599E00	rom	gEasyChatWord_Also
0x08599E05	rom	gEasyChatWord_Perfect
0x08599E0D	rom	gEasyChatWord_AsMuchAs
0x08599E18	rom	gEasyChatWord_Really
0x08599E1F	rom	gEasyChatWord_Truly
0x08599E25	rom	gEasyChatWord_Seriously
0x08599E2F	rom	gEasyChatWord_Totally
0x08599E37	rom	gEasyChatWord_Until
0x08599E3D	rom	gEasyChatWord_AsIf
0x08599E43	rom	gEasyChatWord_Mood
0x08599E48	rom	gEasyChatWord_Rather
0x08599E4F	rom	gEasyChatWord_Awfully
0x08599E57	rom	gEasyChatWord_Mode
0x08599E5C	rom	gEasyChatWord_More
0x08599E61	rom	gEasyChatWord_TooLate
0x08599E6A	rom	gEasyChatWord_Finally
0x08599E72	rom	gEasyChatWord_Any
0x08599E76	rom	gEasyChatWord_Instead
0x08599E7E	rom	gEasyChatWord_Fantastic
0x08599E88	rom	gEasyChatGroup_Speech
0x0859A158	rom	gEasyChatWord_Will
0x0859A15D	rom	gEasyChatWord_WillBeHere
0x0859A16A	rom	gEasyChatWord_Or
0x0859A16D	rom	gEasyChatWord_Times
0x0859A173	rom	gEasyChatWord_Wonder
0x0859A17A	rom	gEasyChatWord_IsItQues
0x0859A181	rom	gEasyChatWord_Be
0x0859A184	rom	gEasyChatWord_Gimme
0x0859A18A	rom	gEasyChatWord_Could
0x0859A190	rom	gEasyChatWord_LikelyTo
0x0859A19A	rom	gEasyChatWord_Would
0x0859A1A0	rom	gEasyChatWord_Is
0x0859A1A3	rom	gEasyChatWord_IsntItQues
0x0859A1AD	rom	gEasyChatWord_Lets
0x0859A1B3	rom	gEasyChatWord_Other
0x0859A1B9	rom	gEasyChatWord_Are
0x0859A1BD	rom	gEasyChatWord_Was
0x0859A1C1	rom	gEasyChatWord_Were
0x0859A1C6	rom	gEasyChatWord_Those
0x0859A1CC	rom	gEasyChatWord_Isnt
0x0859A1D2	rom	gEasyChatWord_Wont
0x0859A1D8	rom	gEasyChatWord_Cant
0x0859A1DE	rom	gEasyChatWord_Can
0x0859A1E2	rom	gEasyChatWord_Dont
0x0859A1E8	rom	gEasyChatWord_Do
0x0859A1EB	rom	gEasyChatWord_Does
0x0859A1F0	rom	gEasyChatWord_Whom
0x0859A1F5	rom	gEasyChatWord_Which
0x0859A1FB	rom	gEasyChatWord_Wasnt
0x0859A202	rom	gEasyChatWord_Werent
0x0859A20A	rom	gEasyChatWord_Have
0x0859A20F	rom	gEasyChatWord_Havent
0x0859A217	rom	gEasyChatWord_A
0x0859A219	rom	gEasyChatWord_An
0x0859A21C	rom	gEasyChatWord_Not
0x0859A220	rom	gEasyChatWord_There
0x0859A226	rom	gEasyChatWord_OkQues
0x0859A22A	rom	gEasyChatWord_So
0x0859A22D	rom	gEasyChatWord_Maybe
0x0859A233	rom	gEasyChatWord_About
0x0859A239	rom	gEasyChatWord_Over
0x0859A23E	rom	gEasyChatWord_It
0x0859A241	rom	gEasyChatWord_All
0x0859A245	rom	gEasyChatWord_For
0x0859A249	rom	gEasyChatWord_On
0x0859A24C	rom	gEasyChatWord_Off
0x0859A250	rom	gEasyChatWord_As
0x0859A253	rom	gEasyChatWord_To
0x0859A256	rom	gEasyChatWord_With
0x0859A25B	rom	gEasyChatWord_Better
0x0859A262	rom	gEasyChatWord_Ever
0x0859A267	rom	gEasyChatWord_Since
0x0859A26D	rom	gEasyChatWord_Of
0x0859A270	rom	gEasyChatWord_BelongsTo
0x0859A27B	rom	gEasyChatWord_At
0x0859A27E	rom	gEasyChatWord_In
0x0859A281	rom	gEasyChatWord_Out
0x0859A285	rom	gEasyChatWord_Too
0x0859A289	rom	gEasyChatWord_Like
0x0859A28E	rom	gEasyChatWord_Did
0x0859A292	rom	gEasyChatWord_Didnt
0x0859A299	rom	gEasyChatWord_Doesnt
0x0859A2A1	rom	gEasyChatWord_Without
0x0859A2A9	rom	gEasyChatWord_After
0x0859A2AF	rom	gEasyChatWord_Before
0x0859A2B6	rom	gEasyChatWord_While
0x0859A2BC	rom	gEasyChatWord_Than
0x0859A2C1	rom	gEasyChatWord_Once
0x0859A2C6	rom	gEasyChatWord_Anywhere
0x0859A2D0	rom	gEasyChatGroup_Endings
0x0859A60C	rom	gEasyChatWord_Meet
0x0859A611	rom	gEasyChatWord_Play
0x0859A616	rom	gEasyChatWord_Hurried
0x0859A61E	rom	gEasyChatWord_Goes
0x0859A623	rom	gEasyChatWord_Giddy
0x0859A629	rom	gEasyChatWord_Happy
0x0859A62F	rom	gEasyChatWord_Happiness
0x0859A639	rom	gEasyChatWord_Excite
0x0859A640	rom	gEasyChatWord_Important
0x0859A64A	rom	gEasyChatWord_Funny
0x0859A650	rom	gEasyChatWord_Got
0x0859A654	rom	gEasyChatWord_GoHome
0x0859A65C	rom	gEasyChatWord_Disappointed
0x0859A669	rom	gEasyChatWord_Disappoints
0x0859A675	rom	gEasyChatWord_Sad
0x0859A679	rom	gEasyChatWord_Try
0x0859A67D	rom	gEasyChatWord_Tries
0x0859A683	rom	gEasyChatWord_Hears
0x0859A689	rom	gEasyChatWord_Think
0x0859A68F	rom	gEasyChatWord_Hear
0x0859A694	rom	gEasyChatWord_Wants
0x0859A69A	rom	gEasyChatWord_Misheard
0x0859A6A3	rom	gEasyChatWord_Dislike
0x0859A6AB	rom	gEasyChatWord_Angry
0x0859A6B1	rom	gEasyChatWord_Anger
0x0859A6B7	rom	gEasyChatWord_Scary
0x0859A6BD	rom	gEasyChatWord_Lonesome
0x0859A6C6	rom	gEasyChatWord_Disappoint
0x0859A6D1	rom	gEasyChatWord_Joy
0x0859A6D5	rom	gEasyChatWord_Gets
0x0859A6DA	rom	gEasyChatWord_Never
0x0859A6E0	rom	gEasyChatWord_Darn
0x0859A6E5	rom	gEasyChatWord_Downcast
0x0859A6EE	rom	gEasyChatWord_Incredible
0x0859A6F9	rom	gEasyChatWord_Likes
0x0859A6FF	rom	gEasyChatWord_Dislikes
0x0859A708	rom	gEasyChatWord_Boring
0x0859A70F	rom	gEasyChatWord_Care
0x0859A714	rom	gEasyChatWord_Cares
0x0859A71A	rom	gEasyChatWord_AllRight
0x0859A724	rom	gEasyChatWord_Adore
0x0859A72A	rom	gEasyChatWord_Disaster
0x0859A733	rom	gEasyChatWord_Enjoy
0x0859A739	rom	gEasyChatWord_Enjoys
0x0859A740	rom	gEasyChatWord_Eat
0x0859A744	rom	gEasyChatWord_Lacking
0x0859A74C	rom	gEasyChatWord_Bad
0x0859A750	rom	gEasyChatWord_Hard
0x0859A755	rom	gEasyChatWord_Terrible
0x0859A75E	rom	gEasyChatWord_Should
0x0859A765	rom	gEasyChatWord_Nice
0x0859A76A	rom	gEasyChatWord_Drink
0x0859A770	rom	gEasyChatWord_Surprise
0x0859A779	rom	gEasyChatWord_Fear
0x0859A77E	rom	gEasyChatWord_Want
0x0859A783	rom	gEasyChatWord_Wait
0x0859A788	rom	gEasyChatWord_Satisfied
0x0859A792	rom	gEasyChatWord_See
0x0859A796	rom	gEasyChatWord_Rare
0x0859A79B	rom	gEasyChatWord_Negative
0x0859A7A4	rom	gEasyChatWord_Done
0x0859A7A9	rom	gEasyChatWord_Danger
0x0859A7B0	rom	gEasyChatWord_Defeated
0x0859A7B9	rom	gEasyChatWord_Beat
0x0859A7BE	rom	gEasyChatWord_Great
0x0859A7C4	rom	gEasyChatWord_Romantic
0x0859A7CD	rom	gEasyChatWord_Question
0x0859A7D6	rom	gEasyChatWord_Understand
0x0859A7E1	rom	gEasyChatWord_Understands
0x0859A7F0	rom	gEasyChatGroup_Feelings
0x0859AB2C	rom	gEasyChatWord_Hot
0x0859AB30	rom	gEasyChatWord_Exists
0x0859AB37	rom	gEasyChatWord_Excess
0x0859AB3E	rom	gEasyChatWord_Approved
0x0859AB47	rom	gEasyChatWord_Has
0x0859AB4B	rom	gEasyChatWord_Good
0x0859AB50	rom	gEasyChatWord_Less
0x0859AB55	rom	gEasyChatWord_Momentum
0x0859AB5E	rom	gEasyChatWord_Going
0x0859AB64	rom	gEasyChatWord_Weird
0x0859AB6A	rom	gEasyChatWord_Busy
0x0859AB6F	rom	gEasyChatWord_Together
0x0859AB78	rom	gEasyChatWord_Full
0x0859AB7D	rom	gEasyChatWord_Absent
0x0859AB84	rom	gEasyChatWord_Being
0x0859AB8A	rom	gEasyChatWord_Need
0x0859AB8F	rom	gEasyChatWord_Tasty
0x0859AB95	rom	gEasyChatWord_Skilled
0x0859AB9D	rom	gEasyChatWord_Noisy
0x0859ABA3	rom	gEasyChatWord_Big
0x0859ABA7	rom	gEasyChatWord_Late
0x0859ABAC	rom	gEasyChatWord_Close
0x0859ABB2	rom	gEasyChatWord_Docile
0x0859ABB9	rom	gEasyChatWord_Amusing
0x0859ABC1	rom	gEasyChatWord_Entertaining
0x0859ABCE	rom	gEasyChatWord_Perfection
0x0859ABD9	rom	gEasyChatWord_Pretty
0x0859ABE0	rom	gEasyChatWord_Healthy
0x0859ABE8	rom	gEasyChatWord_Excellent
0x0859ABF2	rom	gEasyChatWord_UpsideDown
0x0859ABFE	rom	gEasyChatWord_Cold
0x0859AC03	rom	gEasyChatWord_Refreshing
0x0859AC0E	rom	gEasyChatWord_Unavoidable
0x0859AC1A	rom	gEasyChatWord_Much
0x0859AC1F	rom	gEasyChatWord_Overwhelming
0x0859AC2C	rom	gEasyChatWord_Fabulous
0x0859AC35	rom	gEasyChatWord_Else
0x0859AC3A	rom	gEasyChatWord_Expensive
0x0859AC44	rom	gEasyChatWord_Correct
0x0859AC4C	rom	gEasyChatWord_Impossible
0x0859AC57	rom	gEasyChatWord_Small
0x0859AC5D	rom	gEasyChatWord_Different
0x0859AC67	rom	gEasyChatWord_Tired
0x0859AC6D	rom	gEasyChatWord_Skill
0x0859AC73	rom	gEasyChatWord_Top
0x0859AC77	rom	gEasyChatWord_NonStop
0x0859AC80	rom	gEasyChatWord_Preposterous
0x0859AC8D	rom	gEasyChatWord_None
0x0859AC92	rom	gEasyChatWord_Nothing
0x0859AC9A	rom	gEasyChatWord_Natural
0x0859ACA2	rom	gEasyChatWord_Becomes
0x0859ACAA	rom	gEasyChatWord_Lukewarm
0x0859ACB3	rom	gEasyChatWord_Fast
0x0859ACB8	rom	gEasyChatWord_Low
0x0859ACBC	rom	gEasyChatWord_Awful
0x0859ACC2	rom	gEasyChatWord_Alone
0x0859ACC8	rom	gEasyChatWord_Bored
0x0859ACCE	rom	gEasyChatWord_Secret
0x0859ACD5	rom	gEasyChatWord_Mystery
0x0859ACDD	rom	gEasyChatWord_Lacks
0x0859ACE3	rom	gEasyChatWord_Best
0x0859ACE8	rom	gEasyChatWord_Lousy
0x0859ACEE	rom	gEasyChatWord_Mistake
0x0859ACF6	rom	gEasyChatWord_Kind
0x0859ACFB	rom	gEasyChatWord_Well
0x0859AD00	rom	gEasyChatWord_Weakened
0x0859AD09	rom	gEasyChatWord_Simple
0x0859AD10	rom	gEasyChatWord_Seems
0x0859AD16	rom	gEasyChatWord_Badly
0x0859AD1C	rom	gEasyChatGroup_Conditions
0x0859B058	rom	gEasyChatWord_Meets
0x0859B05E	rom	gEasyChatWord_Concede
0x0859B066	rom	gEasyChatWord_Give
0x0859B06B	rom	gEasyChatWord_Gives
0x0859B071	rom	gEasyChatWord_Played
0x0859B078	rom	gEasyChatWord_Plays
0x0859B07E	rom	gEasyChatWord_Collect
0x0859B086	rom	gEasyChatWord_Walking
0x0859B08E	rom	gEasyChatWord_Walks
0x0859B094	rom	gEasyChatWord_Says
0x0859B099	rom	gEasyChatWord_Went
0x0859B09E	rom	gEasyChatWord_Said
0x0859B0A3	rom	gEasyChatWord_WakeUp
0x0859B0AB	rom	gEasyChatWord_WakesUp
0x0859B0B4	rom	gEasyChatWord_Angers
0x0859B0BB	rom	gEasyChatWord_Teach
0x0859B0C1	rom	gEasyChatWord_Teaches
0x0859B0C9	rom	gEasyChatWord_Please
0x0859B0D0	rom	gEasyChatWord_Learn
0x0859B0D6	rom	gEasyChatWord_Change
0x0859B0DD	rom	gEasyChatWord_Story
0x0859B0E3	rom	gEasyChatWord_Trust
0x0859B0E9	rom	gEasyChatWord_Lavish
0x0859B0F0	rom	gEasyChatWord_Listens
0x0859B0F8	rom	gEasyChatWord_Hearing
0x0859B100	rom	gEasyChatWord_Trains
0x0859B107	rom	gEasyChatWord_Choose
0x0859B10E	rom	gEasyChatWord_Come
0x0859B113	rom	gEasyChatWord_Came
0x0859B118	rom	gEasyChatWord_Search
0x0859B11F	rom	gEasyChatWord_Make
0x0859B124	rom	gEasyChatWord_Cause
0x0859B12A	rom	gEasyChatWord_Know
0x0859B12F	rom	gEasyChatWord_Knows
0x0859B135	rom	gEasyChatWord_Refuse
0x0859B13C	rom	gEasyChatWord_Stores
0x0859B143	rom	gEasyChatWord_Brag
0x0859B148	rom	gEasyChatWord_Ignorant
0x0859B151	rom	gEasyChatWord_Thinks
0x0859B158	rom	gEasyChatWord_Believe
0x0859B160	rom	gEasyChatWord_Slide
0x0859B166	rom	gEasyChatWord_Eats
0x0859B16B	rom	gEasyChatWord_Use
0x0859B16F	rom	gEasyChatWord_Uses
0x0859B174	rom	gEasyChatWord_Using
0x0859B17A	rom	gEasyChatWord_Couldnt
0x0859B183	rom	gEasyChatWord_Capable
0x0859B18B	rom	gEasyChatWord_Disappear
0x0859B195	rom	gEasyChatWord_Appear
0x0859B19C	rom	gEasyChatWord_Throw
0x0859B1A2	rom	gEasyChatWord_Worry
0x0859B1A8	rom	gEasyChatWord_Slept
0x0859B1AE	rom	gEasyChatWord_Sleep
0x0859B1B4	rom	gEasyChatWord_Release
0x0859B1BC	rom	gEasyChatWord_Drinks
0x0859B1C3	rom	gEasyChatWord_Runs
0x0859B1C8	rom	gEasyChatWord_Run
0x0859B1CC	rom	gEasyChatWord_Works
0x0859B1D2	rom	gEasyChatWord_Working
0x0859B1DA	rom	gEasyChatWord_Talking
0x0859B1E2	rom	gEasyChatWord_Talk
0x0859B1E7	rom	gEasyChatWord_Sink
0x0859B1EC	rom	gEasyChatWord_Smack
0x0859B1F2	rom	gEasyChatWord_Pretend
0x0859B1FA	rom	gEasyChatWord_Praise
0x0859B201	rom	gEasyChatWord_Overdo
0x0859B208	rom	gEasyChatWord_Show
0x0859B20D	rom	gEasyChatWord_Looks
0x0859B213	rom	gEasyChatWord_Sees
0x0859B218	rom	gEasyChatWord_Seek
0x0859B21D	rom	gEasyChatWord_Own
0x0859B221	rom	gEasyChatWord_Take
0x0859B226	rom	gEasyChatWord_Allow
0x0859B22C	rom	gEasyChatWord_Forget
0x0859B233	rom	gEasyChatWord_Forgets
0x0859B23B	rom	gEasyChatWord_Appears
0x0859B243	rom	gEasyChatWord_Faint
0x0859B249	rom	gEasyChatWord_Fainted
0x0859B254	rom	gEasyChatGroup_Actions
0x0859B5FC	rom	gEasyChatWord_Chores
0x0859B603	rom	gEasyChatWord_Home
0x0859B608	rom	gEasyChatWord_Money
0x0859B60E	rom	gEasyChatWord_Allowance
0x0859B618	rom	gEasyChatWord_Bath
0x0859B61D	rom	gEasyChatWord_Conversation
0x0859B62A	rom	gEasyChatWord_School
0x0859B631	rom	gEasyChatWord_Commemorate
0x0859B63D	rom	gEasyChatWord_Habit
0x0859B643	rom	gEasyChatWord_Group
0x0859B649	rom	gEasyChatWord_Word
0x0859B64E	rom	gEasyChatWord_Store
0x0859B654	rom	gEasyChatWord_Service
0x0859B65C	rom	gEasyChatWord_Work
0x0859B661	rom	gEasyChatWord_System
0x0859B668	rom	gEasyChatWord_Train
0x0859B66E	rom	gEasyChatWord_Class
0x0859B674	rom	gEasyChatWord_Lessons
0x0859B67C	rom	gEasyChatWord_Information
0x0859B688	rom	gEasyChatWord_Living
0x0859B68F	rom	gEasyChatWord_Teacher
0x0859B697	rom	gEasyChatWord_Tournament
0x0859B6A2	rom	gEasyChatWord_Letter
0x0859B6A9	rom	gEasyChatWord_Event
0x0859B6AF	rom	gEasyChatWord_Digital
0x0859B6B7	rom	gEasyChatWord_Test
0x0859B6BC	rom	gEasyChatWord_DeptStore
0x0859B6C8	rom	gEasyChatWord_Television
0x0859B6D3	rom	gEasyChatWord_Phone
0x0859B6D9	rom	gEasyChatWord_Item
0x0859B6DE	rom	gEasyChatWord_Name
0x0859B6E3	rom	gEasyChatWord_News
0x0859B6E8	rom	gEasyChatWord_Popular
0x0859B6F0	rom	gEasyChatWord_Party
0x0859B6F6	rom	gEasyChatWord_Study
0x0859B6FC	rom	gEasyChatWord_Machine
0x0859B704	rom	gEasyChatWord_Mail
0x0859B709	rom	gEasyChatWord_Message
0x0859B711	rom	gEasyChatWord_Promise
0x0859B719	rom	gEasyChatWord_Dream
0x0859B71F	rom	gEasyChatWord_Kindergarten
0x0859B72C	rom	gEasyChatWord_Life
0x0859B731	rom	gEasyChatWord_Radio
0x0859B737	rom	gEasyChatWord_Rental
0x0859B73E	rom	gEasyChatWord_World
0x0859B744	rom	gEasyChatGroup_Lifestyle
0x0859B960	rom	gEasyChatWord_Idol
0x0859B965	rom	gEasyChatWord_Anime
0x0859B96B	rom	gEasyChatWord_Song
0x0859B970	rom	gEasyChatWord_Movie
0x0859B976	rom	gEasyChatWord_Sweets
0x0859B97D	rom	gEasyChatWord_Chat
0x0859B982	rom	gEasyChatWord_ChildsPlay
0x0859B98F	rom	gEasyChatWord_Toys
0x0859B994	rom	gEasyChatWord_Music
0x0859B99A	rom	gEasyChatWord_Cards
0x0859B9A0	rom	gEasyChatWord_Shopping
0x0859B9A9	rom	gEasyChatWord_Camera
0x0859B9B0	rom	gEasyChatWord_Viewing
0x0859B9B8	rom	gEasyChatWord_Spectator
0x0859B9C2	rom	gEasyChatWord_Gourmet
0x0859B9CA	rom	gEasyChatWord_Game
0x0859B9CF	rom	gEasyChatWord_Rpg
0x0859B9D3	rom	gEasyChatWord_Collection
0x0859B9DE	rom	gEasyChatWord_Complete
0x0859B9E7	rom	gEasyChatWord_Magazine
0x0859B9F0	rom	gEasyChatWord_Walk
0x0859B9F5	rom	gEasyChatWord_Bike
0x0859B9FA	rom	gEasyChatWord_Hobby
0x0859BA00	rom	gEasyChatWord_Sports
0x0859BA07	rom	gEasyChatWord_Software
0x0859BA10	rom	gEasyChatWord_Songs
0x0859BA16	rom	gEasyChatWord_Diet
0x0859BA1B	rom	gEasyChatWord_Treasure
0x0859BA24	rom	gEasyChatWord_Travel
0x0859BA2B	rom	gEasyChatWord_Dance
0x0859BA31	rom	gEasyChatWord_Channel
0x0859BA39	rom	gEasyChatWord_Making
0x0859BA40	rom	gEasyChatWord_Fishing
0x0859BA48	rom	gEasyChatWord_Date
0x0859BA4D	rom	gEasyChatWord_Design
0x0859BA54	rom	gEasyChatWord_Locomotive
0x0859BA5F	rom	gEasyChatWord_PlushDoll
0x0859BA6A	rom	gEasyChatWord_Pc
0x0859BA6D	rom	gEasyChatWord_Flowers
0x0859BA75	rom	gEasyChatWord_Hero
0x0859BA7A	rom	gEasyChatWord_Nap
0x0859BA7E	rom	gEasyChatWord_Heroine
0x0859BA86	rom	gEasyChatWord_Fashion
0x0859BA8E	rom	gEasyChatWord_Adventure
0x0859BA98	rom	gEasyChatWord_Board
0x0859BA9E	rom	gEasyChatWord_Ball
0x0859BAA3	rom	gEasyChatWord_Book
0x0859BAA8	rom	gEasyChatWord_Festival
0x0859BAB1	rom	gEasyChatWord_Comics
0x0859BAB8	rom	gEasyChatWord_Holiday
0x0859BAC0	rom	gEasyChatWord_Plans
0x0859BAC6	rom	gEasyChatWord_Trendy
0x0859BACD	rom	gEasyChatWord_Vacation
0x0859BAD6	rom	gEasyChatWord_Look
0x0859BADC	rom	gEasyChatGroup_Hobbies
0x0859BD64	rom	gEasyChatWord_Fall
0x0859BD69	rom	gEasyChatWord_Morning
0x0859BD71	rom	gEasyChatWord_Tomorrow
0x0859BD7A	rom	gEasyChatWord_Last
0x0859BD7F	rom	gEasyChatWord_Day
0x0859BD83	rom	gEasyChatWord_Sometime
0x0859BD8C	rom	gEasyChatWord_Always
0x0859BD93	rom	gEasyChatWord_Current
0x0859BD9B	rom	gEasyChatWord_Forever
0x0859BDA3	rom	gEasyChatWord_Days
0x0859BDA8	rom	gEasyChatWord_End
0x0859BDAC	rom	gEasyChatWord_Tuesday
0x0859BDB4	rom	gEasyChatWord_Yesterday
0x0859BDBE	rom	gEasyChatWord_Today
0x0859BDC4	rom	gEasyChatWord_Friday
0x0859BDCB	rom	gEasyChatWord_Monday
0x0859BDD2	rom	gEasyChatWord_Later
0x0859BDD8	rom	gEasyChatWord_Earlier
0x0859BDE0	rom	gEasyChatWord_Another
0x0859BDE8	rom	gEasyChatWord_Time
0x0859BDED	rom	gEasyChatWord_Finish
0x0859BDF4	rom	gEasyChatWord_Wednesday
0x0859BDFE	rom	gEasyChatWord_Soon
0x0859BE03	rom	gEasyChatWord_Start
0x0859BE09	rom	gEasyChatWord_Month
0x0859BE0F	rom	gEasyChatWord_Stop
0x0859BE14	rom	gEasyChatWord_Now
0x0859BE18	rom	gEasyChatWord_Final
0x0859BE1E	rom	gEasyChatWord_Next
0x0859BE23	rom	gEasyChatWord_Age
0x0859BE27	rom	gEasyChatWord_Saturday
0x0859BE30	rom	gEasyChatWord_Summer
0x0859BE37	rom	gEasyChatWord_Sunday
0x0859BE3E	rom	gEasyChatWord_Beginning
0x0859BE48	rom	gEasyChatWord_Spring
0x0859BE4F	rom	gEasyChatWord_Daytime
0x0859BE57	rom	gEasyChatWord_Winter
0x0859BE5E	rom	gEasyChatWord_Daily
0x0859BE64	rom	gEasyChatWord_Olden
0x0859BE6A	rom	gEasyChatWord_Almost
0x0859BE71	rom	gEasyChatWord_Nearly
0x0859BE78	rom	gEasyChatWord_Thursday
0x0859BE81	rom	gEasyChatWord_Nighttime
0x0859BE8B	rom	gEasyChatWord_Night
0x0859BE91	rom	gEasyChatWord_Week
0x0859BE98	rom	gEasyChatGroup_Time
0x0859C0B4	rom	gEasyChatWord_Highs
0x0859C0BA	rom	gEasyChatWord_Lows
0x0859C0BF	rom	gEasyChatWord_Um
0x0859C0C2	rom	gEasyChatWord_Rear
0x0859C0C7	rom	gEasyChatWord_Things
0x0859C0CE	rom	gEasyChatWord_Thing
0x0859C0D4	rom	gEasyChatWord_Below
0x0859C0DA	rom	gEasyChatWord_Above
0x0859C0E0	rom	gEasyChatWord_Back
0x0859C0E5	rom	gEasyChatWord_High
0x0859C0EA	rom	gEasyChatWord_Here
0x0859C0EF	rom	gEasyChatWord_Inside
0x0859C0F6	rom	gEasyChatWord_Outside
0x0859C0FE	rom	gEasyChatWord_Beside
0x0859C105	rom	gEasyChatWord_ThisIsItExcl
0x0859C111	rom	gEasyChatWord_This
0x0859C116	rom	gEasyChatWord_Every
0x0859C11C	rom	gEasyChatWord_These
0x0859C122	rom	gEasyChatWord_TheseWere
0x0859C12D	rom	gEasyChatWord_Down
0x0859C132	rom	gEasyChatWord_That
0x0859C137	rom	gEasyChatWord_ThoseAre
0x0859C141	rom	gEasyChatWord_ThoseWere
0x0859C14C	rom	gEasyChatWord_ThatsItExcl
0x0859C157	rom	gEasyChatWord_Am
0x0859C15A	rom	gEasyChatWord_ThatWas
0x0859C163	rom	gEasyChatWord_Front
0x0859C169	rom	gEasyChatWord_Up
0x0859C16C	rom	gEasyChatWord_Choice
0x0859C173	rom	gEasyChatWord_Far
0x0859C177	rom	gEasyChatWord_Away
0x0859C17C	rom	gEasyChatWord_Near
0x0859C181	rom	gEasyChatWord_Where
0x0859C187	rom	gEasyChatWord_When
0x0859C18C	rom	gEasyChatWord_What
0x0859C191	rom	gEasyChatWord_Deep
0x0859C196	rom	gEasyChatWord_Shallow
0x0859C19E	rom	gEasyChatWord_Why
0x0859C1A2	rom	gEasyChatWord_Confused
0x0859C1AB	rom	gEasyChatWord_Opposite
0x0859C1B4	rom	gEasyChatWord_Left
0x0859C1B9	rom	gEasyChatWord_Right
0x0859C1C0	rom	gEasyChatGroup_Misc
0x0859C3B8	rom	gEasyChatWord_Wandering
0x0859C3C2	rom	gEasyChatWord_Rickety
0x0859C3CA	rom	gEasyChatWord_RockSolid
0x0859C3D5	rom	gEasyChatWord_Hungry
0x0859C3DC	rom	gEasyChatWord_Tight
0x0859C3E2	rom	gEasyChatWord_Ticklish
0x0859C3EB	rom	gEasyChatWord_Twirling
0x0859C3F4	rom	gEasyChatWord_Spiraling
0x0859C3FE	rom	gEasyChatWord_Thirsty
0x0859C406	rom	gEasyChatWord_Lolling
0x0859C40E	rom	gEasyChatWord_Silky
0x0859C414	rom	gEasyChatWord_Sadly
0x0859C41A	rom	gEasyChatWord_Hopeless
0x0859C423	rom	gEasyChatWord_Useless
0x0859C42B	rom	gEasyChatWord_Drooling
0x0859C434	rom	gEasyChatWord_Exciting
0x0859C43D	rom	gEasyChatWord_Thick
0x0859C443	rom	gEasyChatWord_Smooth
0x0859C44A	rom	gEasyChatWord_Slimy
0x0859C450	rom	gEasyChatWord_Thin
0x0859C455	rom	gEasyChatWord_Break
0x0859C45B	rom	gEasyChatWord_Voracious
0x0859C465	rom	gEasyChatWord_Scatter
0x0859C46D	rom	gEasyChatWord_Awesome
0x0859C475	rom	gEasyChatWord_Wimpy
0x0859C47B	rom	gEasyChatWord_Wobbly
0x0859C482	rom	gEasyChatWord_Shaky
0x0859C488	rom	gEasyChatWord_Ripped
0x0859C48F	rom	gEasyChatWord_Shredded
0x0859C498	rom	gEasyChatWord_Increasing
0x0859C4A3	rom	gEasyChatWord_Yet
0x0859C4A7	rom	gEasyChatWord_Destroyed
0x0859C4B1	rom	gEasyChatWord_Fiery
0x0859C4B7	rom	gEasyChatWord_LoveyDovey
0x0859C4C3	rom	gEasyChatWord_Happily
0x0859C4CB	rom	gEasyChatWord_Anticipation
0x0859C4D8	rom	gEasyChatGroup_Adjectives
0x0859C688	rom	gEasyChatWord_Appeal
0x0859C68F	rom	gEasyChatWord_Events
0x0859C696	rom	gEasyChatWord_StayAtHome
0x0859C6A3	rom	gEasyChatWord_Berry
0x0859C6A9	rom	gEasyChatWord_Contest
0x0859C6B1	rom	gEasyChatWord_Mc
0x0859C6B4	rom	gEasyChatWord_Judge
0x0859C6BA	rom	gEasyChatWord_Super
0x0859C6C0	rom	gEasyChatWord_Stage
0x0859C6C6	rom	gEasyChatWord_HallOfFame
0x0859C6D3	rom	gEasyChatWord_Evolution
0x0859C6DD	rom	gEasyChatWord_Hyper
0x0859C6E3	rom	gEasyChatWord_BattleTower
0x0859C6F0	rom	gEasyChatWord_Leaders
0x0859C6F8	rom	gEasyChatWord_BattleRoom
0x0859C704	rom	gEasyChatWord_Hidden
0x0859C70B	rom	gEasyChatWord_SecretBase
0x0859C717	rom	gEasyChatWord_Blend
0x0859C71D	rom	gEasyChatWord_POKEBLOCK
0x0859C723	rom	gEasyChatWord_Master
0x0859C72A	rom	gEasyChatWord_Rank
0x0859C72F	rom	gEasyChatWord_Ribbon
0x0859C736	rom	gEasyChatWord_Crush
0x0859C73C	rom	gEasyChatWord_Direct
0x0859C743	rom	gEasyChatWord_Tower
0x0859C749	rom	gEasyChatWord_Union
0x0859C74F	rom	gEasyChatWord_Room
0x0859C754	rom	gEasyChatWord_Wireless
0x0859C75D	rom	gEasyChatWord_Frontier
0x0859C768	rom	gEasyChatGroup_Events
0x0859C8C4	rom	gEasyChatGroup_Move1
0x0859C9F8	rom	gEasyChatGroup_Move2
0x0859CB88	rom	gEasyChatWord_KthxBye
0x0859CB93	rom	gEasyChatWord_YesSirExcl
0x0859CB9D	rom	gEasyChatWord_AvantGarde
0x0859CBA9	rom	gEasyChatWord_Couple
0x0859CBB0	rom	gEasyChatWord_MuchObliged
0x0859CBBD	rom	gEasyChatWord_YeehawExcl
0x0859CBC5	rom	gEasyChatWord_Mega
0x0859CBCA	rom	gEasyChatWord_1HitKOExcl
0x0859CBD4	rom	gEasyChatWord_Destiny
0x0859CBDC	rom	gEasyChatWord_Cancel
0x0859CBE3	rom	gEasyChatWord_New
0x0859CBE7	rom	gEasyChatWord_Flatten
0x0859CBEF	rom	gEasyChatWord_Kidding
0x0859CBF7	rom	gEasyChatWord_Loser
0x0859CBFD	rom	gEasyChatWord_Losing
0x0859CC04	rom	gEasyChatWord_Happening
0x0859CC0E	rom	gEasyChatWord_HipAnd
0x0859CC16	rom	gEasyChatWord_Shake
0x0859CC1C	rom	gEasyChatWord_Shady
0x0859CC22	rom	gEasyChatWord_Upbeat
0x0859CC29	rom	gEasyChatWord_Modern
0x0859CC30	rom	gEasyChatWord_SmellYa
0x0859CC39	rom	gEasyChatWord_Bang
0x0859CC3E	rom	gEasyChatWord_Knockout
0x0859CC47	rom	gEasyChatWord_Hassle
0x0859CC4E	rom	gEasyChatWord_Winner
0x0859CC55	rom	gEasyChatWord_Fever
0x0859CC5B	rom	gEasyChatWord_Wannabe
0x0859CC63	rom	gEasyChatWord_Baby
0x0859CC68	rom	gEasyChatWord_Heart
0x0859CC6E	rom	gEasyChatWord_Old
0x0859CC72	rom	gEasyChatWord_Young
0x0859CC78	rom	gEasyChatWord_Ugly
0x0859CC80	rom	gEasyChatGroup_TrendySaying
0x0859CE0C	rom	gEasyChatGroup_Pokemon2
0x0859D004	rom	gEasyChatGroups
0x0859D0B4	rom	gEasyChatWordsByLetter_Others
0x0859D0C8	rom	gEasyChatWordsByLetter_A
0x0859D19C	rom	gEasyChatWordsByLetter_B
0x0859D248	rom	gEasyChatWordsByLetter_C
0x0859D336	rom	gEasyChatWordsByLetter_D
0x0859D3F2	rom	gEasyChatWordsByLetter_E
0x0859D468	rom	gEasyChatWordsByLetter_F
0x0859D508	rom	gEasyChatWordsByLetter_G
0x0859D5CC	rom	gEasyChatWordsByLetter_H
0x0859D696	rom	gEasyChatWordsByLetter_I
0x0859D6F6	rom	gEasyChatWordsByLetter_J
0x0859D710	rom	gEasyChatWordsByLetter_K
0x0859D752	rom	gEasyChatWordsByLetter_L
0x0859D7F6	rom	gEasyChatWordsByLetter_M
0x0859D912	rom	gEasyChatWordsByLetter_N
0x0859D97E	rom	gEasyChatWordsByLetter_O
0x0859D9D6	rom	gEasyChatWordsByLetter_P
0x0859DAA2	rom	gEasyChatWordsByLetter_Q
0x0859DAAE	rom	gEasyChatWordsByLetter_R
0x0859DB4E	rom	gEasyChatWordsByLetter_S
0x0859DD5A	rom	gEasyChatWordsByLetter_T
0x0859DE64	rom	gEasyChatWordsByLetter_U
0x0859DE94	rom	gEasyChatWordsByLetter_V
0x0859DED6	rom	gEasyChatWordsByLetter_W
0x0859DFB4	rom	gEasyChatWordsByLetter_X
0x0859DFBC	rom	gEasyChatWordsByLetter_Y
0x0859DFE2	rom	gEasyChatWordsByLetter_Z
0x0859DFF2	rom	gEasyChatWordsByLetter_UnusedJapaneseHi
0x0859E060	rom	gEasyChatWordsByLetter_UnusedJapaneseFu
0x0859E0EE	rom	gEasyChatWordsByLetter_UnusedJapaneseHe
0x0859E12E	rom	gEasyChatWordsByLetter_UnusedJapaneseHo
0x0859E19C	rom	gEasyChatWordsByLetter_UnusedJapaneseMa
0x0859E230	rom	gEasyChatWordsByLetter_UnusedJapaneseMi
0x0859E27A	rom	gEasyChatWordsByLetter_UnusedJapaneseMu
0x0859E292	rom	gEasyChatWordsByLetter_UnusedJapaneseMe
0x0859E2C6	rom	gEasyChatWordsByLetter_UnusedJapaneseMo
0x0859E2EE	rom	gEasyChatWordsByLetter_UnusedJapaneseYa
0x0859E31E	rom	gEasyChatWordsByLetter_UnusedJapaneseYu
0x0859E338	rom	gEasyChatWordsByLetter_UnusedJapaneseYo
0x0859E370	rom	gEasyChatWordsByLetter_UnusedJapaneseRa
0x0859E3B8	rom	gEasyChatWordsByLetter_UnusedJapaneseRi
0x0859E3DA	rom	gEasyChatWordsByLetter_UnusedJapaneseRu
0x0859E3F0	rom	gEasyChatWordsByLetter_UnusedJapaneseRe
0x0859E414	rom	gEasyChatWordsByLetter_UnusedJapaneseRo
0x0859E428	rom	gEasyChatWordsByLetter_UnusedJapaneseWa
0x0859E46C	rom	gEasyChatWordsByLetterPointers
0x0859E5D4	rom	sEasyChatGroupNamePointers
0x0859E62C	rom	sDefaultProfileWords
0x0859E634	rom	sDefaultBattleStartWords
0x0859E640	rom	sDefaultBattleWonWords
0x0859E64C	rom	sDefaultBattleLostWords
0x0859E658	rom	sRestrictedWordSpecies
0x0859E65C	rom	sMonMarkings_Pal
0x0859E67C	rom	sMonMarkings_Gfx
0x0859EE7C	rom	sOamData_MenuWindow
0x0859EE84	rom	sOamData_8x8
0x0859EE8C	rom	sAnim_Marking_CircleOff
0x0859EE94	rom	sAnim_Marking_CircleOn
0x0859EE9C	rom	sAnim_Marking_SquareOff
0x0859EEA4	rom	sAnim_Marking_SquareOn
0x0859EEAC	rom	sAnim_Marking_TriangleOff
0x0859EEB4	rom	sAnim_Marking_TriangleOn
0x0859EEBC	rom	sAnim_Marking_HeartOff
0x0859EEC4	rom	sAnim_Marking_HeartOn
0x0859EECC	rom	sAnim_Cursor
0x0859EED4	rom	sAnim_OKCancelText
0x0859EEDC	rom	sAnims_MenuSprite
0x0859EF04	rom	sAnim_MenuWindow_UpperHalf
0x0859EF0C	rom	sAnim_MenuWindow_LowerHalf
0x0859EF14	rom	sAnims_MenuWindow
0x0859EF1C	rom	sOamData_MarkingCombo
0x0859EF24	rom	sAnim_MarkingCombo_AllOff
0x0859EF2C	rom	sAnim_MarkingCombo_Circle
0x0859EF34	rom	sAnim_MarkingCombo_Square
0x0859EF3C	rom	sAnim_MarkingCombo_CircleSquare
0x0859EF44	rom	sAnim_MarkingCombo_Triangle
0x0859EF4C	rom	sAnim_MarkingCombo_CircleTriangle
0x0859EF54	rom	sAnim_MarkingCombo_SquareTriangle
0x0859EF5C	rom	sAnim_MarkingCombo_CircleSquareTriangle
0x0859EF64	rom	sAnim_MarkingCombo_Heart
0x0859EF6C	rom	sAnim_MarkingCombo_CircleHeart
0x0859EF74	rom	sAnim_MarkingCombo_SquareHeart
0x0859EF7C	rom	sAnim_MarkingCombo_CircleSquareHeart
0x0859EF84	rom	sAnim_MarkingCombo_TriangleHeart
0x0859EF8C	rom	sAnim_MarkingCombo_CircleTriangleHeart
0x0859EF94	rom	sAnim_MarkingCombo_SquareTriangleHeart
0x0859EF9C	rom	sAnim_MarkingCombo_AllOn
0x0859EFA4	rom	sAnims_MarkingCombo
0x0859EFE4	rom	sDefaultBardSongLyrics
0x0859EFF0	rom	sGiddyAdjectives
0x0859F010	rom	sGiddyQuestions
0x0859F048	rom	sStorytellerStories
0x0859F288	rom	sNumStories
0x0859F28C	rom	sUnused
0x0859F290	rom	sBgTemplates
0x0859F29C	rom	sWindowTemplates
0x0859F2AC	rom	sTextColors
0x0859F2B0	rom	sBgColors
0x0859F2B8	rom	sMailGraphics
0x0859F3A8	rom	sLineLayouts_Wide
0x0859F3B4	rom	sMailLayouts_Wide
0x0859F444	rom	sLineLayouts_Tall
0x0859F458	rom	sMailLayouts_Tall
0x0859F4E8	rom	sOamData_SwapLine
0x0859F4F0	rom	sAnim_SwapLine_RightArrow
0x0859F4F8	rom	sAnim_SwapLine_Line
0x0859F500	rom	sAnim_SwapLine_LeftArrow
0x0859F508	rom	sAnims_SwapLine
0x0859F514	rom	sSpriteSheet_SwapLine
0x0859F51C	rom	sSpritePalette_SwapLine
0x0859F524	rom	sSpriteTemplate_SwapLine
0x0859F53C	rom	sHealLocations
0x0859F5EC	rom	sWhiteoutRespawnHealCenterMapIdxs
0x0859F5EC	rom	sWhiteoutRespawnHealerNpcIds
0x0859F5EC	rom	sRegionMapCursorPal
0x0859F60C	rom	sRegionMapCursorSmallGfxLZ
0x0859F650	rom	sRegionMapCursorLargeGfxLZ
0x0859F73C	rom	sRegionMapBg_Pal
0x0859F77C	rom	sRegionMapBg_GfxLZ
0x085A04E0	rom	sRegionMapBg_TilemapLZ
0x085A082C	rom	sRegionMapPlayerIcon_BrendanPal
0x085A084C	rom	sRegionMapPlayerIcon_BrendanGfx
0x085A08CC	rom	sRegionMapPlayerIcon_MayPal
0x085A08EC	rom	sRegionMapPlayerIcon_MayGfx
0x085A096C	rom	sRegionMap_MapSectionLayout
0x085A0B10	rom	sMapName_LITTLEROOT_TOWN
0x085A0B20	rom	sMapName_OLDALE_TOWN
0x085A0B2C	rom	sMapName_DEWFORD_TOWN
0x085A0B39	rom	sMapName_LAVARIDGE_TOWN
0x085A0B48	rom	sMapName_FALLARBOR_TOWN
0x085A0B57	rom	sMapName_VERDANTURF_TOWN
0x085A0B67	rom	sMapName_PACIFIDLOG_TOWN
0x085A0B77	rom	sMapName_PETALBURG_CITY
0x085A0B86	rom	sMapName_SLATEPORT_CITY
0x085A0B95	rom	sMapName_MAUVILLE_CITY
0x085A0BA3	rom	sMapName_RUSTBORO_CITY
0x085A0BB1	rom	sMapName_FORTREE_CITY
0x085A0BBE	rom	sMapName_LILYCOVE_CITY
0x085A0BCC	rom	sMapName_MOSSDEEP_CITY
0x085A0BDA	rom	sMapName_SOOTOPOLIS_CITY
0x085A0BEA	rom	sMapName_EVER_GRANDE_CITY
0x085A0BFB	rom	sMapName_ROUTE_101
0x085A0C05	rom	sMapName_ROUTE_102
0x085A0C0F	rom	sMapName_ROUTE_103
0x085A0C19	rom	sMapName_ROUTE_104
0x085A0C23	rom	sMapName_ROUTE_105
0x085A0C2D	rom	sMapName_ROUTE_106
0x085A0C37	rom	sMapName_ROUTE_107
0x085A0C41	rom	sMapName_ROUTE_108
0x085A0C4B	rom	sMapName_ROUTE_109
0x085A0C55	rom	sMapName_ROUTE_110
0x085A0C5F	rom	sMapName_ROUTE_111
0x085A0C69	rom	sMapName_ROUTE_112
0x085A0C73	rom	sMapName_ROUTE_113
0x085A0C7D	rom	sMapName_ROUTE_114
0x085A0C87	rom	sMapName_ROUTE_115
0x085A0C91	rom	sMapName_ROUTE_116
0x085A0C9B	rom	sMapName_ROUTE_117
0x085A0CA5	rom	sMapName_ROUTE_118
0x085A0CAF	rom	sMapName_ROUTE_119
0x085A0CB9	rom	sMapName_ROUTE_120
0x085A0CC3	rom	sMapName_ROUTE_121
0x085A0CCD	rom	sMapName_ROUTE_122
0x085A0CD7	rom	sMapName_ROUTE_123
0x085A0CE1	rom	sMapName_ROUTE_124
0x085A0CEB	rom	sMapName_ROUTE_125
0x085A0CF5	rom	sMapName_ROUTE_126
0x085A0CFF	rom	sMapName_ROUTE_127
0x085A0D09	rom	sMapName_ROUTE_128
0x085A0D13	rom	sMapName_ROUTE_129
0x085A0D1D	rom	sMapName_ROUTE_130
0x085A0D27	rom	sMapName_ROUTE_131
0x085A0D31	rom	sMapName_ROUTE_132
0x085A0D3B	rom	sMapName_ROUTE_133
0x085A0D45	rom	sMapName_ROUTE_134
0x085A0D4F	rom	sMapName_UNDERWATER
0x085A0D5A	rom	sMapName_GRANITE_CAVE
0x085A0D67	rom	sMapName_MT__CHIMNEY
0x085A0D73	rom	sMapName_SAFARI_ZONE
0x085A0D7F	rom	sMapName_BATTLE_FRONTIER
0x085A0D8F	rom	sMapName_PETALBURG_WOODS
0x085A0D9F	rom	sMapName_RUSTURF_TUNNEL
0x085A0DAE	rom	sMapName_ABANDONED_SHIP
0x085A0DBD	rom	sMapName_NEW_MAUVILLE
0x085A0DCA	rom	sMapName_METEOR_FALLS
0x085A0DD7	rom	sMapName_MT__PYRE
0x085A0DE0	rom	sMapName__AQUA__HIDEOUT_Clone
0x085A0DEB	rom	sMapName_SHOAL_CAVE
0x085A0DF6	rom	sMapName_SEAFLOOR_CAVERN
0x085A0E06	rom	sMapName_VICTORY_ROAD
0x085A0E13	rom	sMapName_MIRAGE_ISLAND
0x085A0E21	rom	sMapName_CAVE_OF_ORIGIN
0x085A0E30	rom	sMapName_SOUTHERN_ISLAND
0x085A0E40	rom	sMapName_FIERY_PATH
0x085A0E4B	rom	sMapName_JAGGED_PASS
0x085A0E57	rom	sMapName_SEALED_CHAMBER
0x085A0E66	rom	sMapName_SCORCHED_SLAB
0x085A0E74	rom	sMapName_ISLAND_CAVE
0x085A0E80	rom	sMapName_DESERT_RUINS
0x085A0E8D	rom	sMapName_ANCIENT_TOMB
0x085A0E9A	rom	sMapName_INSIDE_OF_TRUCK
0x085A0EAA	rom	sMapName_SKY_PILLAR
0x085A0EB5	rom	sMapName_SECRET_BASE
0x085A0EC1	rom	sMapName_
0x085A0EC2	rom	sMapName_PALLET_TOWN
0x085A0ECE	rom	sMapName_VIRIDIAN_CITY
0x085A0EDC	rom	sMapName_PEWTER_CITY
0x085A0EE8	rom	sMapName_CERULEAN_CITY
0x085A0EF6	rom	sMapName_LAVENDER_TOWN
0x085A0F04	rom	sMapName_VERMILION_CITY
0x085A0F13	rom	sMapName_CELADON_CITY
0x085A0F20	rom	sMapName_FUCHSIA_CITY
0x085A0F2D	rom	sMapName_CINNABAR_ISLAND
0x085A0F3D	rom	sMapName_INDIGO_PLATEAU
0x085A0F4C	rom	sMapName_SAFFRON_CITY
0x085A0F59	rom	sMapName_ROUTE_4_Clone
0x085A0F61	rom	sMapName_ROUTE_10_Clone
0x085A0F6A	rom	sMapName_ROUTE_1
0x085A0F72	rom	sMapName_ROUTE_2
0x085A0F7A	rom	sMapName_ROUTE_3
0x085A0F82	rom	sMapName_ROUTE_4
0x085A0F8A	rom	sMapName_ROUTE_5
0x085A0F92	rom	sMapName_ROUTE_6
0x085A0F9A	rom	sMapName_ROUTE_7
0x085A0FA2	rom	sMapName_ROUTE_8
0x085A0FAA	rom	sMapName_ROUTE_9
0x085A0FB2	rom	sMapName_ROUTE_10
0x085A0FBB	rom	sMapName_ROUTE_11
0x085A0FC4	rom	sMapName_ROUTE_12
0x085A0FCD	rom	sMapName_ROUTE_13
0x085A0FD6	rom	sMapName_ROUTE_14
0x085A0FDF	rom	sMapName_ROUTE_15
0x085A0FE8	rom	sMapName_ROUTE_16
0x085A0FF1	rom	sMapName_ROUTE_17
0x085A0FFA	rom	sMapName_ROUTE_18
0x085A1003	rom	sMapName_ROUTE_19
0x085A100C	rom	sMapName_ROUTE_20
0x085A1015	rom	sMapName_ROUTE_21
0x085A101E	rom	sMapName_ROUTE_22
0x085A1027	rom	sMapName_ROUTE_23
0x085A1030	rom	sMapName_ROUTE_24
0x085A1039	rom	sMapName_ROUTE_25
0x085A1042	rom	sMapName_VIRIDIAN_FOREST
0x085A1052	rom	sMapName_MT__MOON
0x085A105B	rom	sMapName_S_S__ANNE
0x085A1065	rom	sMapName_UNDERGROUND_PATH
0x085A1076	rom	sMapName_UNDERGROUND_PATH_Clone
0x085A1087	rom	sMapName_DIGLETT_S_CAVE
0x085A1096	rom	sMapName_VICTORY_ROAD_Clone
0x085A10A3	rom	sMapName_ROCKET_HIDEOUT
0x085A10B2	rom	sMapName_SILPH_CO_
0x085A10BC	rom	sMapName_POK__MON_MANSION
0x085A10CC	rom	sMapName_SAFARI_ZONE_Clone
0x085A10D8	rom	sMapName_POK__MON_LEAGUE
0x085A10E7	rom	sMapName_ROCK_TUNNEL
0x085A10F3	rom	sMapName_SEAFOAM_ISLANDS
0x085A1103	rom	sMapName_POK__MON_TOWER
0x085A1111	rom	sMapName_CERULEAN_CAVE
0x085A111F	rom	sMapName_POWER_PLANT
0x085A112B	rom	sMapName_ONE_ISLAND
0x085A1136	rom	sMapName_TWO_ISLAND
0x085A1141	rom	sMapName_THREE_ISLAND
0x085A114E	rom	sMapName_FOUR_ISLAND
0x085A115A	rom	sMapName_FIVE_ISLAND
0x085A1166	rom	sMapName_SEVEN_ISLAND
0x085A1173	rom	sMapName_SIX_ISLAND
0x085A117E	rom	sMapName_KINDLE_ROAD
0x085A118A	rom	sMapName_TREASURE_BEACH
0x085A1199	rom	sMapName_CAPE_BRINK
0x085A11A4	rom	sMapName_BOND_BRIDGE
0x085A11B0	rom	sMapName_THREE_ISLE_PORT
0x085A11C0	rom	sMapName_SEVII_ISLE_6
0x085A11CD	rom	sMapName_SEVII_ISLE_7
0x085A11DA	rom	sMapName_SEVII_ISLE_8
0x085A11E7	rom	sMapName_SEVII_ISLE_9
0x085A11F4	rom	sMapName_RESORT_GORGEOUS
0x085A1204	rom	sMapName_WATER_LABYRINTH
0x085A1214	rom	sMapName_FIVE_ISLE_MEADOW
0x085A1225	rom	sMapName_MEMORIAL_PILLAR
0x085A1235	rom	sMapName_OUTCAST_ISLAND
0x085A1244	rom	sMapName_GREEN_PATH
0x085A124F	rom	sMapName_WATER_PATH
0x085A125A	rom	sMapName_RUIN_VALLEY
0x085A1266	rom	sMapName_TRAINER_TOWER
0x085A1274	rom	sMapName_CANYON_ENTRANCE
0x085A1284	rom	sMapName_SEVAULT_CANYON
0x085A1293	rom	sMapName_TANOBY_RUINS
0x085A12A0	rom	sMapName_SEVII_ISLE_22
0x085A12AE	rom	sMapName_SEVII_ISLE_23
0x085A12BC	rom	sMapName_SEVII_ISLE_24
0x085A12CA	rom	sMapName_NAVEL_ROCK
0x085A12D5	rom	sMapName_MT__EMBER
0x085A12DF	rom	sMapName_BERRY_FOREST
0x085A12EC	rom	sMapName_ICEFALL_CAVE
0x085A12F9	rom	sMapName_ROCKET_WAREHOUSE
0x085A130A	rom	sMapName_TRAINER_TOWER_Clone
0x085A1318	rom	sMapName_DOTTED_HOLE
0x085A1324	rom	sMapName_LOST_CAVE
0x085A132E	rom	sMapName_PATTERN_BUSH
0x085A133B	rom	sMapName_ALTERING_CAVE
0x085A1349	rom	sMapName_TANOBY_CHAMBERS
0x085A1359	rom	sMapName_THREE_ISLE_PATH
0x085A1369	rom	sMapName_TANOBY_KEY
0x085A1374	rom	sMapName_BIRTH_ISLAND
0x085A1381	rom	sMapName_MONEAN_CHAMBER
0x085A1390	rom	sMapName_LIPTOO_CHAMBER
0x085A139F	rom	sMapName_WEEPTH_CHAMBER
0x085A13AE	rom	sMapName_DILFORD_CHAMBER
0x085A13BE	rom	sMapName_SCUFIB_CHAMBER
0x085A13CD	rom	sMapName_RIXY_CHAMBER
0x085A13DA	rom	sMapName_VIAPOIS_CHAMBER
0x085A13EA	rom	sMapName_EMBER_SPA
0x085A13F4	rom	sMapName_SPECIAL_AREA
0x085A1401	rom	sMapName_AQUA_HIDEOUT
0x085A140E	rom	sMapName_MAGMA_HIDEOUT
0x085A141C	rom	sMapName_MIRAGE_TOWER
0x085A1429	rom	sMapName_FARAWAY_ISLAND
0x085A1438	rom	sMapName_ARTISAN_CAVE
0x085A1445	rom	sMapName_MARINE_CAVE
0x085A1451	rom	sMapName_TERRA_CAVE
0x085A145C	rom	sMapName_DESERT_UNDERPASS
0x085A146D	rom	sMapName_TRAINER_HILL
0x085A147C	rom	gRegionMapEntries
0x085A1B24	rom	sRegionMap_SpecialPlaceLocations
0x085A1B84	rom	sMarineCaveMapSecIds
0x085A1B8A	rom	sTerraOrMarineCaveMapSecIds
0x085A1BAC	rom	sMarineCaveLocationCoords
0x085A1BCC	rom	sMapSecAquaHideoutOld
0x085A1BD0	rom	sRegionMapCursorOam
0x085A1BD8	rom	sRegionMapCursorAnim1
0x085A1BE4	rom	sRegionMapCursorAnim2
0x085A1BF8	rom	sRegionMapCursorAnimTable
0x085A1C00	rom	sRegionMapCursorSpritePalette
0x085A1C08	rom	sRegionMapCursorSpriteTemplate
0x085A1C20	rom	sRegionMapPlayerIconOam
0x085A1C28	rom	sRegionMapPlayerIconAnim1
0x085A1C30	rom	sRegionMapPlayerIconAnimTable
0x085A1C34	rom	sMapSecIdsOffMap
0x085A1C38	rom	sRegionMapFramePal
0x085A1C58	rom	sRegionMapFrameGfxLZ
0x085A1C90	rom	sRegionMapFrameTilemapLZ
0x085A1D48	rom	sFlyTargetIcons_Pal
0x085A1D68	rom	sFlyTargetIcons_Gfx
0x085A1E3C	rom	sMapHealLocations
0x085A1ED4	rom	sEverGrandeCityNames
0x085A1EDC	rom	sMultiNameFlyDestinations
0x085A1EE4	rom	sFlyMapBgTemplates
0x085A1EF0	rom	sFlyMapWindowTemplates
0x085A1F10	rom	sFlyTargetIconsSpritePalette
0x085A1F18	rom	sRedOutlineFlyDestinations
0x085A1F20	rom	sFlyDestIcon_OamData
0x085A1F28	rom	sFlyDestIcon_Anim_8x8CanFly
0x085A1F30	rom	sFlyDestIcon_Anim_16x8CanFly
0x085A1F38	rom	sFlyDestIcon_Anim_8x16CanFly
0x085A1F40	rom	sFlyDestIcon_Anim_8x8CantFly
0x085A1F48	rom	sFlyDestIcon_Anim_16x8CantFly
0x085A1F50	rom	sFlyDestIcon_Anim_8x16CantFly
0x085A1F58	rom	sFlyDestIcon_Anim_RedOutline
0x085A1F60	rom	sFlyDestIcon_Anims
0x085A1F7C	rom	sFlyDestIconSpriteTemplate
0x085A1F94	rom	sPointillismPoints
0x085A4514	rom	DecorGfx_SMALL_DESK
0x085A4516	rom	DecorGfx_POKEMON_DESK
0x085A4518	rom	DecorGfx_HEAVY_DESK
0x085A4524	rom	DecorGfx_RAGGED_DESK
0x085A4530	rom	DecorGfx_COMFORT_DESK
0x085A453C	rom	DecorGfx_PRETTY_DESK
0x085A454E	rom	DecorGfx_BRICK_DESK
0x085A4560	rom	DecorGfx_CAMP_DESK
0x085A4572	rom	DecorGfx_HARD_DESK
0x085A4584	rom	DecorGfx_SMALL_CHAIR
0x085A4586	rom	DecorGfx_POKEMON_CHAIR
0x085A4588	rom	DecorGfx_HEAVY_CHAIR
0x085A458A	rom	DecorGfx_PRETTY_CHAIR
0x085A458C	rom	DecorGfx_COMFORT_CHAIR
0x085A458E	rom	DecorGfx_RAGGED_CHAIR
0x085A4590	rom	DecorGfx_BRICK_CHAIR
0x085A4592	rom	DecorGfx_CAMP_CHAIR
0x085A4594	rom	DecorGfx_HARD_CHAIR
0x085A4596	rom	DecorGfx_RED_PLANT
0x085A459A	rom	DecorGfx_TROPICAL_PLANT
0x085A459E	rom	DecorGfx_PRETTY_FLOWERS
0x085A45A2	rom	DecorGfx_COLORFUL_PLANT
0x085A45AA	rom	DecorGfx_BIG_PLANT
0x085A45B2	rom	DecorGfx_GORGEOUS_PLANT
0x085A45BA	rom	DecorGfx_RED_BRICK
0x085A45BE	rom	DecorGfx_YELLOW_BRICK
0x085A45C2	rom	DecorGfx_BLUE_BRICK
0x085A45C6	rom	DecorGfx_RED_BALLOON
0x085A45C8	rom	DecorGfx_BLUE_BALLOON
0x085A45CA	rom	DecorGfx_YELLOW_BALLOON
0x085A45CC	rom	DecorGfx_RED_TENT
0x085A45DE	rom	DecorGfx_BLUE_TENT
0x085A45F0	rom	DecorGfx_SOLID_BOARD
0x085A45F4	rom	DecorGfx_SLIDE
0x085A4604	rom	DecorGfx_FENCE_LENGTH
0x085A4606	rom	DecorGfx_FENCE_WIDTH
0x085A4608	rom	DecorGfx_TIRE
0x085A4610	rom	DecorGfx_STAND
0x085A4620	rom	DecorGfx_MUD_BALL
0x085A4622	rom	DecorGfx_BREAKABLE_DOOR
0x085A4626	rom	DecorGfx_SAND_ORNAMENT
0x085A462A	rom	DecorGfx_SILVER_SHIELD
0x085A462E	rom	DecorGfx_GOLD_SHIELD
0x085A4632	rom	DecorGfx_GLASS_ORNAMENT
0x085A4636	rom	DecorGfx_TV
0x085A4638	rom	DecorGfx_ROUND_TV
0x085A463A	rom	DecorGfx_CUTE_TV
0x085A463C	rom	DecorGfx_GLITTER_MAT
0x085A463E	rom	DecorGfx_JUMP_MAT
0x085A4640	rom	DecorGfx_SPIN_MAT
0x085A4642	rom	DecorGfx_C_LOW_NOTE_MAT
0x085A4644	rom	DecorGfx_D_NOTE_MAT
0x085A4646	rom	DecorGfx_E_NOTE_MAT
0x085A4648	rom	DecorGfx_F_NOTE_MAT
0x085A464A	rom	DecorGfx_G_NOTE_MAT
0x085A464C	rom	DecorGfx_A_NOTE_MAT
0x085A464E	rom	DecorGfx_B_NOTE_MAT
0x085A4650	rom	DecorGfx_C_HIGH_NOTE_MAT
0x085A4652	rom	DecorGfx_SURF_MAT
0x085A4664	rom	DecorGfx_THUNDER_MAT
0x085A4676	rom	DecorGfx_FIRE_BLAST_MAT
0x085A4688	rom	DecorGfx_POWDER_SNOW_MAT
0x085A469A	rom	DecorGfx_ATTRACT_MAT
0x085A46AC	rom	DecorGfx_FISSURE_MAT
0x085A46BE	rom	DecorGfx_SPIKES_MAT
0x085A46D0	rom	DecorGfx_BALL_POSTER
0x085A46D2	rom	DecorGfx_GREEN_POSTER
0x085A46D4	rom	DecorGfx_RED_POSTER
0x085A46D6	rom	DecorGfx_BLUE_POSTER
0x085A46D8	rom	DecorGfx_CUTE_POSTER
0x085A46DA	rom	DecorGfx_PIKA_POSTER
0x085A46DE	rom	DecorGfx_LONG_POSTER
0x085A46E2	rom	DecorGfx_SEA_POSTER
0x085A46E6	rom	DecorGfx_SKY_POSTER
0x085A46EA	rom	DecorGfx_KISS_POSTER
0x085A46EE	rom	DecorGfx_PICHU_DOLL
0x085A46F0	rom	DecorGfx_PIKACHU_DOLL
0x085A46F2	rom	DecorGfx_MARILL_DOLL
0x085A46F4	rom	DecorGfx_TOGEPI_DOLL
0x085A46F6	rom	DecorGfx_CYNDAQUIL_DOLL
0x085A46F8	rom	DecorGfx_CHIKORITA_DOLL
0x085A46FA	rom	DecorGfx_TOTODILE_DOLL
0x085A46FC	rom	DecorGfx_JIGGLYPUFF_DOLL
0x085A46FE	rom	DecorGfx_MEOWTH_DOLL
0x085A4700	rom	DecorGfx_CLEFAIRY_DOLL
0x085A4702	rom	DecorGfx_DITTO_DOLL
0x085A4704	rom	DecorGfx_SMOOCHUM_DOLL
0x085A4706	rom	DecorGfx_TREECKO_DOLL
0x085A4708	rom	DecorGfx_TORCHIC_DOLL
0x085A470A	rom	DecorGfx_MUDKIP_DOLL
0x085A470C	rom	DecorGfx_DUSKULL_DOLL
0x085A470E	rom	DecorGfx_WYNAUT_DOLL
0x085A4710	rom	DecorGfx_BALTOY_DOLL
0x085A4712	rom	DecorGfx_KECLEON_DOLL
0x085A4714	rom	DecorGfx_AZURILL_DOLL
0x085A4716	rom	DecorGfx_SKITTY_DOLL
0x085A4718	rom	DecorGfx_SWABLU_DOLL
0x085A471A	rom	DecorGfx_GULPIN_DOLL
0x085A471C	rom	DecorGfx_LOTAD_DOLL
0x085A471E	rom	DecorGfx_SEEDOT_DOLL
0x085A4720	rom	DecorGfx_PIKA_CUSHION
0x085A4722	rom	DecorGfx_ROUND_CUSHION
0x085A4724	rom	DecorGfx_KISS_CUSHION
0x085A4726	rom	DecorGfx_ZIGZAG_CUSHION
0x085A4728	rom	DecorGfx_SPIN_CUSHION
0x085A472A	rom	DecorGfx_DIAMOND_CUSHION
0x085A472C	rom	DecorGfx_BALL_CUSHION
0x085A472E	rom	DecorGfx_GRASS_CUSHION
0x085A4730	rom	DecorGfx_FIRE_CUSHION
0x085A4732	rom	DecorGfx_WATER_CUSHION
0x085A4734	rom	DecorGfx_SNORLAX_DOLL
0x085A4736	rom	DecorGfx_RHYDON_DOLL
0x085A4738	rom	DecorGfx_LAPRAS_DOLL
0x085A473A	rom	DecorGfx_VENUSAUR_DOLL
0x085A473C	rom	DecorGfx_CHARIZARD_DOLL
0x085A473E	rom	DecorGfx_BLASTOISE_DOLL
0x085A4740	rom	DecorGfx_WAILMER_DOLL
0x085A4742	rom	DecorGfx_REGIROCK_DOLL
0x085A4744	rom	DecorGfx_REGICE_DOLL
0x085A4746	rom	DecorGfx_REGISTEEL_DOLL
0x085A4748	rom	DecorDesc_SMALL_DESK
0x085A4764	rom	DecorDesc_POKEMON_DESK
0x085A4794	rom	DecorDesc_HEAVY_DESK
0x085A47CC	rom	DecorDesc_RAGGED_DESK
0x085A4803	rom	DecorDesc_COMFORT_DESK
0x085A483C	rom	DecorDesc_PRETTY_DESK
0x085A4872	rom	DecorDesc_BRICK_DESK
0x085A48A8	rom	DecorDesc_CAMP_DESK
0x085A48E1	rom	DecorDesc_HARD_DESK
0x085A4914	rom	DecorDesc_SMALL_CHAIR
0x085A4930	rom	DecorDesc_POKEMON_CHAIR
0x085A4961	rom	DecorDesc_HEAVY_CHAIR
0x085A497E	rom	DecorDesc_PRETTY_CHAIR
0x085A499B	rom	DecorDesc_COMFORT_CHAIR
0x085A49B9	rom	DecorDesc_RAGGED_CHAIR
0x085A49D5	rom	DecorDesc_BRICK_CHAIR
0x085A49F2	rom	DecorDesc_CAMP_CHAIR
0x085A4A0E	rom	DecorDesc_HARD_CHAIR
0x085A4A2A	rom	DecorDesc_RED_PLANT
0x085A4A44	rom	DecorDesc_TROPICAL_PLANT
0x085A4A69	rom	DecorDesc_PRETTY_FLOWERS
0x085A4A80	rom	DecorDesc_COLORFUL_PLANT
0x085A4AA8	rom	DecorDesc_BIG_PLANT
0x085A4AD6	rom	DecorDesc_GORGEOUS_PLANT
0x085A4AFE	rom	DecorDesc_RED_BRICK
0x085A4B35	rom	DecorDesc_YELLOW_BRICK
0x085A4B6A	rom	DecorDesc_BLUE_BRICK
0x085A4B9D	rom	DecorDesc_RED_BALLOON
0x085A4BD4	rom	DecorDesc_BLUE_BALLOON
0x085A4C0C	rom	DecorDesc_YELLOW_BALLOON
0x085A4C44	rom	DecorDesc_RED_TENT
0x085A4C6E	rom	DecorDesc_BLUE_TENT
0x085A4C99	rom	DecorDesc_SOLID_BOARD
0x085A4CC7	rom	DecorDesc_SLIDE
0x085A4CEC	rom	DecorDesc_FENCE_LENGTH
0x085A4D0F	rom	DecorDesc_FENCE_WIDTH
0x085A4D32	rom	DecorDesc_TIRE
0x085A4D67	rom	DecorDesc_STAND
0x085A4D84	rom	DecorDesc_MUD_BALL
0x085A4DB1	rom	DecorDesc_BREAKABLE_DOOR
0x085A4DE2	rom	DecorDesc_SAND_ORNAMENT
0x085A4E11	rom	DecorDesc_SILVER_SHIELD
0x085A4E43	rom	DecorDesc_GOLD_SHIELD
0x085A4E76	rom	DecorDesc_GLASS_ORNAMENT
0x085A4EAF	rom	DecorDesc_TV
0x085A4ECE	rom	DecorDesc_ROUND_TV
0x085A4EF9	rom	DecorDesc_CUTE_TV
0x085A4F24	rom	DecorDesc_GLITTER_MAT
0x085A4F4C	rom	DecorDesc_JUMP_MAT
0x085A4F7A	rom	DecorDesc_SPIN_MAT
0x085A4FA9	rom	DecorDesc_C_LOW_NOTE_MAT
0x085A4FD8	rom	DecorDesc_D_NOTE_MAT
0x085A5003	rom	DecorDesc_E_NOTE_MAT
0x085A502F	rom	DecorDesc_F_NOTE_MAT
0x085A505B	rom	DecorDesc_G_NOTE_MAT
0x085A5086	rom	DecorDesc_A_NOTE_MAT
0x085A50B2	rom	DecorDesc_B_NOTE_MAT
0x085A50DD	rom	DecorDesc_C_HIGH_NOTE_MAT
0x085A510D	rom	DecorDesc_SURF_MAT
0x085A5141	rom	DecorDesc_THUNDER_MAT
0x085A5178	rom	DecorDesc_FIRE_BLAST_MAT
0x085A51B2	rom	DecorDesc_POWDER_SNOW_MAT
0x085A51EB	rom	DecorDesc_ATTRACT_MAT
0x085A5223	rom	DecorDesc_FISSURE_MAT
0x085A525A	rom	DecorDesc_SPIKES_MAT
0x085A5290	rom	DecorDesc_BALL_POSTER
0x085A52B8	rom	DecorDesc_GREEN_POSTER
0x085A52DD	rom	DecorDesc_RED_POSTER
0x085A5302	rom	DecorDesc_BLUE_POSTER
0x085A5326	rom	DecorDesc_CUTE_POSTER
0x085A534C	rom	DecorDesc_PIKA_POSTER
0x085A537B	rom	DecorDesc_LONG_POSTER
0x085A53A0	rom	DecorDesc_SEA_POSTER
0x085A53C7	rom	DecorDesc_SKY_POSTER
0x085A53EC	rom	DecorDesc_KISS_POSTER
0x085A5412	rom	DecorDesc_PICHU_DOLL
0x085A543D	rom	DecorDesc_PIKACHU_DOLL
0x085A546A	rom	DecorDesc_MARILL_DOLL
0x085A5496	rom	DecorDesc_TOGEPI_DOLL
0x085A54C2	rom	DecorDesc_CYNDAQUIL_DOLL
0x085A54F1	rom	DecorDesc_CHIKORITA_DOLL
0x085A5520	rom	DecorDesc_TOTODILE_DOLL
0x085A554E	rom	DecorDesc_JIGGLYPUFF_DOLL
0x085A557E	rom	DecorDesc_MEOWTH_DOLL
0x085A55AA	rom	DecorDesc_CLEFAIRY_DOLL
0x085A55D8	rom	DecorDesc_DITTO_DOLL
0x085A5603	rom	DecorDesc_SMOOCHUM_DOLL
0x085A5631	rom	DecorDesc_TREECKO_DOLL
0x085A565E	rom	DecorDesc_TORCHIC_DOLL
0x085A568B	rom	DecorDesc_MUDKIP_DOLL
0x085A56B7	rom	DecorDesc_DUSKULL_DOLL
0x085A56E4	rom	DecorDesc_WYNAUT_DOLL
0x085A5710	rom	DecorDesc_BALTOY_DOLL
0x085A573C	rom	DecorDesc_KECLEON_DOLL
0x085A5769	rom	DecorDesc_AZURILL_DOLL
0x085A5797	rom	DecorDesc_SKITTY_DOLL
0x085A57C3	rom	DecorDesc_SWABLU_DOLL
0x085A57EF	rom	DecorDesc_GULPIN_DOLL
0x085A581B	rom	DecorDesc_LOTAD_DOLL
0x085A5846	rom	DecorDesc_SEEDOT_DOLL
0x085A5872	rom	DecorDesc_PIKA_CUSHION
0x085A58A2	rom	DecorDesc_ROUND_CUSHION
0x085A58D1	rom	DecorDesc_KISS_CUSHION
0x085A5902	rom	DecorDesc_ZIGZAG_CUSHION
0x085A5934	rom	DecorDesc_SPIN_CUSHION
0x085A5963	rom	DecorDesc_DIAMOND_CUSHION
0x085A5993	rom	DecorDesc_BALL_CUSHION
0x085A59C0	rom	DecorDesc_GRASS_CUSHION
0x085A59F3	rom	DecorDesc_FIRE_CUSHION
0x085A5A25	rom	DecorDesc_WATER_CUSHION
0x085A5A58	rom	DecorDesc_SNORLAX_DOLL
0x085A5A83	rom	DecorDesc_RHYDON_DOLL
0x085A5AAE	rom	DecorDesc_LAPRAS_DOLL
0x085A5AD9	rom	DecorDesc_VENUSAUR_DOLL
0x085A5B04	rom	DecorDesc_CHARIZARD_DOLL
0x085A5B2F	rom	DecorDesc_BLASTOISE_DOLL
0x085A5B5A	rom	DecorDesc_WAILMER_DOLL
0x085A5B85	rom	DecorDesc_REGIROCK_DOLL
0x085A5BB0	rom	DecorDesc_REGICE_DOLL
0x085A5BDB	rom	DecorDesc_REGISTEEL_DOLL
0x085A5C08	rom	gDecorations
0x085A6B28	rom	sDecorationCategoryNames
0x085A6B48	rom	sDecorationMainMenuActions
0x085A6B68	rom	sSecretBasePCMenuItemDescriptions
0x085A6B78	rom	sSecretBasePC_SelectedDecorationActions
0x085A6B90	rom	sDecorationWindowTemplates
0x085A6BB0	rom	sDecorationMenuPalette
0x085A6BD0	rom	sDecorationItemsListMenuTemplate
0x085A6BE8	rom	gDecorIconTable
0x085A6FB0	rom	sDecorTilemap_1x1_Tiles
0x085A6FB4	rom	sDecorTilemap_3x1_Tiles
0x085A6FC0	rom	sDecorTilemap_2x2_Tiles
0x085A6FD0	rom	sDecorTilemap_1x3_Tiles
0x085A6FDC	rom	sDecorTilemap_2x1_Tiles
0x085A6FE4	rom	sDecorTilemap_4x2_Tiles
0x085A7004	rom	sDecorTilemap_3x3_Tiles
0x085A7028	rom	sDecorTilemap_3x2_Tiles
0x085A7040	rom	sDecorTilemap_1x1_Y
0x085A7044	rom	sDecorTilemap_2x1_Y
0x085A704C	rom	sDecorTilemap_3x1_Y
0x085A7058	rom	sDecorTilemap_4x2_Y
0x085A7078	rom	sDecorTilemap_2x2_Y
0x085A7088	rom	sDecorTilemap_1x2_Y
0x085A7090	rom	sDecorTilemap_1x3_Y
0x085A709C	rom	sDecorTilemap_2x4_Y
0x085A70BC	rom	sDecorTilemap_3x3_Y
0x085A70E0	rom	sDecorTilemap_3x2_Y
0x085A70F8	rom	sDecorTilemap_1x1_X
0x085A70FC	rom	sDecorTilemap_2x1_X
0x085A7104	rom	sDecorTilemap_3x1_X
0x085A7110	rom	sDecorTilemap_4x2_X
0x085A7130	rom	sDecorTilemap_2x2_X
0x085A7140	rom	sDecorTilemap_1x2_X
0x085A7148	rom	sDecorTilemap_1x3_X
0x085A7154	rom	sDecorTilemap_2x4_X
0x085A7174	rom	sDecorTilemap_3x3_X
0x085A7198	rom	sDecorTilemap_3x2_X
0x085A71B0	rom	sDecorTilemaps
0x085A7250	rom	sDecorationMovementInfo
0x085A7278	rom	sDecorSelectorAnimCmd0
0x085A7280	rom	sDecorSelectorAnimCmds
0x085A7284	rom	sDecorSelectorSpriteFrameImages
0x085A728C	rom	sDecorationSelectorSpriteTemplate
0x085A72A4	rom	sDecorWhilePlacingSpriteTemplate
0x085A72BC	rom	sSpritePal_PlaceDecoration
0x085A72C4	rom	sPlaceDecorationYesNoFunctions
0x085A72CC	rom	sCancelDecoratingYesNoFunctions
0x085A72D4	rom	sPlacePutAwayYesNoFunctions
0x085A72E4	rom	sDecorationStandElevations
0x085A72EC	rom	sDecorationSlideElevation
0x085A72F4	rom	sDecorShapeSizes
0x085A7308	rom	sBrendanPalette
0x085A7328	rom	sMayPalette
0x085A7348	rom	sReturnDecorationYesNoFunctions
0x085A7350	rom	sStopPuttingAwayDecorationsYesNoFunctions
0x085A7358	rom	sDecorationPuttingAwayCursor
0x085A73D8	rom	sSpritePal_PuttingAwayCursorBrendan
0x085A73E0	rom	sSpritePal_PuttingAwayCursorMay
0x085A73E8	rom	sPuttingAwayCursorOamData
0x085A73F0	rom	sPuttingAwayCursorAnimCmd0
0x085A73F8	rom	sPuttingAwayCursorAnimCmds
0x085A73FC	rom	sPuttingAwayCursorPicTable
0x085A7404	rom	sPuttingAwayCursorSpriteTemplate
0x085A741C	rom	sTossDecorationYesNoFunctions
0x085A7424	rom	sBgTemplates
0x085A7434	rom	sWindowTemplates
0x085A7444	rom	sWindowTemplate_InfoBox
0x085A744C	rom	sColors_ReeltimeHelp
0x085A7450	rom	sSlotTasks
0x085A74C4	rom	sPayoutTasks
0x085A74D0	rom	sReelTasks
0x085A74E4	rom	sDecideStop_Bias
0x085A74F0	rom	sDecideStop_NoBias
0x085A74FC	rom	sReelStopShocks
0x085A7508	rom	sDecideStop_Bias_Reel1_Bets
0x085A7514	rom	sDecideStop_Bias_Reel2_Bets
0x085A7520	rom	sDecideStop_Bias_Reel3_Bets
0x085A752C	rom	sDecideStop_NoBias_Reel2_Bets
0x085A7538	rom	sDecideStop_NoBias_Reel3_Bets
0x085A7544	rom	sReelStopButtonTasks
0x085A7550	rom	sReelButtonOffsets
0x085A7558	rom	sPikaPowerBoltTasks
0x085A7568	rom	sPikaPowerTileTable
0x085A7574	rom	sReelTimeTasks
0x085A75C0	rom	sReelTimePikachuAnimIds
0x085A75C4	rom	sReelTimeBoltDelays
0x085A75CC	rom	sPikachuAuraFlashDelays
0x085A75D4	rom	sInfoBoxTasks
0x085A7610	rom	sDigitalDisplayTasks
0x085A766E	rom	sReelSymbols
0x085A76AD	rom	sReelTimeSymbols
0x085A76B4	rom	sInitialReelPositions
0x085A76C0	rom	sSpecialDrawOdds
0x085A76D2	rom	sBiasProbabilities_Special
0x085A76E4	rom	sBiasProbabilities_Regular
0x085A7702	rom	sReelTimeProbabilities_NormalGame
0x085A7768	rom	sReelTimeProbabilities_LuckyGame
0x085A77CE	rom	sReelTimeExplodeProbability
0x085A77D8	rom	sReelTimeSpeed_Probabilities
0x085A77EC	rom	sQuarterSpeed_ProbabilityBoost
0x085A77F6	rom	sBiasSymbols
0x085A77FE	rom	sBiasesSpecial
0x085A7804	rom	sBiasesRegular
0x085A780E	rom	sSymbolToMatch
0x085A7816	rom	sSlotMatchFlags
0x085A7828	rom	sSlotPayouts
0x085A783A	rom	sDigitalDisplay_SpriteCoords
0x085A78C8	rom	sDigitalDisplay_SpriteCallbacks
0x085A7954	rom	sDigitalDisplay_InsertBet
0x085A7964	rom	sDigitalDisplay_StopReel
0x085A7980	rom	sDigitalDisplay_Win
0x085A798C	rom	sDigitalDisplay_Lose
0x085A79A4	rom	sDigitalDisplay_ReelTime
0x085A79B4	rom	sDigitalDisplay_BonusBig
0x085A79DC	rom	sDigitalDisplay_BonusRegular
0x085A7A04	rom	sDigitalDisplayScenes
0x085A7A20	rom	sDigitalDisplaySceneExitCallbacks
0x085A7A3C	rom	sOam_8x8
0x085A7A44	rom	sOam_8x16
0x085A7A4C	rom	sOam_16x16
0x085A7A54	rom	sOam_16x32
0x085A7A5C	rom	sOam_32x32
0x085A7A64	rom	sOam_32x64
0x085A7A6C	rom	sOam_64x32
0x085A7A74	rom	sOam_64x64
0x085A7A7C	rom	sImageTable_ReelTimeNumbers
0x085A7AAC	rom	sImageTable_ReelTimeShadow
0x085A7AB4	rom	sImageTable_ReelTimeNumberGap
0x085A7ABC	rom	sImageTable_ReelTimeBolt
0x085A7ACC	rom	sImageTable_ReelTimePikachuAura
0x085A7AD4	rom	sImageTable_ReelTimeExplosion
0x085A7AE4	rom	sImageTable_ReelTimeDuck
0x085A7AEC	rom	sImageTable_ReelTimeSmoke
0x085A7AF4	rom	sImageTable_PikaPowerBolt
0x085A7AFC	rom	sAnim_SingleFrame
0x085A7B04	rom	sAnim_ReelTimeDuck
0x085A7B0C	rom	sAnim_ReelTimePikachu_Still
0x085A7B14	rom	sAnim_ReelTimePikachu_ChargingSlow
0x085A7B20	rom	sAnim_ReelTimePikachu_ChargingMedium
0x085A7B2C	rom	sAnim_ReelTimePikachu_ChargingFast
0x085A7B38	rom	sAnim_ReelTimePikachu_Cheering
0x085A7B44	rom	sAnim_ReelTimePikachu_FellOver
0x085A7B4C	rom	sAnim_ReelTimeNumber_0
0x085A7B54	rom	sAnim_ReelTimeNumber_1
0x085A7B5C	rom	sAnim_ReelTimeNumber_2
0x085A7B64	rom	sAnim_ReelTimeNumber_3
0x085A7B6C	rom	sAnim_ReelTimeNumber_4
0x085A7B74	rom	sAnim_ReelTimeNumber_5
0x085A7B7C	rom	sAnim_ReelTimeBolt
0x085A7B88	rom	sAnim_ReelTimeExplosion
0x085A7B94	rom	sAnim_DigitalDisplay_AButton_Flashing
0x085A7BA0	rom	sAnim_DigitalDisplay_AButton_Static
0x085A7BA8	rom	sAnim_DigitalDisplay_DPad_Flashing
0x085A7BB4	rom	sAnim_DigitalDisplay_Pokeball_Rocking
0x085A7BC8	rom	sAnim_DigitalDisplay_Pokeball_Static
0x085A7BD0	rom	sAnim_DigitalDisplay_Number_1
0x085A7BD8	rom	sAnim_DigitalDisplay_Number_2
0x085A7BE0	rom	sAnim_DigitalDisplay_Number_3
0x085A7BE8	rom	sAnim_DigitalDisplay_Number_4
0x085A7BF0	rom	sAnim_DigitalDisplay_Number_5
0x085A7BF8	rom	sAnims_SingleFrame
0x085A7BFC	rom	sAnims_ReelTimeDuck
0x085A7C00	rom	sAnims_ReelTimePikachu
0x085A7C18	rom	sAnims_ReelTimeNumbers
0x085A7C30	rom	sAnims_ReelTimeBolt
0x085A7C34	rom	sAnims_ReelTimeExplosion
0x085A7C38	rom	sAnims_DigitalDisplay_AButton
0x085A7C40	rom	sAnims_DigitalDisplay_DPad
0x085A7C44	rom	sAnims_DigitalDisplay_Pokeball
0x085A7C4C	rom	sAnims_DigitalDisplay_Number
0x085A7C60	rom	sAffineAnim_ReelTimeSmoke
0x085A7C88	rom	sAffineAnims_ReelTimeSmoke
0x085A7C8C	rom	sAffineAnim_PikaPowerBolt
0x085A7CDC	rom	sAffineAnims_PikaPowerBolt
0x085A7CE0	rom	sSpriteTemplate_ReelSymbol
0x085A7CF8	rom	sSpriteTemplate_CoinNumber
0x085A7D10	rom	sSpriteTemplate_ReelBackground
0x085A7D28	rom	sSpriteTemplate_ReelTimePikachu
0x085A7D40	rom	sSpriteTemplate_ReelTimeMachineAntennae
0x085A7D58	rom	sSpriteTemplate_ReelTimeMachine
0x085A7D70	rom	sSpriteTemplate_BrokenReelTimeMachine
0x085A7D88	rom	sSpriteTemplate_ReelTimeNumbers
0x085A7DA0	rom	sSpriteTemplate_ReelTimeShadow
0x085A7DB8	rom	sSpriteTemplate_ReelTimeNumberGap
0x085A7DD0	rom	sSpriteTemplate_ReelTimeBolt
0x085A7DE8	rom	sSpriteTemplate_ReelTimePikachuAura
0x085A7E00	rom	sSpriteTemplate_ReelTimeExplosion
0x085A7E18	rom	sSpriteTemplate_ReelTimeDuck
0x085A7E30	rom	sSpriteTemplate_ReelTimeSmoke
0x085A7E48	rom	sSpriteTemplate_DigitalDisplay_Reel
0x085A7E60	rom	sSpriteTemplate_DigitalDisplay_Time
0x085A7E78	rom	sSpriteTemplate_DigitalDisplay_Insert
0x085A7E90	rom	sSpriteTemplate_DigitalDisplay_Stop
0x085A7EA8	rom	sSpriteTemplate_DigitalDisplay_Win
0x085A7EC0	rom	sSpriteTemplate_DigitalDisplay_Lose
0x085A7ED8	rom	sSpriteTemplate_DigitalDisplay_Bonus
0x085A7EF0	rom	sSpriteTemplate_DigitalDisplay_Big
0x085A7F08	rom	sSpriteTemplate_DigitalDisplay_Reg
0x085A7F20	rom	sSpriteTemplate_DigitalDisplay_AButton
0x085A7F38	rom	sSpriteTemplate_DigitalDisplay_Smoke
0x085A7F50	rom	sSpriteTemplate_DigitalDisplay_Number
0x085A7F68	rom	sSpriteTemplate_DigitalDisplay_Pokeball
0x085A7F80	rom	sSpriteTemplate_DigitalDisplay_DPad
0x085A7F98	rom	sSpriteTemplate_PikaPowerBolt
0x085A7FB0	rom	sSubsprites_ReelBackground
0x085A7FC0	rom	sSubspriteTable_ReelBackground
0x085A7FC8	rom	sSubsprites_ReelTimeMachineAntennae
0x085A7FE0	rom	sSubspriteTable_ReelTimeMachineAntennae
0x085A7FE8	rom	sSubsprites_ReelTimeMachine
0x085A7FF4	rom	sSubspriteTable_ReelTimeMachine
0x085A7FFC	rom	sSubsprites_BrokenReelTimeMachine
0x085A8010	rom	sSubspriteTable_BrokenReelTimeMachine
0x085A8018	rom	sSubsprites_ReelTimeShadow
0x085A8028	rom	sSubspriteTable_ReelTimeShadow
0x085A8030	rom	sSubsprites_ReelTimeNumberGap
0x085A803C	rom	sSubspriteTable_ReelTimeNumberGap
0x085A8044	rom	sSubsprites_DigitalDisplay_Reel
0x085A8058	rom	sSubspriteTable_DigitalDisplay_Reel
0x085A8060	rom	sSubsprites_DigitalDisplay_Time
0x085A8070	rom	sSubspriteTable_DigitalDisplay_Time
0x085A8078	rom	sSubsprites_DigitalDisplay_Insert
0x085A8088	rom	sSubspriteTable_DigitalDisplay_Insert
0x085A8090	rom	sSubsprites_DigitalDisplay_Unused1
0x085A80A0	rom	sSubspriteTable_DigitalDisplay_Unused1
0x085A80A8	rom	sSubsprites_DigitalDisplay_Win
0x085A80C0	rom	sSubspriteTable_DigitalDisplay_Win
0x085A80C8	rom	sSubsprites_DigitalDisplay_SmokeBig
0x085A80CC	rom	sSubsprites_DigitalDisplay_SmokeSmall
0x085A80D0	rom	sSubspriteTable_DigitalDisplay_Smoke
0x085A80E0	rom	sSubsprites_DigitalDisplay_Pokeball
0x085A8110	rom	sSubspriteTable_DigitalDisplay_Pokeball
0x085A8118	rom	sSubsprites_DigitalDisplay_DPad
0x085A8124	rom	sSubspriteTable_DigitalDisplay_DPad
0x085A812C	rom	sSubsprites_DigitalDisplay_StopS
0x085A8134	rom	sSubspriteTable_DigitalDisplay_StopS
0x085A813C	rom	sSubsprites_DigitalDisplay_StopT
0x085A8144	rom	sSubspriteTable_DigitalDisplay_StopT
0x085A814C	rom	sSubsprites_DigitalDisplay_StopO
0x085A8154	rom	sSubspriteTable_DigitalDisplay_StopO
0x085A815C	rom	sSubsprites_DigitalDisplay_StopP
0x085A8164	rom	sSubspriteTable_DigitalDisplay_StopP
0x085A816C	rom	sSubsprites_DigitalDisplay_BonusB
0x085A8174	rom	sSubspriteTable_DigitalDisplay_BonusB
0x085A817C	rom	sSubsprites_DigitalDisplay_BonusO
0x085A8184	rom	sSubspriteTable_DigitalDisplay_BonusO
0x085A818C	rom	sSubsprites_DigitalDisplay_BonusN
0x085A8194	rom	sSubspriteTable_DigitalDisplay_BonusN
0x085A819C	rom	sSubsprites_DigitalDisplay_BonusU
0x085A81A4	rom	sSubspriteTable_DigitalDisplay_BonusU
0x085A81AC	rom	sSubsprites_DigitalDisplay_BonusS
0x085A81B4	rom	sSubspriteTable_DigitalDisplay_BonusS
0x085A81BC	rom	sSubsprites_DigitalDisplay_BigB
0x085A81D4	rom	sSubspriteTable_DigitalDisplay_BigB
0x085A81DC	rom	sSubsprites_DigitalDisplay_BigI
0x085A81E8	rom	sSubspriteTable_DigitalDisplay_BigI
0x085A81F0	rom	sSubsprites_DigitalDisplay_BigG
0x085A8208	rom	sSubspriteTable_DigitalDisplay_BigG
0x085A8210	rom	sSubsprites_DigitalDisplay_RegR
0x085A8228	rom	sSubspriteTable_DigitalDisplay_RegR
0x085A8230	rom	sSubsprites_DigitalDisplay_RegE
0x085A823C	rom	sSubspriteTable_DigitalDisplay_RegE
0x085A8244	rom	sSubsprites_DigitalDisplay_RegG
0x085A825C	rom	sSubspriteTable_DigitalDisplay_RegG
0x085A8264	rom	sSpriteTemplates_DigitalDisplay
0x085A82CC	rom	sSubspriteTables_DigitalDisplay
0x085A8334	rom	sSlotMachineSpriteSheets
0x085A83E4	rom	sReelBackground_Tilemap
0x085A83E8	rom	sUnusedColors
0x085A83FC	rom	sMiddleRowLit_Pal
0x085A83FE	rom	sTopRowLit_Pal
0x085A8400	rom	sBottomRowt_Pal
0x085A8402	rom	sNWSEDiagLit_Pal
0x085A8404	rom	sNESWDiagLit_Pal
0x085A8408	rom	sLitMatchLinePalTable
0x085A841C	rom	sDarkMatchLinePalTable
0x085A8430	rom	sMatchLinePalOffsets
0x085A8435	rom	sBetToMatchLineIds
0x085A843B	rom	sMatchLinesPerBet
0x085A843E	rom	sFlashingLightsInside_Pal
0x085A845E	rom	sFlashingLightsMiddle_Pal
0x085A847E	rom	sFlashingLightsOutside_Pal
0x085A84A0	rom	sFlashingLightsPalTable
0x085A84AC	rom	sSlotMachineMenu_Pal
0x085A84B0	rom	sPokeballShining0_Pal
0x085A84D0	rom	sPokeballShining1_Pal
0x085A84F0	rom	sPokeballShining2_Pal
0x085A8510	rom	sPokeballShiningPalTable
0x085A8520	rom	sDigitalDisplay_Pal
0x085A8524	rom	sUnkPalette
0x085A8544	rom	sSlotMachineSpritePalettes
0x085A858C	rom	sReelTimeGfx
0x085A96E0	rom	sReelTimeWindow_Tilemap
0x085A9898	rom	sEmptyTilemap
0x085A989C	rom	sPictureFramePalettes
0x085A9A9C	rom	sPictureFrameTiles_Cool
0x085AAB20	rom	sPictureFrameTiles_Beauty
0x085AB750	rom	sPictureFrameTiles_Cute
0x085AC288	rom	sPictureFrameTiles_Smart
0x085AD240	rom	sPictureFrameTiles_Tough
0x085AE370	rom	sPictureFrameTiles_HallLobby
0x085AE974	rom	sPictureFrameTilemap_Cool
0x085AEE80	rom	sPictureFrameTilemap_Beauty
0x085AF38C	rom	sPictureFrameTilemap_Cute
0x085AF898	rom	sPictureFrameTilemap_Smart
0x085AFDA4	rom	sPictureFrameTilemap_Tough
0x085B02B0	rom	sPictureFrameTilemap_HallLobby
0x085B07C0	rom	sContestCategoryNames_Unused
0x085B07D4	rom	sContestRankNames
0x085B07E8	rom	sBgTemplates
0x085B07EC	rom	sWindowTemplate
0x085B07F4	rom	sMuseumCaptions
0x085B0830	rom	sContestPaintingMonOamData
0x085B0838	rom	sBgPalette
0x085B083C	rom	sBattleAICmdTable
0x085B09C8	rom	sIgnoredPowerfulMoveEffects
0x085B09E4	rom	sDefaultTraderNames
0x085B09F4	rom	sDefaultTraderDecorations
0x085B0A00	rom	gBirchBagGrass_Pal
0x085B0A40	rom	sPokeballSelection_Pal
0x085B0A60	rom	sStarterCircle_Pal
0x085B0A80	rom	gBirchBagTilemap
0x085B0C0C	rom	gBirchGrassTilemap
0x085B0E04	rom	gBirchBagGrass_Gfx
0x085B18AC	rom	gPokeballSelection_Gfx
0x085B1BCC	rom	sStarterCircle_Gfx
0x085B1DCC	rom	sWindowTemplates
0x085B1DDC	rom	sWindowTemplate_ConfirmStarter
0x085B1DE4	rom	sWindowTemplate_StarterLabel
0x085B1DEC	rom	sPokeballCoords
0x085B1DF2	rom	sStarterLabelCoords
0x085B1DF8	rom	sStarterMon
0x085B1E00	rom	sBgTemplates
0x085B1E0C	rom	sTextColors
0x085B1E10	rom	sOam_Hand
0x085B1E18	rom	sOam_Pokeball
0x085B1E20	rom	sOam_StarterCircle
0x085B1E28	rom	sCursorCoords
0x085B1E30	rom	sAnim_Hand
0x085B1E38	rom	sAnim_Pokeball_Still
0x085B1E40	rom	sAnim_Pokeball_Moving
0x085B1E88	rom	sAnim_StarterCircle
0x085B1E90	rom	sAnims_Hand
0x085B1E94	rom	sAnims_Pokeball
0x085B1E9C	rom	sAnims_StarterCircle
0x085B1EA0	rom	sAffineAnim_StarterPokemon
0x085B1EB8	rom	sAffineAnim_StarterCircle
0x085B1ED0	rom	sAffineAnims_StarterPokemon
0x085B1ED4	rom	sAffineAnims_StarterCircle
0x085B1ED8	rom	sSpriteSheet_PokeballSelect
0x085B1EE8	rom	sSpriteSheet_StarterCircle
0x085B1EF8	rom	sSpritePalettes_StarterChoose
0x085B1F10	rom	sSpriteTemplate_Hand
0x085B1F28	rom	sSpriteTemplate_Pokeball
0x085B1F40	rom	sSpriteTemplate_StarterCircle
0x085B1F58	rom	sHand_Gfx
0x085B21D4	rom	sTextPrompt_Pal
0x085B21DC	rom	sWindowTemplates
0x085B21F4	rom	sWindowTemplate_ConfirmYesNo
0x085B21FC	rom	sBgTemplates
0x085B2208	rom	sSpriteSheet_ClockHand
0x085B2210	rom	sUnused
0x085B2218	rom	sSpritePalettes_Clock
0x085B2230	rom	sOam_ClockHand
0x085B2238	rom	sAnim_MinuteHand
0x085B2240	rom	sAnim_HourHand
0x085B2248	rom	sAnims_MinuteHand
0x085B224C	rom	sAnims_HourHand
0x085B2250	rom	sSpriteTemplate_MinuteHand
0x085B2268	rom	sSpriteTemplate_HourHand
0x085B2280	rom	sOam_PeriodIndicator
0x085B2288	rom	sAnim_PM
0x085B2290	rom	sAnim_AM
0x085B2298	rom	sAnims_PM
0x085B229C	rom	sAnims_AM
0x085B22A0	rom	sSpriteTemplate_PM
0x085B22B8	rom	sSpriteTemplate_AM
0x085B22D0	rom	sClockHandCoords
0x085B25A0	rom	gPokeblockFlavorCompatibilityTable
0x085B2620	rom	sBgTemplatesForPokeblockMenu
0x085B262C	rom	gPokeblockNames
0x085B2668	rom	sPokeblockMenuActions
0x085B2698	rom	sActionsOnField
0x085B269B	rom	sActionsInBattle
0x085B269D	rom	sActionsOnPokeblockFeeder
0x085B269F	rom	sActionsWhenGivingToLady
0x085B26A4	rom	sTossYesNoFuncTable
0x085B26AC	rom	sContestStatsMonData
0x085B26B4	rom	sOamData_PokeblockCase
0x085B26BC	rom	sSpriteAnim_PokeblockCase
0x085B26C4	rom	sSpriteAnimTable_PokeblockCase
0x085B26C8	rom	sAffineAnim_PokeblockCaseShake
0x085B26F0	rom	sAffineAnims_PokeblockCaseShake
0x085B26F4	rom	gPokeblockCase_SpriteSheet
0x085B26FC	rom	gPokeblockCase_SpritePal
0x085B2704	rom	sSpriteTemplate_PokeblockCase
0x085B271C	rom	sTextColor
0x085B2720	rom	sFavoritePokeblocksTable
0x085B2748	rom	sWindowTemplates
0x085B27A8	rom	sTossPkblockWindowTemplate
0x085B27B0	rom	sPokeblockListMenuTemplate
0x085B27C8	rom	sTransitionTypes
0x085B2850	rom	sCaveTransitionPalette_White
0x085B2870	rom	sCaveTransitionPalette_Black
0x085B2890	rom	sCaveTransitionPalette_Enter
0x085B28B0	rom	sCaveTransitionTilemap
0x085B2A90	rom	sCaveTransitionTiles
0x085B2B44	rom	tide.18
0x085B2B68	rom	sMauvilleGymSwitchCoords
0x085B2B78	rom	sSlidingDoorNextFrameDelay
0x085B2B7E	rom	sPetalburgGymSlidingDoorMetatiles
0x085B2B88	rom	sSlotMachineRandomSeeds.204
0x085B2B94	rom	sSlotMachineIds.205
0x085B2BA0	rom	sSlotMachineServiceDayIds.206
0x085B2BAC	rom	sWindowTemplate_ElevatorFloor
0x085B2BB4	rom	sDeptStoreFloorNames
0x085B2BF4	rom	sElevatorWindowTiles_Ascending
0x085B2C06	rom	sElevatorWindowTiles_Descending
0x085B2C18	rom	sElevatorTripLength.309
0x085B2C21	rom	sElevatorLightCycles.322
0x085B2C2A	rom	sPokemonCenters.332
0x085B2C50	rom	sFrontierManiacMessages.342
0x085B2CC8	rom	sFrontierManiacStreakThresholds.343
0x085B2CDC	rom	sBattleTowerStreakThresholds.347
0x085B2CF0	rom	sScrollableMultichoiceOptions
0x085B3030	rom	sScrollableMultichoice_ScrollArrowsTemplate.378
0x085B3040	rom	sNatureGirlMessages.391
0x085B30A4	rom	sFrontierGamblerLookingMessages.398
0x085B30D4	rom	sFrontierGamblerGoMessages.402
0x085B3104	rom	sFrontierChallenges.406
0x085B311C	rom	sBattlePoints_WindowTemplate.413
0x085B3124	rom	sFrontierExchangeCorner_ItemIconWindowTemplate.429
0x085B312C	rom	sFrontierExchangeCorner_Decor1.436
0x085B3142	rom	sFrontierExchangeCorner_Decor2.437
0x085B314E	rom	sFrontierExchangeCorner_Vitamins.438
0x085B315C	rom	sFrontierExchangeCorner_HoldItems.439
0x085B3170	rom	sFrontierExchangeCorner_Decor1Descriptions.440
0x085B319C	rom	sFrontierExchangeCorner_Decor2Descriptions.441
0x085B31B4	rom	sFrontierExchangeCorner_VitaminsDescriptions.442
0x085B31D0	rom	sFrontierExchangeCorner_HoldItemsDescriptions.443
0x085B31F8	rom	sBattleFrontier_TutorMoves1
0x085B320C	rom	sBattleFrontier_TutorMoves2
0x085B3220	rom	sBattleFrontierTutor_WindowTemplate.456
0x085B3228	rom	sBattleFrontier_TutorMoveDescriptions1.460
0x085B3254	rom	sBattleFrontier_TutorMoveDescriptions2.461
0x085B3280	rom	sDeoxysRockPalettes
0x085B33E0	rom	sDeoxysRockCoords
0x085B33F6	rom	sStoneMaxStepCounts.480
0x085B3400	rom	sAbnormalWeatherMapNumbers.511
0x085B3410	rom	sAbnormalWeatherMapNumbers.515
0x085B3420	rom	sPokeMarts.522
0x085B3444	rom	sPokemonCenters.562
0x085B3470	rom	sCounterIncrements.575
0x085B3474	rom	sFanClubMemberIds.579
0x085B347C	rom	sFanClubMemberIds.583
0x085B3484	rom	sTrainerHillWindowTileset
0x085B3544	rom	sTrainerHillWindowPalette
0x085B3564	rom	sTrainerHillWindowTilemap
0x085B3D64	rom	sTrainerHillRecordsBgTemplates
0x085B3D6C	rom	sTrainerHillRecordsWindowTemplates
0x085B3D7C	rom	sLinkBattleRecordsWindow
0x085B3D84	rom	sText_DashesNoPlayer
0x085B3D8C	rom	sText_DashesNoScore
0x085B3D94	rom	sAreaGlow_Pal
0x085B3DB4	rom	sAreaGlow_Gfx
0x085B3EE8	rom	sSpeciesHiddenFromAreaScreen
0x085B3EEA	rom	sMovingRegionMapSections
0x085B3EF0	rom	sFeebasData
0x085B3EFC	rom	sLandmarkData
0x085B3F18	rom	sAreaGlowTilemapMapping
0x085B4018	rom	sPokedexAreaMapTemplate
0x085B401C	rom	sAreaMarkerSpriteSheet
0x085B4024	rom	sAreaMarkerSpritePalette
0x085B402C	rom	sAreaMarkerOamData
0x085B4034	rom	sAreaMarkerSpriteTemplate
0x085B404C	rom	sAreaMarkerPalette
0x085B406C	rom	sAreaMarkerTiles
0x085B40EC	rom	sAreaUnknownSpritePalette
0x085B40F4	rom	sAreaUnknownOamData
0x085B40FC	rom	sAreaUnknownSpriteTemplate
0x085B4114	rom	sUnusedPal1
0x085B4134	rom	sBgAnim_Gfx
0x085B482C	rom	sBgAnim_Inner_Tilemap
0x085B4D10	rom	sBgAnim_Outer_Tilemap
0x085B51E4	rom	sBgAnim_Intro_Pal
0x085B53E4	rom	sUnusedPal2
0x085B5544	rom	sUnusedPal3
0x085B56E4	rom	sUnusedPal4
0x085B5884	rom	sBgAnim_Pal
0x085B58C4	rom	sText_ShedinjaJapaneseName
0x085B58C9	rom	sBgAnim_PaletteControl
0x085B58D9	rom	sBgAnim_PalIndexes
0x085B5BFC	rom	sWheel_Pal
0x085B5DFC	rom	sGrid_Tilemap
0x085B5FA0	rom	sWheel_Tilemap
0x085B6140	rom	sBgTemplates
0x085B614C	rom	sWindowTemplates
0x085B6154	rom	sGridSelections
0x085B62E4	rom	sRouletteSlots
0x085B6344	rom	sTableMinBets
0x085B6348	rom	sRouletteTables
0x085B6388	rom	sFlashData_Colors
0x085B63F0	rom	sFlashData_PokeIcons
0x085B6408	rom	sYesNoTable_AcceptMinBet
0x085B6410	rom	sYesNoTable_KeepPlaying
0x085B644D	rom	sFiller
0x085B6450	rom	sShadow_Pal
0x085B6470	rom	sBall_Pal
0x085B6490	rom	sBallCounter_Pal
0x085B64B0	rom	sCursor_Pal
0x085B64D0	rom	sCredit_Pal
0x085B64F0	rom	sShroomish_Pal
0x085B6510	rom	sTaillow_Pal
0x085B6530	rom	sGridIcons_Pal
0x085B6550	rom	sWynaut_Pal
0x085B6570	rom	sAzurill_Pal
0x085B6590	rom	sSkitty_Pal
0x085B65B0	rom	sMakuhita_Pal
0x085B65D0	rom	sUnused1_Pal
0x085B65F0	rom	sUnused2_Pal
0x085B6610	rom	sUnused3_Pal
0x085B6630	rom	sUnused4_Pal
0x085B6650	rom	sBall_Gfx
0x085B6798	rom	sBallCounter_Gfx
0x085B67FC	rom	sShroomishTaillow_Gfx
0x085B6BEC	rom	sGridIcons_Gfx
0x085B6D90	rom	sWheelIcons_Gfx
0x085B7290	rom	sShadow_Gfx
0x085B7328	rom	sCursor_Gfx
0x085B7384	rom	sSpritePalettes
0x085B73EC	rom	sOam_GridHeader
0x085B73F4	rom	sOam_GridIcon
0x085B73FC	rom	sOam_WheelIcon
0x085B7404	rom	sAffineAnim_Unused1
0x085B740C	rom	sAffineAnims_Unused1
0x085B7410	rom	sAffineAnim_Unused2
0x085B7418	rom	sAffineAnims_Unused2
0x085B741C	rom	sSpriteSheet_WheelIcons
0x085B7424	rom	sAnim_WheelIcons
0x085B7458	rom	sAnim_WheelIcon_OrangeWynaut
0x085B745C	rom	sAnim_WheelIcon_GreenAzurill
0x085B7460	rom	sAnim_WheelIcon_PurpleSkitty
0x085B7464	rom	sAnim_WheelIcon_OrangeMakuhita
0x085B7468	rom	sAnim_WheelIcon_GreenWynaut
0x085B746C	rom	sAnim_WheelIcon_PurpleAzurill
0x085B7470	rom	sAnim_WheelIcon_OrangeSkitty
0x085B7474	rom	sAnim_WheelIcon_GreenMakuhita
0x085B7478	rom	sAnim_WheelIcon_PurpleWynaut
0x085B747C	rom	sAnim_WheelIcon_OrangeAzurill
0x085B7480	rom	sAnim_WheelIcon_GreenSkitty
0x085B7484	rom	sAnim_WheelIcon_PurpleMakuhita
0x085B7488	rom	sSpriteSheet_Headers
0x085B7490	rom	sSpriteSheet_GridIcons
0x085B7498	rom	sAnim_Headers
0x085B74C8	rom	sAnim_GridIcons
0x085B74DC	rom	sAnim_WynautHeader
0x085B74E0	rom	sAnim_AzurillHeader
0x085B74E4	rom	sAnim_SkittyHeader
0x085B74E8	rom	sAnim_MakuhitaHeader
0x085B74EC	rom	sAnim_OrangeHeader
0x085B74F0	rom	sAnim_GreenHeader
0x085B74F4	rom	sAnim_PurpleHeader
0x085B74F8	rom	sAnim_GridIcon_Wynaut
0x085B74FC	rom	sAnim_GridIcon_Azurill
0x085B7500	rom	sAnim_GridIcon_Skitty
0x085B7504	rom	sAnim_GridIcon_Makuhita
0x085B7508	rom	sSpriteTemplates_PokeHeaders
0x085B7568	rom	sSpriteTemplates_ColorHeaders
0x085B75B0	rom	sSpriteTemplates_GridIcons
0x085B7610	rom	sSpriteTemplates_WheelIcons
0x085B7730	rom	sOam_Credit
0x085B7738	rom	sOam_CreditDigit
0x085B7740	rom	sOam_Multiplier
0x085B7748	rom	sOam_BallCounter
0x085B7750	rom	sSpriteSheets_Interface
0x085B7780	rom	sAnim_CreditDigit
0x085B77A8	rom	sAnims_CreditDigit
0x085B77AC	rom	sAnim_Multiplier
0x085B77C4	rom	sAnims_Multiplier
0x085B77C8	rom	sAnim_BallCounter
0x085B77E0	rom	sAnims_BallCounter
0x085B77E4	rom	sSpriteTemplate_Credit
0x085B77FC	rom	sSpriteTemplate_CreditDigit
0x085B7814	rom	sSpriteTemplate_Multiplier
0x085B782C	rom	sSpriteTemplate_BallCounter
0x085B7844	rom	sSpriteTemplate_Cursor
0x085B785C	rom	sOam_Ball
0x085B7864	rom	sSpriteSheet_Ball
0x085B786C	rom	sAnim_Ball_RollFast
0x085B7880	rom	sAnim_Ball_RollMedium
0x085B7894	rom	sAnim_Ball_RollSlow
0x085B78A8	rom	sAnim_Ball_StopOnFrame1
0x085B78BC	rom	sAnim_Ball_StopOnFrame3
0x085B78D4	rom	sAnim_Ball_StopOnFrame4
0x085B78E8	rom	sAnim_Ball_Still
0x085B78F0	rom	sAnim_Ball_StopOnFrame2
0x085B7904	rom	sAnims_Ball
0x085B7928	rom	sSpriteTemplate_Ball
0x085B7940	rom	sOam_WheelCenter
0x085B7948	rom	sSpriteSheet_WheelCenter
0x085B7950	rom	sSpriteTemplate_WheelCenter
0x085B7968	rom	sOam_Shroomish
0x085B7970	rom	sOam_Taillow
0x085B7978	rom	sSpriteSheet_ShroomishTaillow
0x085B7980	rom	sAnim_Shroomish
0x085B799C	rom	sAnim_Taillow_WingDown_Left
0x085B79A4	rom	sAnim_Taillow_WingDown_Right
0x085B79AC	rom	sAnim_Taillow_FlapSlow_Left
0x085B79B8	rom	sAnim_Taillow_FlapSlow_Right
0x085B79C4	rom	sAnim_Taillow_FlapFast_Left
0x085B79D0	rom	sAnim_Taillow_FlapFast_Right
0x085B79DC	rom	sAnims_Shroomish
0x085B79E0	rom	sAnims_Taillow
0x085B79F8	rom	sSpriteTemplate_Shroomish
0x085B7A10	rom	sSpriteTemplate_Taillow
0x085B7A28	rom	sOam_ShroomishBallShadow
0x085B7A30	rom	sOam_ShroomishShadow
0x085B7A38	rom	sOam_TaillowShadow
0x085B7A40	rom	sSpriteSheet_Shadow
0x085B7A48	rom	sAffineAnim_Unused3
0x085B7A60	rom	sAffineAnim_TaillowShadow
0x085B7A88	rom	sAffineAnims_Unused3
0x085B7A8C	rom	sAffineAnims_TaillowShadow
0x085B7A90	rom	sAffineAnim_Unused4
0x085B7AA0	rom	sAffineAnims_Unused4
0x085B7AA4	rom	sAnim_ShroomishBallShadow
0x085B7AAC	rom	sAnim_UnstickMonShadow
0x085B7AB4	rom	sAnims_ShroomishBallShadow
0x085B7AB8	rom	sAnims_UnstickMonShadow
0x085B7ABC	rom	sSpriteTemplate_ShroomishShadow
0x085B7AEC	rom	sSpriteTemplate_TaillowShadow
0x085B7B1A	rom	sShroomishShadowAlphas
0x085B7B58	rom	sCryMeterNeedle_Pal
0x085B7B78	rom	sCryMeterNeedle_Gfx
0x085B8378	rom	sCryMeter_Tilemap
0x085B8418	rom	sCryMeter_Pal
0x085B8438	rom	sCryMeter_Gfx
0x085B8770	rom	sWaveformOffsets
0x085B8BF0	rom	sCryScreenBg_Pal
0x085B8C10	rom	sCryScreenBg_Gfx
0x085B8C30	rom	sWaveformTileDataNybbleMasks
0x085B8C32	rom	sWaveformColor
0x085B8C54	rom	sSpriteAnim_CryMeterNeedle
0x085B8C5C	rom	sSpriteAnimTable_CryMeterNeedle
0x085B8C60	rom	sOamData_CryMeterNeedle
0x085B8C68	rom	sCryMeterNeedleSpriteTemplate
0x085B8C80	rom	sCryMeterNeedleSpriteSheets
0x085B8C90	rom	sCryMeterNeedleSpritePalettes
0x085B8CA0	rom	LandmarkName_FlowerShop
0x085B8CAC	rom	LandmarkName_PetalburgWoods
0x085B8CBC	rom	LandmarkName_MrBrineysCottage
0x085B8CD1	rom	LandmarkName_AbandonedShip
0x085B8CE0	rom	LandmarkName_SeashoreHouse
0x085B8CEF	rom	LandmarkName_SlateportBeach
0x085B8CFF	rom	LandmarkName_CyclingRoad
0x085B8D0C	rom	LandmarkName_NewMauville
0x085B8D19	rom	LandmarkName_TrickHouse
0x085B8D25	rom	LandmarkName_OldLadysRestShop
0x085B8D3A	rom	LandmarkName_Desert
0x085B8D41	rom	LandmarkName_WinstrateFamily
0x085B8D56	rom	LandmarkName_CableCar
0x085B8D60	rom	LandmarkName_GlassWorkshop
0x085B8D6F	rom	LandmarkName_WeatherInstitute
0x085B8D81	rom	LandmarkName_MeteorFalls
0x085B8D8E	rom	LandmarkName_TunnelersRestHouse
0x085B8DA3	rom	LandmarkName_RusturfTunnel
0x085B8DB2	rom	LandmarkName_PokemonDayCare
0x085B8DC3	rom	LandmarkName_SafariZoneEntrance
0x085B8DD8	rom	LandmarkName_MtPyre
0x085B8DE1	rom	LandmarkName_ShoalCave
0x085B8DEC	rom	LandmarkName_SeafloorCavern
0x085B8DFC	rom	LandmarkName_GraniteCave
0x085B8E09	rom	LandmarkName_OceanCurrent
0x085B8E17	rom	LandmarkName_LanettesHouse
0x085B8E27	rom	LandmarkName_FieryPath
0x085B8E32	rom	LandmarkName_JaggedPass
0x085B8E3E	rom	LandmarkName_SkyPillar
0x085B8E49	rom	LandmarkName_BerryMastersHouse
0x085B8E5E	rom	LandmarkName_IslandCave
0x085B8E6A	rom	LandmarkName_DesertRuins
0x085B8E77	rom	LandmarkName_ScorchedSlab
0x085B8E85	rom	LandmarkName_AncientTomb
0x085B8E92	rom	LandmarkName_SealedChamber
0x085B8EA1	rom	LandmarkName_FossilManiacsHouse
0x085B8EB7	rom	LandmarkName_HuntersHouse
0x085B8EC6	rom	LandmarkName_MagmaHideout
0x085B8ED4	rom	LandmarkName_MirageTower
0x085B8EE1	rom	LandmarkName_AlteringCave
0x085B8EEF	rom	LandmarkName_DesertUnderpass
0x085B8F00	rom	LandmarkName_TrainerHill
0x085B8F10	rom	Landmark_FlowerShop
0x085B8F18	rom	Landmark_PetalburgWoods
0x085B8F20	rom	Landmark_MrBrineysCottage
0x085B8F28	rom	Landmark_AbandonedShip
0x085B8F30	rom	Landmark_SeashoreHouse
0x085B8F38	rom	Landmark_SlateportBeach
0x085B8F40	rom	Landmark_CyclingRoad
0x085B8F48	rom	Landmark_NewMauville
0x085B8F50	rom	Landmark_TrickHouse
0x085B8F58	rom	Landmark_OldLadysRestShop
0x085B8F60	rom	Landmark_Desert
0x085B8F68	rom	Landmark_WinstrateFamily
0x085B8F70	rom	Landmark_CableCar
0x085B8F78	rom	Landmark_GlassWorkshop
0x085B8F80	rom	Landmark_WeatherInstitute
0x085B8F88	rom	Landmark_MeteorFalls
0x085B8F90	rom	Landmark_TunnelersRestHouse
0x085B8F98	rom	Landmark_RusturfTunnel
0x085B8FA0	rom	Landmark_PokemonDayCare
0x085B8FA8	rom	Landmark_SafariZoneEntrance
0x085B8FB0	rom	Landmark_MtPyre
0x085B8FB8	rom	Landmark_ShoalCave
0x085B8FC0	rom	Landmark_SeafloorCavern
0x085B8FC8	rom	Landmark_GraniteCave
0x085B8FD0	rom	Landmark_OceanCurrent
0x085B8FD8	rom	Landmark_LanettesHouse
0x085B8FE0	rom	Landmark_FieryPath
0x085B8FE8	rom	Landmark_JaggedPass
0x085B8FF0	rom	Landmark_BerryMastersHouse
0x085B8FF8	rom	Landmark_IslandCave
0x085B9000	rom	Landmark_DesertRuins
0x085B9008	rom	Landmark_ScorchedSlab
0x085B9010	rom	Landmark_AncientTomb
0x085B9018	rom	Landmark_SealedChamber
0x085B9020	rom	Landmark_FossilManiacsHouse
0x085B9028	rom	Landmark_HuntersHouse
0x085B9030	rom	Landmark_SkyPillar
0x085B9038	rom	Landmark_MirageTower
0x085B9040	rom	Landmark_AlteringCave
0x085B9048	rom	Landmark_DesertUnderpass
0x085B9050	rom	Landmark_TrainerHill
0x085B9058	rom	Landmarks_Route103_2
0x085B9060	rom	Landmarks_Route104_0
0x085B9068	rom	Landmarks_Route104_1
0x085B9074	rom	Landmarks_Route105_0
0x085B907C	rom	Landmarks_Route106_1
0x085B9084	rom	Landmarks_Route108_0
0x085B908C	rom	Landmarks_Route109_0
0x085B9098	rom	Landmarks_Route110_0
0x085B90A4	rom	Landmarks_Route110_1
0x085B90AC	rom	Landmarks_Route110_2
0x085B90B8	rom	Landmarks_Route111_0
0x085B90C0	rom	Landmarks_Route111_1
0x085B90C8	rom	Landmarks_Route111_2
0x085B90D4	rom	Landmarks_Route111_3
0x085B90E0	rom	Landmarks_Route111_4
0x085B90F0	rom	Landmarks_Route112_0
0x085B90FC	rom	Landmarks_Route112_1
0x085B9108	rom	Landmarks_Route113_1
0x085B9110	rom	Landmarks_Route114_1
0x085B911C	rom	Landmarks_Route114_2
0x085B9124	rom	Landmarks_MeteorFalls
0x085B912C	rom	Landmarks_Route116_1
0x085B9138	rom	Landmarks_Route116_2
0x085B9140	rom	Landmarks_Route117_2
0x085B9148	rom	Landmarks_Route119_1
0x085B9150	rom	Landmarks_Route120_0
0x085B9158	rom	Landmarks_Route120_2
0x085B9160	rom	Landmarks_Route121_2
0x085B9168	rom	Landmarks_Route122_0
0x085B9170	rom	Landmarks_Route123_0
0x085B9178	rom	Landmarks_Route124_7
0x085B9180	rom	Landmarks_Route125_2
0x085B9188	rom	Landmarks_Route128_1
0x085B9190	rom	Landmarks_Route131_1
0x085B9198	rom	Landmarks_OceanCurrent
0x085B91A0	rom	Landmarks_Route134_2
0x085B91AC	rom	Landmarks_MtChimney_2
0x085B91B8	rom	sLandmarkLists
0x085B9330	rom	sBigPokeball_Tileset
0x085B98B0	rom	sPokeballTrail_Tileset
0x085B98F0	rom	sPokeball_Gfx
0x085B9AF0	rom	sEliteFour_Tileset
0x085B9CD0	rom	sUnusedBrendan_Gfx
0x085BA4D0	rom	sUnusedLass_Gfx
0x085BACD0	rom	sShrinkingBoxTileset
0x085BAEB0	rom	sEvilTeam_Palette
0x085BAED0	rom	sTeamAqua_Tileset
0x085BB248	rom	sTeamAqua_Tilemap
0x085BB4A4	rom	sTeamMagma_Tileset
0x085BB930	rom	sTeamMagma_Tilemap
0x085BBC14	rom	sRegis_Tileset
0x085BC2B4	rom	sRegice_Palette
0x085BC2D4	rom	sRegisteel_Palette
0x085BC2F4	rom	sRegirock_Palette
0x085BC314	rom	sRegice_Tilemap
0x085BCB14	rom	sRegisteel_Tilemap
0x085BD314	rom	sRegirock_Tilemap
0x085BDB14	rom	sUnused_Palette
0x085BDB34	rom	sKyogre_Tileset
0x085BE1E8	rom	sKyogre_Tilemap
0x085BE51C	rom	sGroudon_Tileset
0x085BEA88	rom	sGroudon_Tilemap
0x085BEDA0	rom	sKyogre1_Palette
0x085BEEE0	rom	sKyogre2_Palette
0x085BF0A0	rom	sGroudon1_Palette
0x085BF2A0	rom	sGroudon2_Palette
0x085BF4A0	rom	sRayquaza_Palette
0x085BF6A0	rom	sRayquaza_Tileset
0x085C6BE0	rom	sRayquaza_Tilemap
0x085C7BE0	rom	sFrontierLogo_Palette
0x085C7C00	rom	sFrontierLogo_Tileset
0x085C828C	rom	sFrontierLogo_Tilemap
0x085C8578	rom	sFrontierSquares_Palette
0x085C8598	rom	sFrontierSquares_FilledBg_Tileset
0x085C86F4	rom	sFrontierSquares_EmptyBg_Tileset
0x085C87F4	rom	sFrontierSquares_Shrink1_Tileset
0x085C88A4	rom	sFrontierSquares_Shrink2_Tileset
0x085C8928	rom	sFrontierSquares_Tilemap
0x085C8948	rom	sTasks_Intro
0x085C89F0	rom	sTasks_Main
0x085C8A98	rom	sTaskHandlers
0x085C8AA8	rom	sBlur_Funcs
0x085C8AB4	rom	sSwirl_Funcs
0x085C8ABC	rom	sShuffle_Funcs
0x085C8AC4	rom	sAqua_Funcs
0x085C8AE0	rom	sMagma_Funcs
0x085C8AFC	rom	sBigPokeball_Funcs
0x085C8B14	rom	sRegice_Funcs
0x085C8B2C	rom	sRegisteel_Funcs
0x085C8B44	rom	sRegirock_Funcs
0x085C8B5C	rom	sKyogre_Funcs
0x085C8B7C	rom	sPokeballsTrail_Funcs
0x085C8B88	rom	sPokeballsTrail_StartXCoords
0x085C8B8C	rom	sPokeballsTrail_Delays
0x085C8B96	rom	sPokeballsTrail_Speeds
0x085C8B9C	rom	sClockwiseWipe_Funcs
0x085C8BB8	rom	sRipple_Funcs
0x085C8BC0	rom	sWave_Funcs
0x085C8BCC	rom	sMugshot_Funcs
0x085C8BF4	rom	sMugshotsTrainerPicIDsTable
0x085C8BFA	rom	sMugshotsOpponentRotationScales
0x085C8C0E	rom	sMugshotsOpponentCoords
0x085C8C24	rom	sMugshotTrainerPicFuncs
0x085C8C40	rom	sTrainerPicSlideSpeeds
0x085C8C44	rom	sTrainerPicSlideAccels
0x085C8C48	rom	sSlice_Funcs
0x085C8C54	rom	sShredSplit_Funcs
0x085C8C64	rom	sShredSplit_SectionYCoords
0x085C8C66	rom	sShredSplit_SectionMoveDirs
0x085C8C6C	rom	sBlackhole_Funcs
0x085C8C78	rom	sBlackholePulsate_Funcs
0x085C8C80	rom	sBlackhole_Vibrations
0x085C8C84	rom	sRectangularSpiral_Funcs
0x085C8C90	rom	sRectangularSpiral_Major_InwardRight
0x085C8C98	rom	sRectangularSpiral_Major_InwardLeft
0x085C8C9E	rom	sRectangularSpiral_Major_InwardUp
0x085C8CA4	rom	sRectangularSpiral_Major_InwardDown
0x085C8CAA	rom	sRectangularSpiral_Minor_InwardRight
0x085C8CB0	rom	sRectangularSpiral_Minor_InwardLeft
0x085C8CB6	rom	sRectangularSpiral_Minor_InwardUp
0x085C8CBC	rom	sRectangularSpiral_Minor_InwardDown
0x085C8CC4	rom	sRectangularSpiral_Minor_OutwardRight
0x085C8CCA	rom	sRectangularSpiral_Minor_OutwardLeft
0x085C8CD2	rom	sRectangularSpiral_Minor_OutwardUp
0x085C8CD8	rom	sRectangularSpiral_Minor_OutwardDown
0x085C8CDE	rom	sRectangularSpiral_Major_OutwardRight
0x085C8CE4	rom	sRectangularSpiral_Major_OutwardLeft
0x085C8CEA	rom	sRectangularSpiral_Major_OutwardUp
0x085C8CF2	rom	sRectangularSpiral_Major_OutwardDown
0x085C8CF8	rom	sRectangularSpiral_MoveDataTable_MajorDiagonal
0x085C8D18	rom	sRectangularSpiral_MoveDataTable_MinorDiagonal
0x085C8D38	rom	sRectangularSpiral_MoveDataTables
0x085C8D40	rom	sGroudon_Funcs
0x085C8D60	rom	sRayquaza_Funcs
0x085C8D8C	rom	sWhiteBarsFade_Funcs
0x085C8DA0	rom	sWhiteBarsFade_StartDelays
0x085C8DB0	rom	sGridSquares_Funcs
0x085C8DBC	rom	sAngledWipes_Funcs
0x085C8DD0	rom	sAngledWipes_MoveData
0x085C8E16	rom	sAngledWipes_EndDelays
0x085C8E24	rom	sTransitionIntroFuncs
0x085C8E2C	rom	sSpriteImage_Pokeball
0x085C8E34	rom	sSpriteAnim_Pokeball
0x085C8E3C	rom	sSpriteAnimTable_Pokeball
0x085C8E40	rom	sSpriteAffineAnim_Pokeball1
0x085C8E50	rom	sSpriteAffineAnim_Pokeball2
0x085C8E60	rom	sSpriteAffineAnimTable_Pokeball
0x085C8E68	rom	sSpriteTemplate_Pokeball
0x085C8E80	rom	sOam_UnusedBrendanLass
0x085C8E88	rom	sImageTable_UnusedBrendan
0x085C8E90	rom	sImageTable_UnusedLass
0x085C8E98	rom	sSpriteAnim_UnusedBrendanLass
0x085C8EA0	rom	sSpriteAnimTable_UnusedBrendanLass
0x085C8EA4	rom	sSpriteTemplate_UnusedBrendan
0x085C8EBC	rom	sSpriteTemplate_UnusedLass
0x085C8ED4	rom	sFieldEffectPal_Pokeball
0x085C8EF4	rom	gSpritePalette_Pokeball
0x085C8EFC	rom	sMugshotPal_Sidney
0x085C8F1C	rom	sMugshotPal_Phoebe
0x085C8F3C	rom	sMugshotPal_Glacia
0x085C8F5C	rom	sMugshotPal_Drake
0x085C8F7C	rom	sMugshotPal_Champion
0x085C8F9C	rom	sMugshotPal_Brendan
0x085C8FBC	rom	sMugshotPal_May
0x085C8FDC	rom	sOpponentMugshotsPals
0x085C8FF0	rom	sPlayerMugshotsPals
0x085C8FF8	rom	sUnusedTrainerPalette
0x085C9018	rom	sSpritePalette_UnusedTrainer
0x085C9020	rom	sBigPokeball_Tilemap
0x085C94D0	rom	sMugshotsTilemap
0x085C99D0	rom	sFrontierLogoWiggle_Funcs
0x085C99E8	rom	sFrontierLogoWave_Funcs
0x085C99F8	rom	sFrontierSquares_Funcs
0x085C9A08	rom	sFrontierSquaresSpiral_Funcs
0x085C9A1C	rom	sFrontierSquaresScroll_Funcs
0x085C9A30	rom	sFrontierSquaresSpiral_Positions
0x085C9A53	rom	sFrontierSquaresScroll_Positions
0x085C9A94	rom	sLinkPartnerBufferCommands
0x085C9B78	rom	sText_Trainer1LoseText
0x085C9B7B	rom	sText_PkmnGainedEXP
0x085C9B98	rom	sText_EmptyString4
0x085C9B99	rom	sText_ABoosted
0x085C9BA4	rom	sText_PkmnGrewToLv
0x085C9BBA	rom	sText_PkmnLearnedMove
0x085C9BCC	rom	sText_TryToLearnMove1
0x085C9BE7	rom	sText_TryToLearnMove2
0x085C9C12	rom	sText_TryToLearnMove3
0x085C9C35	rom	sText_PkmnForgotMove
0x085C9C44	rom	sText_StopLearningMove
0x085C9C59	rom	sText_DidNotLearnMove
0x085C9C6F	rom	sText_UseNextPkmn
0x085C9C81	rom	sText_AttackMissed
0x085C9C95	rom	sText_PkmnProtectedItself
0x085C9CAA	rom	sText_AvoidedDamage
0x085C9CC5	rom	sText_PkmnMakesGroundMiss
0x085C9CE9	rom	sText_PkmnAvoidedAttack
0x085C9D00	rom	sText_ItDoesntAffect
0x085C9D16	rom	sText_AttackerFainted
0x085C9D23	rom	sText_TargetFainted
0x085C9D30	rom	sText_PlayerGotMoney
0x085C9D49	rom	sText_PlayerWhiteout
0x085C9D67	rom	sText_PlayerWhiteout2
0x085C9D78	rom	sText_PreventsEscape
0x085C9D95	rom	sText_CantEscape2
0x085C9DA4	rom	sText_AttackerCantEscape
0x085C9DB5	rom	sText_HitXTimes
0x085C9DC5	rom	sText_PkmnFellAsleep
0x085C9DD5	rom	sText_PkmnMadeSleep
0x085C9DEC	rom	sText_PkmnAlreadyAsleep
0x085C9E02	rom	sText_PkmnAlreadyAsleep2
0x085C9E18	rom	sText_PkmnWasntAffected
0x085C9E2C	rom	sText_PkmnWasPoisoned
0x085C9E3D	rom	sText_PkmnPoisonedBy
0x085C9E52	rom	sText_PkmnHurtByPoison
0x085C9E68	rom	sText_PkmnAlreadyPoisoned
0x085C9E80	rom	sText_PkmnBadlyPoisoned
0x085C9E96	rom	sText_PkmnEnergyDrained
0x085C9EB1	rom	sText_PkmnWasBurned
0x085C9EC0	rom	sText_PkmnBurnedBy
0x085C9ED3	rom	sText_PkmnHurtByBurn
0x085C9EEB	rom	sText_PkmnAlreadyHasBurn
0x085C9F02	rom	sText_PkmnWasFrozen
0x085C9F17	rom	sText_PkmnFrozenBy
0x085C9F2F	rom	sText_PkmnIsFrozen
0x085C9F43	rom	sText_PkmnWasDefrosted
0x085C9F55	rom	sText_PkmnWasDefrosted2
0x085C9F67	rom	sText_PkmnWasDefrostedBy
0x085C9F7F	rom	sText_PkmnWasParalyzed
0x085C9FAA	rom	sText_PkmnWasParalyzedBy
0x085C9FDA	rom	sText_PkmnIsParalyzed
0x085C9FFA	rom	sText_PkmnIsAlreadyParalyzed
0x085CA013	rom	sText_PkmnHealedParalysis
0x085CA02F	rom	sText_PkmnDreamEaten
0x085CA045	rom	sText_StatsWontIncrease
0x085CA05E	rom	sText_StatsWontDecrease
0x085CA076	rom	sText_TeamStoppedWorking
0x085CA096	rom	sText_FoeStoppedWorking
0x085CA0B4	rom	sText_PkmnIsConfused
0x085CA0C4	rom	sText_PkmnHealedConfusion
0x085CA0E1	rom	sText_PkmnWasConfused
0x085CA0F5	rom	sText_PkmnAlreadyConfused
0x085CA10D	rom	sText_PkmnFellInLove
0x085CA11E	rom	sText_PkmnInLove
0x085CA135	rom	sText_PkmnImmobilizedByLove
0x085CA150	rom	sText_PkmnBlownAway
0x085CA163	rom	sText_PkmnChangedType
0x085CA184	rom	sText_PkmnFlinched
0x085CA191	rom	sText_PkmnRegainedHealth
0x085CA1A5	rom	sText_PkmnHPFull
0x085CA1B6	rom	sText_PkmnRaisedSpDef
0x085CA1CE	rom	sText_PkmnRaisedSpDefALittle
0x085CA1EF	rom	sText_PkmnRaisedDef
0x085CA207	rom	sText_PkmnRaisedDefALittle
0x085CA228	rom	sText_PkmnCoveredByVeil
0x085CA249	rom	sText_PkmnUsedSafeguard
0x085CA26F	rom	sText_PkmnSafeguardExpired
0x085CA29F	rom	sText_PkmnWentToSleep
0x085CA2B1	rom	sText_PkmnSleptHealthy
0x085CA2CE	rom	sText_PkmnWhippedWhirlwind
0x085CA2E9	rom	sText_PkmnTookSunlight
0x085CA2FE	rom	sText_PkmnLoweredHead
0x085CA313	rom	sText_PkmnIsGlowing
0x085CA322	rom	sText_PkmnFlewHigh
0x085CA333	rom	sText_PkmnDugHole
0x085CA342	rom	sText_PkmnHidUnderwater
0x085CA355	rom	sText_PkmnSprangUp
0x085CA363	rom	sText_PkmnSqueezedByBind
0x085CA381	rom	sText_PkmnTrappedInVortex
0x085CA39F	rom	sText_PkmnTrappedBySandTomb
0x085CA3BC	rom	sText_PkmnWrappedBy
0x085CA3D2	rom	sText_PkmnClamped
0x085CA3E1	rom	sText_PkmnHurtBy
0x085CA3F3	rom	sText_PkmnFreedFrom
0x085CA409	rom	sText_PkmnCrashed
0x085CA424	rom	gText_PkmnShroudedInMist
0x085CA440	rom	sText_PkmnProtectedByMist
0x085CA459	rom	gText_PkmnGettingPumped
0x085CA46F	rom	sText_PkmnHitWithRecoil
0x085CA486	rom	sText_PkmnProtectedItself2
0x085CA49B	rom	sText_PkmnBuffetedBySandstorm
0x085CA4BC	rom	sText_PkmnPeltedByHail
0x085CA4D2	rom	sText_PkmnsXWoreOff
0x085CA4E4	rom	sText_PkmnSeeded
0x085CA4F3	rom	sText_PkmnEvadedAttack
0x085CA509	rom	sText_PkmnSappedByLeechSeed
0x085CA52E	rom	sText_PkmnFastAsleep
0x085CA541	rom	sText_PkmnWokeUp
0x085CA54D	rom	sText_PkmnUproarKeptAwake
0x085CA56C	rom	sText_PkmnWokeUpInUproar
0x085CA586	rom	sText_PkmnCausedUproar
0x085CA59B	rom	sText_PkmnMakingUproar
0x085CA5B3	rom	sText_PkmnCalmedDown
0x085CA5C3	rom	sText_PkmnCantSleepInUproar
0x085CA5E4	rom	sText_PkmnStockpiled
0x085CA5F6	rom	sText_PkmnCantStockpile
0x085CA613	rom	sText_PkmnCantSleepInUproar2
0x085CA634	rom	sText_UproarKeptPkmnAwake
0x085CA652	rom	sText_PkmnStayedAwakeUsing
0x085CA670	rom	sText_PkmnStoringEnergy
0x085CA686	rom	sText_PkmnUnleashedEnergy
0x085CA69B	rom	sText_PkmnFatigueConfusion
0x085CA6BE	rom	sText_PlayerPickedUpMoney
0x085CA6D1	rom	sText_PkmnUnaffected
0x085CA6E3	rom	sText_PkmnTransformedInto
0x085CA6FB	rom	sText_PkmnMadeSubstitute
0x085CA711	rom	sText_PkmnHasSubstitute
0x085CA72E	rom	sText_SubstituteDamaged
0x085CA752	rom	sText_PkmnSubstituteFaded
0x085CA76A	rom	sText_PkmnMustRecharge
0x085CA77C	rom	sText_PkmnRageBuilding
0x085CA793	rom	sText_PkmnMoveWasDisabled
0x085CA7A9	rom	sText_PkmnMoveDisabledNoMore
0x085CA7C1	rom	sText_PkmnGotEncore
0x085CA7D3	rom	sText_PkmnEncoreEnded
0x085CA7E6	rom	sText_PkmnTookAim
0x085CA7F9	rom	sText_PkmnSketchedMove
0x085CA809	rom	sText_PkmnTryingToTakeFoe
0x085CA82F	rom	sText_PkmnTookFoe
0x085CA843	rom	sText_PkmnReducedPP
0x085CA85A	rom	sText_PkmnStoleItem
0x085CA86C	rom	sText_TargetCantEscapeNow
0x085CA881	rom	sText_PkmnFellIntoNightmare
0x085CA89B	rom	sText_PkmnLockedInNightmare
0x085CA8B8	rom	sText_PkmnLaidCurse
0x085CA8E2	rom	sText_PkmnAfflictedByCurse
0x085CA900	rom	sText_SpikesScattered
0x085CA936	rom	sText_PkmnHurtBySpikes
0x085CA94C	rom	sText_PkmnIdentified
0x085CA95E	rom	sText_PkmnPerishCountFell
0x085CA97C	rom	sText_PkmnBracedItself
0x085CA98E	rom	sText_PkmnEnduredHit
0x085CA9A2	rom	sText_MagnitudeStrength
0x085CA9B0	rom	sText_PkmnCutHPMaxedAttack
0x085CA9D8	rom	sText_PkmnCopiedStatChanges
0x085CA9F5	rom	sText_PkmnGotFree
0x085CAA0D	rom	sText_PkmnShedLeechSeed
0x085CAA21	rom	sText_PkmnBlewAwaySpikes
0x085CAA36	rom	sText_PkmnFledFromBattle
0x085CAA4B	rom	sText_PkmnForesawAttack
0x085CAA61	rom	sText_PkmnTookAttack
0x085CAA78	rom	sText_PkmnChoseXAsDestiny
0x085CAA94	rom	sText_PkmnAttack
0x085CAAA1	rom	sText_PkmnCenterAttention
0x085CAAC4	rom	sText_PkmnChargingPower
0x085CAADD	rom	sText_NaturePowerTurnedInto
0x085CAAFA	rom	sText_PkmnStatusNormal
0x085CAB1A	rom	sText_PkmnSubjectedToTorment
0x085CAB37	rom	sText_PkmnTighteningFocus
0x085CAB53	rom	sText_PkmnFellForTaunt
0x085CAB6A	rom	sText_PkmnReadyToHelp
0x085CAB82	rom	sText_PkmnSwitchedItems
0x085CABA7	rom	sText_PkmnObtainedX
0x085CABB7	rom	sText_PkmnObtainedX2
0x085CABC7	rom	sText_PkmnObtainedXYObtainedZ
0x085CABE7	rom	sText_PkmnCopiedFoe
0x085CABFA	rom	sText_PkmnMadeWish
0x085CAC0A	rom	sText_PkmnWishCameTrue
0x085CAC1F	rom	sText_PkmnPlantedRoots
0x085CAC35	rom	sText_PkmnAbsorbedNutrients
0x085CAC5B	rom	sText_PkmnAnchoredItself
0x085CAC7E	rom	sText_PkmnWasMadeDrowsy
0x085CAC91	rom	sText_PkmnKnockedOff
0x085CACA9	rom	sText_PkmnSwappedAbilities
0x085CACD1	rom	sText_PkmnSealedOpponentMove
0x085CACF3	rom	sText_PkmnWantsGrudge
0x085CAD1B	rom	sText_PkmnLostPPGrudge
0x085CAD46	rom	sText_PkmnShroudedItself
0x085CAD60	rom	sText_PkmnMoveBounced
0x085CAD88	rom	sText_PkmnWaitsForTarget
0x085CADAE	rom	sText_PkmnSnatchedMove
0x085CADC5	rom	sText_ElectricityWeakened
0x085CADE7	rom	sText_FireWeakened
0x085CAE02	rom	sText_XFoundOneY
0x085CAE13	rom	sText_SoothingAroma
0x085CAE3D	rom	sText_ItemsCantBeUsedNow
0x085CAE59	rom	sText_ForXCommaYZ
0x085CAE67	rom	sText_PkmnUsedXToGetPumped
0x085CAE81	rom	sText_PkmnLostFocus
0x085CAEA6	rom	sText_PkmnWasDraggedOut
0x085CAEBB	rom	sText_TheWallShattered
0x085CAECF	rom	sText_ButNoEffect
0x085CAEE5	rom	sText_PkmnHasNoMovesLeft
0x085CAEFC	rom	sText_PkmnMoveIsDisabled
0x085CAF12	rom	sText_PkmnCantUseMoveTorment
0x085CAF4B	rom	sText_PkmnCantUseMoveTaunt
0x085CAF6D	rom	sText_PkmnCantUseMoveSealed
0x085CAF8A	rom	sText_PkmnMadeItRain
0x085CAFA0	rom	sText_PkmnRaisedSpeed
0x085CAFBA	rom	sText_PkmnProtectedBy
0x085CAFD2	rom	sText_PkmnPreventsUsage
0x085CAFF5	rom	sText_PkmnRestoredHPUsing
0x085CB012	rom	sText_PkmnsXMadeYUseless
0x085CB02B	rom	sText_PkmnChangedTypeWith
0x085CB048	rom	sText_PkmnPreventsParalysisWith
0x085CB064	rom	sText_PkmnPreventsRomanceWith
0x085CB07E	rom	sText_PkmnPreventsPoisoningWith
0x085CB09A	rom	sText_PkmnPreventsConfusionWith
0x085CB0B6	rom	sText_PkmnRaisedFirePowerWith
0x085CB0D5	rom	sText_PkmnAnchorsItselfWith
0x085CB0F0	rom	sText_PkmnCutsAttackWith
0x085CB10A	rom	sText_PkmnPreventsStatLossWith
0x085CB126	rom	sText_PkmnHurtsWith
0x085CB137	rom	sText_PkmnTraced
0x085CB14A	rom	sText_PkmnsXPreventsBurns
0x085CB162	rom	sText_PkmnsXBlocksY
0x085CB175	rom	sText_PkmnsXBlocksY2
0x085CB188	rom	sText_PkmnsXRestoredHPALittle2
0x085CB1AA	rom	sText_PkmnsXWhippedUpSandstorm
0x085CB1CA	rom	sText_PkmnsXIntensifiedSun
0x085CB1EE	rom	sText_PkmnsXPreventsYLoss
0x085CB208	rom	sText_PkmnsXInfatuatedY
0x085CB21F	rom	sText_PkmnsXMadeYIneffective
0x085CB23C	rom	sText_PkmnsXCuredYProblem
0x085CB25A	rom	sText_ItSuckedLiquidOoze
0x085CB278	rom	sText_PkmnTransformed
0x085CB288	rom	sText_PkmnsXTookAttack
0x085CB2A1	rom	gText_PkmnsXPreventsSwitching
0x085CB2BE	rom	sText_PreventedFromWorking
0x085CB2E6	rom	sText_PkmnsXMadeItIneffective
0x085CB303	rom	sText_PkmnsXPreventsFlinching
0x085CB31F	rom	sText_PkmnsXPreventsYsZ
0x085CB346	rom	sText_PkmnsXCuredItsYProblem
0x085CB364	rom	sText_PkmnsXHadNoEffectOnY
0x085CB381	rom	sText_StatSharply
0x085CB38A	rom	gText_StatRose
0x085CB390	rom	sText_StatHarshly
0x085CB399	rom	sText_StatFell
0x085CB39F	rom	sText_AttackersStatRose
0x085CB3AA	rom	gText_DefendersStatRose
0x085CB3B5	rom	sText_UsingItemTheStatOfPkmnRose
0x085CB3CF	rom	sText_AttackersStatFell
0x085CB3DA	rom	sText_DefendersStatFell
0x085CB3E5	rom	sText_StatsWontIncrease2
0x085CB405	rom	sText_StatsWontDecrease2
0x085CB424	rom	sText_CriticalHit
0x085CB434	rom	sText_OneHitKO
0x085CB447	rom	sText_123Poof
0x085CB473	rom	sText_AndEllipsis
0x085CB479	rom	sText_HMMovesCantBeForgotten
0x085CB49B	rom	sText_NotVeryEffective
0x085CB4B4	rom	sText_SuperEffective
0x085CB4CA	rom	sText_GotAwaySafely
0x085CB4E0	rom	sText_PkmnFledUsingIts
0x085CB4FB	rom	sText_PkmnFledUsing
0x085CB512	rom	sText_WildPkmnFled
0x085CB524	rom	sText_PlayerDefeatedLinkTrainer
0x085CB538	rom	sText_TwoLinkTrainersDefeated
0x085CB54F	rom	sText_PlayerLostAgainstLinkTrainer
0x085CB567	rom	sText_PlayerLostToTwo
0x085CB581	rom	sText_PlayerBattledToDrawLinkTrainer
0x085CB5A6	rom	sText_PlayerBattledToDrawVsTwo
0x085CB5D2	rom	sText_WildFled
0x085CB5DF	rom	sText_TwoWildFled
0x085CB5F3	rom	sText_NoRunningFromTrainers
0x085CB622	rom	sText_CantEscape
0x085CB631	rom	sText_DontLeaveBirch
0x085CB659	rom	sText_ButNothingHappened
0x085CB66F	rom	sText_ButItFailed
0x085CB67E	rom	sText_ItHurtConfusion
0x085CB69F	rom	sText_MirrorMoveFailed
0x085CB6B7	rom	sText_StartedToRain
0x085CB6CB	rom	sText_DownpourStarted
0x085CB6DF	rom	sText_RainContinues
0x085CB6F7	rom	sText_DownpourContinues
0x085CB70F	rom	sText_RainStopped
0x085CB721	rom	sText_SandstormBrewed
0x085CB735	rom	sText_SandstormRages
0x085CB74A	rom	sText_SandstormSubsided
0x085CB762	rom	sText_SunlightGotBright
0x085CB77B	rom	sText_SunlightStrong
0x085CB793	rom	sText_SunlightFaded
0x085CB7A7	rom	sText_StartedHail
0x085CB7BB	rom	sText_HailContinues
0x085CB7D3	rom	sText_HailStopped
0x085CB7E5	rom	sText_FailedToSpitUp
0x085CB807	rom	sText_FailedToSwallow
0x085CB829	rom	sText_WindBecameHeatWave
0x085CB84B	rom	sText_StatChangesGone
0x085CB86D	rom	sText_CoinsScattered
0x085CB889	rom	sText_TooWeakForSubstitute
0x085CB8AF	rom	sText_SharedPain
0x085CB8CF	rom	sText_BellChimed
0x085CB8DE	rom	sText_FaintInThree
0x085CB90E	rom	sText_NoPPLeft
0x085CB931	rom	sText_ButNoPPLeft
0x085CB958	rom	sText_PkmnIgnoresAsleep
0x085CB978	rom	sText_PkmnIgnoredOrders
0x085CB98B	rom	sText_PkmnBeganToNap
0x085CB99C	rom	sText_PkmnLoafing
0x085CB9B2	rom	sText_PkmnWontObey
0x085CB9C1	rom	sText_PkmnTurnedAway
0x085CB9D1	rom	sText_PkmnPretendNotNotice
0x085CB9ED	rom	sText_EnemyAboutToSwitchPkmn
0x085CBA1F	rom	sText_PkmnLearnedMove2
0x085CBA2E	rom	sText_PlayerDefeatedLinkTrainerTrainer1
0x085CBA46	rom	sText_CreptCloser
0x085CBA5D	rom	sText_CantGetCloser
0x085CBA76	rom	sText_PkmnWatchingCarefully
0x085CBA90	rom	sText_PkmnCuriousAboutX
0x085CBAAC	rom	sText_PkmnEnthralledByX
0x085CBAC8	rom	sText_PkmnIgnoredX
0x085CBAE6	rom	sText_ThrewPokeblockAtPkmn
0x085CBB02	rom	sText_OutOfSafariBalls
0x085CBB39	rom	sText_OpponentMon1Appeared
0x085CBB47	rom	sText_WildPkmnAppeared
0x085CBB5A	rom	sText_LegendaryPkmnAppeared
0x085CBB6D	rom	sText_WildPkmnAppearedPause
0x085CBB82	rom	sText_TwoWildPkmnAppeared
0x085CBB9C	rom	sText_Trainer1WantsToBattle
0x085CBBB9	rom	sText_LinkTrainerWantsToBattle
0x085CBBCD	rom	sText_TwoLinkTrainersWantToBattle
0x085CBBE7	rom	sText_Trainer1SentOutPkmn
0x085CBBFA	rom	sText_Trainer1SentOutTwoPkmn
0x085CBC14	rom	sText_Trainer1SentOutPkmn2
0x085CBC27	rom	sText_LinkTrainerSentOutPkmn
0x085CBC37	rom	sText_LinkTrainerSentOutTwoPkmn
0x085CBC4E	rom	sText_TwoLinkTrainersSentOutPkmn
0x085CBC6E	rom	sText_LinkTrainerSentOutPkmn2
0x085CBC7E	rom	sText_LinkTrainerMultiSentOutPkmn
0x085CBC8E	rom	sText_GoPkmn
0x085CBC96	rom	sText_GoTwoPkmn
0x085CBCA5	rom	sText_GoPkmn2
0x085CBCAD	rom	sText_DoItPkmn
0x085CBCB8	rom	sText_GoForItPkmn
0x085CBCC7	rom	sText_YourFoesWeakGetEmPkmn
0x085CBCE5	rom	sText_LinkPartnerSentOutPkmnGoPkmn
0x085CBCFD	rom	sText_PkmnThatsEnough
0x085CBD1B	rom	sText_PkmnComeBack
0x085CBD2A	rom	sText_PkmnOkComeBack
0x085CBD3D	rom	sText_PkmnGoodComeBack
0x085CBD52	rom	sText_Trainer1WithdrewPkmn
0x085CBD65	rom	sText_LinkTrainer1WithdrewPkmn
0x085CBD75	rom	sText_LinkTrainer2WithdrewPkmn
0x085CBD85	rom	sText_WildPkmnPrefix
0x085CBD8B	rom	sText_FoePkmnPrefix
0x085CBD90	rom	sText_EmptyString8
0x085CBD91	rom	sText_FoePkmnPrefix2
0x085CBD95	rom	sText_AllyPkmnPrefix
0x085CBD9A	rom	sText_FoePkmnPrefix3
0x085CBD9E	rom	sText_AllyPkmnPrefix2
0x085CBDA3	rom	sText_FoePkmnPrefix4
0x085CBDA7	rom	sText_AllyPkmnPrefix3
0x085CBDAC	rom	sText_AttackerUsedX
0x085CBDB7	rom	sText_ExclamationMark
0x085CBDB9	rom	sText_ExclamationMark2
0x085CBDBB	rom	sText_ExclamationMark3
0x085CBDBD	rom	sText_ExclamationMark4
0x085CBDBF	rom	sText_ExclamationMark5
0x085CBDC1	rom	sText_HP2
0x085CBDC4	rom	sText_Attack2
0x085CBDCB	rom	sText_Defense2
0x085CBDD3	rom	sText_Speed
0x085CBDD9	rom	sText_SpAtk2
0x085CBDE1	rom	sText_SpDef2
0x085CBDE9	rom	sText_Accuracy
0x085CBDF2	rom	sText_Evasiveness
0x085CBE00	rom	gStatNamesTable
0x085CBE20	rom	sText_PokeblockWasTooSpicy
0x085CBE2F	rom	sText_PokeblockWasTooDry
0x085CBE3C	rom	sText_PokeblockWasTooSweet
0x085CBE4B	rom	sText_PokeblockWasTooBitter
0x085CBE5B	rom	sText_PokeblockWasTooSour
0x085CBE6C	rom	gPokeblockWasTooXStringTable
0x085CBE80	rom	sText_PlayerUsedItem
0x085CBE8C	rom	sText_WallyUsedItem
0x085CBE9B	rom	sText_Trainer1UsedItem
0x085CBEAA	rom	sText_TrainerBlockedBall
0x085CBEC8	rom	sText_DontBeAThief
0x085CBEDA	rom	sText_ItDodgedBall
0x085CBF13	rom	sText_YouMissedPkmn
0x085CBF2B	rom	sText_PkmnBrokeFree
0x085CBF4B	rom	sText_ItAppearedCaught
0x085CBF6A	rom	sText_AarghAlmostHadIt
0x085CBF80	rom	sText_ShootSoClose
0x085CBF9D	rom	sText_GotchaPkmnCaughtPlayer
0x085CBFBB	rom	sText_GotchaPkmnCaughtWally
0x085CBFDB	rom	sText_GiveNicknameCaptured
0x085CBFFF	rom	sText_PkmnSentToPC
0x085CC015	rom	sText_Someones
0x085CC01F	rom	sText_Lanettes
0x085CC029	rom	sText_PkmnDataAddedToDex
0x085CC04E	rom	sText_ItIsRaining
0x085CC05D	rom	sText_SandstormIsRaging
0x085CC074	rom	sText_BoxIsFull
0x085CC0A0	rom	sText_EnigmaBerry
0x085CC0AD	rom	sText_BerrySuffix
0x085CC0B4	rom	sText_PkmnsItemCuredParalysis
0x085CC0CD	rom	sText_PkmnsItemCuredPoison
0x085CC0E3	rom	sText_PkmnsItemHealedBurn
0x085CC0FC	rom	sText_PkmnsItemDefrostedIt
0x085CC112	rom	sText_PkmnsItemWokeIt
0x085CC132	rom	sText_PkmnsItemSnappedOut
0x085CC157	rom	sText_PkmnsItemCuredProblem
0x085CC175	rom	sText_PkmnsItemNormalizedStatus
0x085CC194	rom	sText_PkmnsItemRestoredHealth
0x085CC1AD	rom	sText_PkmnsItemRestoredPP
0x085CC1C7	rom	sText_PkmnsItemRestoredStatus
0x085CC1E4	rom	sText_PkmnsItemRestoredHPALittle
0x085CC206	rom	sText_ItemAllowsOnlyYMove
0x085CC225	rom	sText_PkmnHungOnWithX
0x085CC23E	rom	gText_EmptyString3
0x085CC23F	rom	sText_YouThrowABallNowRight
0x085CC270	rom	gBattleStringsTable
0x085CC834	rom	gMissStringIds
0x085CC83E	rom	gNoEscapeStringIds
0x085CC848	rom	gMoveWeatherChangeStringIds
0x085CC854	rom	gSandStormHailContinuesStringIds
0x085CC858	rom	gSandStormHailDmgStringIds
0x085CC85C	rom	gSandStormHailEndStringIds
0x085CC860	rom	gRainContinuesStringIds
0x085CC866	rom	gProtectLikeUsedStringIds
0x085CC86C	rom	gReflectLightScreenSafeguardStringIds
0x085CC878	rom	gLeechSeedStringIds
0x085CC882	rom	gRestUsedStringIds
0x085CC886	rom	gUproarOverTurnStringIds
0x085CC88A	rom	gStockpileUsedStringIds
0x085CC88E	rom	gWokeUpStringIds
0x085CC892	rom	gSwallowFailStringIds
0x085CC896	rom	gUproarAwakeStringIds
0x085CC89C	rom	gStatUpStringIds
0x085CC8A8	rom	gStatDownStringIds
0x085CC8B0	rom	gFirstTurnOfTwoStringIds
0x085CC8C0	rom	gWrappedStringIds
0x085CC8CC	rom	gMistUsedStringIds
0x085CC8D0	rom	gFocusEnergyUsedStringIds
0x085CC8D4	rom	gTransformUsedStringIds
0x085CC8D8	rom	gSubstituteUsedStringIds
0x085CC8DC	rom	gGotPoisonedStringIds
0x085CC8E0	rom	gGotParalyzedStringIds
0x085CC8E4	rom	gFellAsleepStringIds
0x085CC8E8	rom	gGotBurnedStringIds
0x085CC8EC	rom	gGotFrozenStringIds
0x085CC8F0	rom	gGotDefrostedStringIds
0x085CC8F4	rom	gKOFailedStringIds
0x085CC8F8	rom	gAttractUsedStringIds
0x085CC8FC	rom	gAbsorbDrainStringIds
0x085CC900	rom	gSportsUsedStringIds
0x085CC904	rom	gPartyStatusHealStringIds
0x085CC90E	rom	gFutureMoveUsedStringIds
0x085CC912	rom	gBallEscapeStringIds
0x085CC91A	rom	gWeatherStartsStringIds
0x085CC93A	rom	gInobedientStringIds
0x085CC944	rom	gSafariGetNearStringIds
0x085CC948	rom	gSafariPokeblockResultStringIds
0x085CC94E	rom	gTrainerItemCuredStatusStringIds
0x085CC95A	rom	gBerryEffectStringIds
0x085CC95E	rom	gBRNPreventionStringIds
0x085CC964	rom	gPRLZPreventionStringIds
0x085CC96A	rom	gPSNPreventionStringIds
0x085CC970	rom	gItemSwapStringIds
0x085CC976	rom	gFlashFireStringIds
0x085CC97A	rom	gCaughtMonStringIds
0x085CC982	rom	gTrappingMoves
0x085CC990	rom	gText_PkmnIsEvolving
0x085CC9A6	rom	gText_CongratsPkmnEvolved
0x085CC9D3	rom	gText_PkmnStoppedEvolving
0x085CC9EE	rom	gText_EllipsisQuestionMark
0x085CC9F3	rom	gText_WhatWillPkmnDo
0x085CCA04	rom	gText_WhatWillPkmnDo2
0x085CCA15	rom	gText_WhatWillWallyDo
0x085CCA29	rom	gText_LinkStandby
0x085CCA3A	rom	gText_BattleMenu
0x085CCA54	rom	gText_SafariZoneMenu
0x085CCA6F	rom	gText_MoveInterfacePP
0x085CCA73	rom	gText_MoveInterfaceType
0x085CCA79	rom	gText_MoveInterfacePpType
0x085CCA8A	rom	gText_MoveInterfaceDynamicColors
0x085CCA93	rom	gText_WhichMoveToForget4
0x085CCABB	rom	gText_BattleYesNoChoice
0x085CCACA	rom	gText_BattleSwitchWhich
0x085CCAE0	rom	gText_BattleSwitchWhich2
0x085CCAE9	rom	gText_BattleSwitchWhich3
0x085CCAEB	rom	gText_BattleSwitchWhich4
0x085CCAEF	rom	gText_BattleSwitchWhich5
0x085CCAF1	rom	sText_HP
0x085CCAF4	rom	sText_Attack
0x085CCAFB	rom	sText_Defense
0x085CCB03	rom	sText_SpAtk
0x085CCB0B	rom	sText_SpDef
0x085CCB14	rom	sStatNamesTable2
0x085CCB2C	rom	gText_SafariBalls
0x085CCB3C	rom	gText_SafariBallLeft
0x085CCB4A	rom	gText_Sleep
0x085CCB50	rom	gText_Poison
0x085CCB57	rom	gText_Burn
0x085CCB5C	rom	gText_Paralysis
0x085CCB66	rom	gText_Ice
0x085CCB6A	rom	gText_Confusion
0x085CCB74	rom	gText_Love
0x085CCB79	rom	gText_SpaceAndSpace
0x085CCB7F	rom	gText_CommaSpace
0x085CCB82	rom	gText_Space2
0x085CCB84	rom	gText_LineBreak
0x085CCB86	rom	gText_NewLine
0x085CCB88	rom	gText_Are
0x085CCB8C	rom	gText_Are2
0x085CCB90	rom	gText_BadEgg
0x085CCB98	rom	gText_BattleWallyName
0x085CCB9E	rom	gText_Win
0x085CCBA5	rom	gText_Loss
0x085CCBAD	rom	gText_Draw
0x085CCBB5	rom	sText_SpaceIs
0x085CCBB9	rom	sText_ApostropheS
0x085CCBBC	rom	sATypeMove_Table
0x085CCCEE	rom	gText_BattleTourney
0x085CCCFD	rom	sText_Round1
0x085CCD05	rom	sText_Round2
0x085CCD0D	rom	sText_Semifinal
0x085CCD17	rom	sText_Final
0x085CCD20	rom	gRoundsStringTable
0x085CCD30	rom	gText_TheGreatNewHope
0x085CCD45	rom	gText_WillChampionshipDreamComeTrue
0x085CCD6E	rom	gText_AFormerChampion
0x085CCD82	rom	gText_ThePreviousChampion
0x085CCD9A	rom	gText_TheUnbeatenChampion
0x085CCDB2	rom	gText_PlayerMon1Name
0x085CCDB5	rom	gText_Vs
0x085CCDB8	rom	gText_OpponentMon1Name
0x085CCDBB	rom	gText_Mind
0x085CCDC0	rom	gText_Skill
0x085CCDC6	rom	gText_Body
0x085CCDCB	rom	gText_Judgment
0x085CCDDE	rom	sText_TwoTrainersSentPkmn
0x085CCE04	rom	sText_Trainer2SentOutPkmn
0x085CCE17	rom	sText_TwoTrainersWantToBattle
0x085CCE38	rom	sText_InGamePartnerSentOutZGoN
0x085CCE53	rom	sText_TwoInGameTrainersDefeated
0x085CCE73	rom	sText_Trainer2LoseText
0x085CCE76	rom	sText_PkmnIncapableOfPower
0x085CCE9F	rom	sText_GlintAppearsInEye
0x085CCEBD	rom	sText_PkmnGettingIntoPosition
0x085CCEDA	rom	sText_PkmnBeganGrowlingDeeply
0x085CCEF4	rom	sText_PkmnEagerForMore
0x085CCF0A	rom	gBattlePalaceFlavorTextTable
0x085CCF12	rom	sText_RefIfNothingIsDecided
0x085CCF54	rom	sText_RefThatsIt
0x085CCF9B	rom	sText_RefJudgeMind
0x085CCFE2	rom	sText_RefJudgeSkill
0x085CD029	rom	sText_RefJudgeBody
0x085CD071	rom	sText_RefPlayerWon
0x085CD0A6	rom	sText_RefOpponentWon
0x085CD0DB	rom	sText_RefDraw
0x085CD107	rom	sText_DefeatedOpponentByReferee
0x085CD13C	rom	sText_LostToOpponentByReferee
0x085CD170	rom	sText_TiedOpponentByReferee
0x085CD1A1	rom	sText_RefCommenceBattle
0x085CD1C8	rom	gRefereeStringsTable
0x085CD1EC	rom	sText_QuestionForfeitMatch
0x085CD21E	rom	sText_ForfeitedMatch
0x085CD236	rom	sText_Trainer1WinText
0x085CD239	rom	sText_Trainer2WinText
0x085CD23C	rom	sText_Trainer1Fled
0x085CD24C	rom	sText_PlayerLostAgainstTrainer1
0x085CD267	rom	sText_PlayerBattledToDrawTrainer1
0x085CD28F	rom	gText_RecordBattleToPass
0x085CD2CB	rom	gText_BattleRecordedOnPass
0x085CD301	rom	sText_LinkTrainerWantsToBattlePause
0x085CD318	rom	sText_TwoLinkTrainersWantToBattlePause
0x085CD336	rom	sGrammarMoveUsedTable
0x085CD422	rom	sText_EmptyStatus
0x085CD42C	rom	sTextOnWindowsInfo_Normal
0x085CD54C	rom	sTextOnWindowsInfo_Arena
0x085CD660	rom	sBattleTextOnWindowsInfo
0x085CD668	rom	sRecordedBattleTextSpeeds
0x085CD66C	rom	sBgTemplates
0x085CD67C	rom	sGround_Tilemap
0x085CD7D4	rom	sTrees_Tilemap
0x085CD958	rom	sBgMountains_Tilemap
0x085CDB1C	rom	sPylonTop_Tilemap
0x085CDB30	rom	sPylonPole_Tilemap
0x085CDB54	rom	sSpriteSheets
0x085CDB74	rom	sSpritePalettes
0x085CDB84	rom	sOam_CableCar
0x085CDB8C	rom	sOam_CableCarDoor
0x085CDB94	rom	sOam_Cable
0x085CDB9C	rom	sSpriteTemplates_CableCar
0x085CDBCC	rom	sSpriteTemplate_Cable
0x085CDC00	rom	sSaveSlotLayout
0x085CDC3E	rom	sShadowEffectTemplateIds
0x085CDC42	rom	gShadowVerticalOffsets
0x085CDC4C	rom	gFadeFootprintsTireTracksFuncs
0x085CDC54	rom	gAshFieldEffectFuncs
0x085CDC6E	rom	sFigure8XOffsets
0x085CDCB6	rom	sFigure8YOffsets
0x085CDD00	rom	sContestAICmdTable
0x085CDF20	rom	sSafariBufferCommands
0x085CE004	rom	gScratchAnimCmds
0x085CE01C	rom	gScratchAnimTable
0x085CE020	rom	gScratchSpriteTemplate
0x085CE038	rom	gBlackSmokeSpriteTemplate
0x085CE050	rom	gBlackBallSpriteTemplate
0x085CE068	rom	gOpeningEyeAnimCmds
0x085CE078	rom	gOpeningEyeAnimTable
0x085CE07C	rom	gOpeningEyeSpriteTemplate
0x085CE094	rom	gWhiteHaloSpriteTemplate
0x085CE0AC	rom	gTealAlertSpriteTemplate
0x085CE0C4	rom	gMeanLookEyeAffineAnimCmds1
0x085CE0E4	rom	gMeanLookEyeAffineAnimCmds2
0x085CE0FC	rom	gMeanLookEyeAffineAnimTable
0x085CE104	rom	gMeanLookEyeSpriteTemplate
0x085CE11C	rom	gSpikesSpriteTemplate
0x085CE134	rom	gLeerAnimCmds
0x085CE14C	rom	gLeerAnimTable
0x085CE150	rom	gLeerSpriteTemplate
0x085CE168	rom	gLetterZAnimCmds
0x085CE170	rom	gLetterZAnimTable
0x085CE174	rom	gLetterZAffineAnimCmds
0x085CE18C	rom	gLetterZAffineAnimTable
0x085CE190	rom	gLetterZSpriteTemplate
0x085CE1A8	rom	gFangAnimCmds
0x085CE1BC	rom	gFangAnimTable
0x085CE1C0	rom	gFangAffineAnimCmds
0x085CE1D8	rom	gFangAffineAnimTable
0x085CE1DC	rom	gFangSpriteTemplate
0x085CE1F4	rom	gSpotlightAffineAnimCmds1
0x085CE20C	rom	gSpotlightAffineAnimCmds2
0x085CE224	rom	gSpotlightAffineAnimTable
0x085CE22C	rom	gSpotlightSpriteTemplate
0x085CE244	rom	gClappingHandSpriteTemplate
0x085CE25C	rom	gClappingHand2SpriteTemplate
0x085CE274	rom	gRapidSpinAnimCmds
0x085CE284	rom	gRapidSpinAnimTable
0x085CE288	rom	gRapidSpinSpriteTemplate
0x085CE2A0	rom	sAffineAnims_Torment
0x085CE2C0	rom	gTriAttackTriangleAnimCmds
0x085CE2C8	rom	gTriAttackTriangleAnimTable
0x085CE2CC	rom	gTriAttackTriangleAffineAnimCmds
0x085CE2F4	rom	gTriAttackTriangleAffineAnimTable
0x085CE2F8	rom	gTriAttackTriangleSpriteTemplate
0x085CE310	rom	gEclipsingOrbAnimCmds
0x085CE334	rom	gEclipsingOrbAnimTable
0x085CE338	rom	gEclipsingOrbSpriteTemplate
0x085CE350	rom	DefenseCurlDeformMonAffineAnimCmds
0x085CE370	rom	gBatonPassPokeballSpriteTemplate
0x085CE388	rom	gWishStarSpriteTemplate
0x085CE3A0	rom	gMiniTwinklingStarSpriteTemplate
0x085CE3B8	rom	gStockpileDeformMonAffineAnimCmds
0x085CE3E0	rom	gSpitUpDeformMonAffineAnimCmds
0x085CE418	rom	gSwallowBlueOrbSpriteTemplate
0x085CE430	rom	gSwallowDeformMonAffineAnimCmds
0x085CE460	rom	gMorningSunLightBeamCoordsTable
0x085CE464	rom	gGreenStarAnimCmds1
0x085CE470	rom	gGreenStarAnimCmds2
0x085CE478	rom	gGreenStarAnimCmds3
0x085CE480	rom	gGreenStarAnimTable
0x085CE48C	rom	gGreenStarSpriteTemplate
0x085CE4A4	rom	gDoomDesireLightBeamCoordTable
0x085CE4A8	rom	gDoomDesireLightBeamDelayTable
0x085CE4B0	rom	gStrongFrustrationAffineAnimCmds
0x085CE4D0	rom	gWeakFrustrationAngerMarkSpriteTemplate
0x085CE4E8	rom	gSweetScentPetalAnimCmds1
0x085CE50C	rom	gSweetScentPetalAnimCmds2
0x085CE530	rom	gSweetScentPetalAnimCmds3
0x085CE538	rom	gSweetScentPetalAnimCmdTable
0x085CE544	rom	gSweetScentPetalSpriteTemplate
0x085CE55C	rom	sUnusedPalette
0x085CE57C	rom	gPainSplitAnimCmds
0x085CE58C	rom	gPainSplitAnimCmdTable
0x085CE590	rom	gPainSplitProjectileSpriteTemplate
0x085CE5A8	rom	gFlatterConfettiSpriteTemplate
0x085CE5C0	rom	gFlatterSpotlightSpriteTemplate
0x085CE5D8	rom	gReversalOrbSpriteTemplate
0x085CE5F0	rom	gDeepInhaleAffineAnimCmds
0x085CE620	rom	gYawnCloudAffineAnimCmds1
0x085CE640	rom	gYawnCloudAffineAnimCmds2
0x085CE660	rom	gYawnCloudAffineAnimCmds3
0x085CE680	rom	gYawnCloudAffineAnimTable
0x085CE68C	rom	gYawnCloudSpriteTemplate
0x085CE6A4	rom	gSmokeBallEscapeCloudAffineAnimCmds1
0x085CE6C4	rom	gSmokeBallEscapeCloudAffineAnimCmds2
0x085CE6E4	rom	gSmokeBallEscapeCloudAffineAnimCmds3
0x085CE704	rom	gSmokeBallEscapeCloudAffineAnimCmds4
0x085CE724	rom	gSmokeBallEscapeCloudAffineAnimTable
0x085CE734	rom	gSmokeBallEscapeCloudSpriteTemplate
0x085CE74C	rom	gFacadeSquishAffineAnimCmds
0x085CE76C	rom	gFacadeSweatDropSpriteTemplate
0x085CE784	rom	gFacadeBlendColors
0x085CE7B4	rom	gRoarNoiseLineAnimCmds1
0x085CE7C0	rom	gRoarNoiseLineAnimCmds2
0x085CE7CC	rom	gRoarNoiseLineAnimTable
0x085CE7D4	rom	gRoarNoiseLineSpriteTemplate
0x085CE7EC	rom	gGlareEyeDotSpriteTemplate
0x085CE804	rom	gAssistPawprintSpriteTemplate
0x085CE81C	rom	gBarrageBallAffineAnimCmds1
0x085CE82C	rom	gBarrageBallAffineAnimCmds2
0x085CE844	rom	gBarrageBallAffineAnimTable
0x085CE84C	rom	gBarrageBallSpriteTemplate
0x085CE864	rom	gSmellingSaltsHandSpriteTemplate
0x085CE87C	rom	gSmellingSaltsSquishAffineAnimCmds
0x085CE894	rom	gSmellingSaltExclamationSpriteTemplate
0x085CE8AC	rom	gHelpingHandClapSpriteTemplate
0x085CE8C4	rom	gForesightMagnifyingGlassSpriteTemplate
0x085CE8DC	rom	gMeteorMashStarSpriteTemplate
0x085CE8F4	rom	sUnusedStarBurstSpriteTemplate
0x085CE90C	rom	gBlockXSpriteTemplate
0x085CE924	rom	sUnusedItemBagStealSpriteTemplate
0x085CE93C	rom	gKnockOffStrikeAnimCmds
0x085CE948	rom	gKnockOffStrikeAnimTable
0x085CE94C	rom	gKnockOffStrikeAffineanimCmds1
0x085CE964	rom	gKnockOffStrikeAffineanimCmds2
0x085CE97C	rom	gKnockOffStrikeAffineAnimTable
0x085CE984	rom	gKnockOffStrikeSpriteTemplate
0x085CE99C	rom	gRecycleSpriteAffineAnimCmds
0x085CE9AC	rom	gRecycleSpriteAffineAnimTable
0x085CE9B0	rom	gRecycleSpriteTemplate
0x085CE9C8	rom	gSlackOffSquishAffineAnimCmds
0x085CE9F8	rom	sUI_Pal
0x085CEA18	rom	sUI_Tiles
0x085CEB98	rom	sHeartSpriteOamData
0x085CEBA0	rom	sUnusedOam1
0x085CEBA8	rom	sUnusedOam2
0x085CEBB0	rom	sMoveRelearnerSpriteSheet
0x085CEBB8	rom	sMoveRelearnerPalette
0x085CEBC0	rom	sDisplayModeArrowsTemplate
0x085CEBD0	rom	sMoveListScrollArrowsTemplate
0x085CEBE0	rom	sHeartSprite_AppealEmptyFrame
0x085CEBE8	rom	sHeartSprite_AppealFullFrame
0x085CEBF0	rom	sHeartSprite_JamEmptyFrame
0x085CEBF8	rom	sHeartSprite_JamFullFrame
0x085CEC00	rom	sHeartSpriteAnimationCommands
0x085CEC10	rom	sConstestMoveHeartSprite
0x085CEC28	rom	sMoveRelearnerMenuBackgroundTemplates
0x085CEC30	rom	sRoamerLocations
0x085CECB0	rom	gBattleFrontierHeldItems
0x085CED2E	rom	gBattleFrontierTrainerMons_Brady
0x085CEDAC	rom	gBattleFrontierTrainerMons_Conner
0x085CEE2A	rom	gBattleFrontierTrainerMons_Bradley
0x085CEEA8	rom	gBattleFrontierTrainerMons_Cybil
0x085CEF26	rom	gBattleFrontierTrainerMons_Rodette
0x085CEFA4	rom	gBattleFrontierTrainerMons_Peggy
0x085CF022	rom	gBattleFrontierTrainerMons_Keith
0x085CF07C	rom	gBattleFrontierTrainerMons_Grayson
0x085CF0D6	rom	gBattleFrontierTrainerMons_Glenn
0x085CF130	rom	gBattleFrontierTrainerMons_Liliana
0x085CF18A	rom	gBattleFrontierTrainerMons_Elise
0x085CF1E4	rom	gBattleFrontierTrainerMons_Zoey
0x085CF23E	rom	gBattleFrontierTrainerMons_Manuel
0x085CF28A	rom	gBattleFrontierTrainerMons_Russ
0x085CF2D6	rom	gBattleFrontierTrainerMons_Dustin
0x085CF322	rom	gBattleFrontierTrainerMons_Tina
0x085CF36E	rom	gBattleFrontierTrainerMons_Gillian
0x085CF3BA	rom	gBattleFrontierTrainerMons_Zoe
0x085CF406	rom	gBattleFrontierTrainerMons_Chen
0x085CF46E	rom	gBattleFrontierTrainerMons_Al
0x085CF4D6	rom	gBattleFrontierTrainerMons_Mitch
0x085CF53E	rom	gBattleFrontierTrainerMons_Anne
0x085CF5A6	rom	gBattleFrontierTrainerMons_Alize
0x085CF60E	rom	gBattleFrontierTrainerMons_Lauren
0x085CF676	rom	gBattleFrontierTrainerMons_Kipp
0x085CF6B8	rom	gBattleFrontierTrainerMons_Jason
0x085CF6FA	rom	gBattleFrontierTrainerMons_John
0x085CF73C	rom	gBattleFrontierTrainerMons_Ann
0x085CF77E	rom	gBattleFrontierTrainerMons_Eileen
0x085CF7C0	rom	gBattleFrontierTrainerMons_Carlie
0x085CF802	rom	gBattleFrontierTrainerMons_Gordon
0x085CF868	rom	gBattleFrontierTrainerMons_Ayden
0x085CF8CE	rom	gBattleFrontierTrainerMons_Marco
0x085CF934	rom	gBattleFrontierTrainerMons_Cierra
0x085CF994	rom	gBattleFrontierTrainerMons_Marcy
0x085CF9F4	rom	gBattleFrontierTrainerMons_Kathy
0x085CFA54	rom	gBattleFrontierTrainerMons_Peyton
0x085CFA9E	rom	gBattleFrontierTrainerMons_Julian
0x085CFAE8	rom	gBattleFrontierTrainerMons_Quinn
0x085CFB32	rom	gBattleFrontierTrainerMons_Haylee
0x085CFB86	rom	gBattleFrontierTrainerMons_Amanda
0x085CFBDA	rom	gBattleFrontierTrainerMons_Stacy
0x085CFC2E	rom	gBattleFrontierTrainerMons_Rafael
0x085CFCAC	rom	gBattleFrontierTrainerMons_Oliver
0x085CFD06	rom	gBattleFrontierTrainerMons_Payton
0x085CFD6E	rom	gBattleFrontierTrainerMons_Pamela
0x085CFDEC	rom	gBattleFrontierTrainerMons_Eliza
0x085CFE46	rom	gBattleFrontierTrainerMons_Marisa
0x085CFEAE	rom	gBattleFrontierTrainerMons_Lewis
0x085CFEE2	rom	gBattleFrontierTrainerMons_Yoshi
0x085CFF16	rom	gBattleFrontierTrainerMons_Destin
0x085CFF46	rom	gBattleFrontierTrainerMons_Keon
0x085CFFA8	rom	gBattleFrontierTrainerMons_Stuart
0x085D000A	rom	gBattleFrontierTrainerMons_Nestor
0x085D006C	rom	gBattleFrontierTrainerMons_Derrick
0x085D00AA	rom	gBattleFrontierTrainerMons_Bryson
0x085D00E8	rom	gBattleFrontierTrainerMons_Clayton
0x085D0126	rom	gBattleFrontierTrainerMons_Trenton
0x085D014E	rom	gBattleFrontierTrainerMons_Jenson
0x085D0176	rom	gBattleFrontierTrainerMons_Wesley
0x085D019E	rom	gBattleFrontierTrainerMons_Anton
0x085D01CC	rom	gBattleFrontierTrainerMons_Lawson
0x085D01FA	rom	gBattleFrontierTrainerMons_Sammy
0x085D0228	rom	gBattleFrontierTrainerMons_Arnie
0x085D02A6	rom	gBattleFrontierTrainerMons_Adrian
0x085D0300	rom	gBattleFrontierTrainerMons_Tristan
0x085D0368	rom	gBattleFrontierTrainerMons_Juliana
0x085D038A	rom	gBattleFrontierTrainerMons_Rylee
0x085D03AC	rom	gBattleFrontierTrainerMons_Chelsea
0x085D03CE	rom	gBattleFrontierTrainerMons_Danela
0x085D044C	rom	gBattleFrontierTrainerMons_Lizbeth
0x085D04A6	rom	gBattleFrontierTrainerMons_Amelia
0x085D050E	rom	gBattleFrontierTrainerMons_Jillian
0x085D054A	rom	gBattleFrontierTrainerMons_Abbie
0x085D0586	rom	gBattleFrontierTrainerMons_Briana
0x085D05C2	rom	gBattleFrontierTrainerMons_Antonio
0x085D0602	rom	gBattleFrontierTrainerMons_Jaden
0x085D0642	rom	gBattleFrontierTrainerMons_Dakota
0x085D0682	rom	gBattleFrontierTrainerMons_Brayden
0x085D06C8	rom	gBattleFrontierTrainerMons_Corson
0x085D070E	rom	gBattleFrontierTrainerMons_Trevin
0x085D0754	rom	gBattleFrontierTrainerMons_Patrick
0x085D0796	rom	gBattleFrontierTrainerMons_Kaden
0x085D07D8	rom	gBattleFrontierTrainerMons_Maxwell
0x085D081A	rom	gBattleFrontierTrainerMons_Daryl
0x085D0852	rom	gBattleFrontierTrainerMons_Kenneth
0x085D088A	rom	gBattleFrontierTrainerMons_Rich
0x085D08C2	rom	gBattleFrontierTrainerMons_Caden
0x085D08EE	rom	gBattleFrontierTrainerMons_Marlon
0x085D091A	rom	gBattleFrontierTrainerMons_Nash
0x085D0946	rom	gBattleFrontierTrainerMons_Robby
0x085D09A0	rom	gBattleFrontierTrainerMons_Reece
0x085D09FA	rom	gBattleFrontierTrainerMons_Kathryn
0x085D0A54	rom	gBattleFrontierTrainerMons_Ellen
0x085D0AAE	rom	gBattleFrontierTrainerMons_Ramon
0x085D0AF0	rom	gBattleFrontierTrainerMons_Arthur
0x085D0B32	rom	gBattleFrontierTrainerMons_Alondra
0x085D0B74	rom	gBattleFrontierTrainerMons_Adriana
0x085D0BB6	rom	gBattleFrontierTrainerMons_Malik
0x085D0BF2	rom	gBattleFrontierTrainerMons_Jill
0x085D0C2E	rom	gBattleFrontierTrainerMons_Erik
0x085D0C74	rom	gBattleFrontierTrainerMons_Yazmin
0x085D0CBA	rom	gBattleFrontierTrainerMons_Jamal
0x085D0CFA	rom	gBattleFrontierTrainerMons_Leslie
0x085D0D3A	rom	gBattleFrontierTrainerMons_Dave
0x085D0D7A	rom	gBattleFrontierTrainerMons_Carlo
0x085D0DBA	rom	gBattleFrontierTrainerMons_Emilia
0x085D0DFA	rom	gBattleFrontierTrainerMons_Dalia
0x085D0E3A	rom	gBattleFrontierTrainerMons_Hitomi
0x085D0E8C	rom	gBattleFrontierTrainerMons_Ricardo
0x085D0EDE	rom	gBattleFrontierTrainerMons_Shizuka
0x085D0F30	rom	gBattleFrontierTrainerMons_Joana
0x085D0F82	rom	gBattleFrontierTrainerMons_Kelly
0x085D0FD4	rom	gBattleFrontierTrainerMons_Rayna
0x085D1026	rom	gBattleFrontierTrainerMons_Evan
0x085D1074	rom	gBattleFrontierTrainerMons_Jordan
0x085D10C0	rom	gBattleFrontierTrainerMons_Joel
0x085D10FE	rom	gBattleFrontierTrainerMons_Kristen
0x085D114C	rom	gBattleFrontierTrainerMons_Selphy
0x085D1198	rom	gBattleFrontierTrainerMons_Chloe
0x085D11D6	rom	gBattleFrontierTrainerMons_Norton
0x085D121A	rom	gBattleFrontierTrainerMons_Lukas
0x085D125E	rom	gBattleFrontierTrainerMons_Zach
0x085D12A2	rom	gBattleFrontierTrainerMons_Kaitlyn
0x085D12E6	rom	gBattleFrontierTrainerMons_Breanna
0x085D132A	rom	gBattleFrontierTrainerMons_Kendra
0x085D136E	rom	gBattleFrontierTrainerMons_Molly
0x085D13A6	rom	gBattleFrontierTrainerMons_Jazmin
0x085D13DE	rom	gBattleFrontierTrainerMons_Kelsey
0x085D1416	rom	gBattleFrontierTrainerMons_Jalen
0x085D1456	rom	gBattleFrontierTrainerMons_Griffen
0x085D1496	rom	gBattleFrontierTrainerMons_Xander
0x085D14D6	rom	gBattleFrontierTrainerMons_Marvin
0x085D1524	rom	gBattleFrontierTrainerMons_Brennan
0x085D1570	rom	gBattleFrontierTrainerMons_Baley
0x085D1598	rom	gBattleFrontierTrainerMons_Zackary
0x085D15C6	rom	gBattleFrontierTrainerMons_Gabriel
0x085D1604	rom	gBattleFrontierTrainerMons_Emily
0x085D161E	rom	gBattleFrontierTrainerMons_Jordyn
0x085D165E	rom	gBattleFrontierTrainerMons_Sofia
0x085D1684	rom	gBattleFrontierTrainerMons_Braden
0x085D16C8	rom	gBattleFrontierTrainerMons_Kayden
0x085D170C	rom	gBattleFrontierTrainerMons_Cooper
0x085D174A	rom	gBattleFrontierTrainerMons_Julia
0x085D178E	rom	gBattleFrontierTrainerMons_Amara
0x085D17D2	rom	gBattleFrontierTrainerMons_Lynn
0x085D1810	rom	gBattleFrontierTrainerMons_Jovan
0x085D1854	rom	gBattleFrontierTrainerMons_Dominic
0x085D1898	rom	gBattleFrontierTrainerMons_Nikolas
0x085D18DC	rom	gBattleFrontierTrainerMons_Valeria
0x085D1920	rom	gBattleFrontierTrainerMons_Delaney
0x085D1964	rom	gBattleFrontierTrainerMons_Meghan
0x085D19A8	rom	gBattleFrontierTrainerMons_Roberto
0x085D19CC	rom	gBattleFrontierTrainerMons_Damian
0x085D19F0	rom	gBattleFrontierTrainerMons_Brody
0x085D1A14	rom	gBattleFrontierTrainerMons_Graham
0x085D1A38	rom	gBattleFrontierTrainerMons_Tylor
0x085D1A66	rom	gBattleFrontierTrainerMons_Jaren
0x085D1A94	rom	gBattleFrontierTrainerMons_Cordell
0x085D1AF6	rom	gBattleFrontierTrainerMons_Jazlyn
0x085D1B58	rom	gBattleFrontierTrainerMons_Zachery
0x085D1B9C	rom	gBattleFrontierTrainerMons_Johan
0x085D1BDE	rom	gBattleFrontierTrainerMons_Shea
0x085D1C22	rom	gBattleFrontierTrainerMons_Kaila
0x085D1C66	rom	gBattleFrontierTrainerMons_Isiah
0x085D1CAA	rom	gBattleFrontierTrainerMons_Garrett
0x085D1CEE	rom	gBattleFrontierTrainerMons_Haylie
0x085D1D32	rom	gBattleFrontierTrainerMons_Megan
0x085D1D76	rom	gBattleFrontierTrainerMons_Issac
0x085D1DB4	rom	gBattleFrontierTrainerMons_Quinton
0x085D1DF2	rom	gBattleFrontierTrainerMons_Salma
0x085D1E30	rom	gBattleFrontierTrainerMons_Ansley
0x085D1E6E	rom	gBattleFrontierTrainerMons_Holden
0x085D1E9E	rom	gBattleFrontierTrainerMons_Luca
0x085D1ECE	rom	gBattleFrontierTrainerMons_Jamison
0x085D1F10	rom	gBattleFrontierTrainerMons_Gunnar
0x085D1F52	rom	gBattleFrontierTrainerMons_Craig
0x085D1F96	rom	gBattleFrontierTrainerMons_Pierce
0x085D1FDA	rom	gBattleFrontierTrainerMons_Regina
0x085D201E	rom	gBattleFrontierTrainerMons_Alison
0x085D2062	rom	gBattleFrontierTrainerMons_Hank
0x085D2092	rom	gBattleFrontierTrainerMons_Earl
0x085D20C2	rom	gBattleFrontierTrainerMons_Ramiro
0x085D20E2	rom	gBattleFrontierTrainerMons_Hunter
0x085D2102	rom	gBattleFrontierTrainerMons_Aiden
0x085D2130	rom	gBattleFrontierTrainerMons_Xavier
0x085D215E	rom	gBattleFrontierTrainerMons_Clinton
0x085D21C0	rom	gBattleFrontierTrainerMons_Jesse
0x085D2222	rom	gBattleFrontierTrainerMons_Eduardo
0x085D2242	rom	gBattleFrontierTrainerMons_Hal
0x085D2262	rom	gBattleFrontierTrainerMons_Gage
0x085D228C	rom	gBattleFrontierTrainerMons_Arnold
0x085D22B6	rom	gBattleFrontierTrainerMons_Jarrett
0x085D22E6	rom	gBattleFrontierTrainerMons_Garett
0x085D2316	rom	gBattleFrontierTrainerMons_Emanuel
0x085D2340	rom	gBattleFrontierTrainerMons_Gustavo
0x085D236A	rom	gBattleFrontierTrainerMons_Kameron
0x085D2392	rom	gBattleFrontierTrainerMons_Alfredo
0x085D23BA	rom	gBattleFrontierTrainerMons_Ruben
0x085D241C	rom	gBattleFrontierTrainerMons_Lamar
0x085D247E	rom	gBattleFrontierTrainerMons_Jaxon
0x085D24C2	rom	gBattleFrontierTrainerMons_Logan
0x085D2506	rom	gBattleFrontierTrainerMons_Emilee
0x085D254A	rom	gBattleFrontierTrainerMons_Josie
0x085D258E	rom	gBattleFrontierTrainerMons_Armando
0x085D25D2	rom	gBattleFrontierTrainerMons_Skyler
0x085D2616	rom	gBattleFrontierTrainerMons_Ruth
0x085D265A	rom	gBattleFrontierTrainerMons_Melody
0x085D269E	rom	gBattleFrontierTrainerMons_Pedro
0x085D26E6	rom	gBattleFrontierTrainerMons_Erick
0x085D272E	rom	gBattleFrontierTrainerMons_Elaine
0x085D2772	rom	gBattleFrontierTrainerMons_Joyce
0x085D27B6	rom	gBattleFrontierTrainerMons_Todd
0x085D2808	rom	gBattleFrontierTrainerMons_Gavin
0x085D285A	rom	gBattleFrontierTrainerMons_Malory
0x085D28AC	rom	gBattleFrontierTrainerMons_Esther
0x085D28FE	rom	gBattleFrontierTrainerMons_Oscar
0x085D293C	rom	gBattleFrontierTrainerMons_Wilson
0x085D297A	rom	gBattleFrontierTrainerMons_Clare
0x085D29B8	rom	gBattleFrontierTrainerMons_Tess
0x085D29F6	rom	gBattleFrontierTrainerMons_Leon
0x085D2AB8	rom	gBattleFrontierTrainerMons_Alonzo
0x085D2B7A	rom	gBattleFrontierTrainerMons_Vince
0x085D2C44	rom	gBattleFrontierTrainerMons_Bryon
0x085D2CEA	rom	gBattleFrontierTrainerMons_Ava
0x085D2DAC	rom	gBattleFrontierTrainerMons_Miriam
0x085D2E6E	rom	gBattleFrontierTrainerMons_Carrie
0x085D2F38	rom	gBattleFrontierTrainerMons_Gillian2
0x085D2FDE	rom	gBattleFrontierTrainerMons_Tyler
0x085D30A0	rom	gBattleFrontierTrainerMons_Chaz
0x085D3162	rom	gBattleFrontierTrainerMons_Nelson
0x085D3208	rom	gBattleFrontierTrainerMons_Shania
0x085D32CA	rom	gBattleFrontierTrainerMons_Stella
0x085D338C	rom	gBattleFrontierTrainerMons_Dorine
0x085D3432	rom	gBattleFrontierTrainerMons_Maddox
0x085D34F4	rom	gBattleFrontierTrainerMons_Davin
0x085D35B6	rom	gBattleFrontierTrainerMons_Trevon
0x085D3678	rom	gBattleFrontierTrainerMons_Mateo
0x085D36EA	rom	gBattleFrontierTrainerMons_Bret
0x085D3764	rom	gBattleFrontierTrainerMons_Raul
0x085D37D6	rom	gBattleFrontierTrainerMons_Kay
0x085D3848	rom	gBattleFrontierTrainerMons_Elena
0x085D38C2	rom	gBattleFrontierTrainerMons_Alana
0x085D3934	rom	gBattleFrontierTrainerMons_Alexas
0x085D39FE	rom	gBattleFrontierTrainerMons_Weston
0x085D3AC8	rom	gBattleFrontierTrainerMons_Jasper
0x085D3B92	rom	gBattleFrontierTrainerMons_Nadia
0x085D3C5C	rom	gBattleFrontierTrainerMons_Miranda
0x085D3D26	rom	gBattleFrontierTrainerMons_Emma
0x085D3DF0	rom	gBattleFrontierTrainerMons_Rolando
0x085D3EAA	rom	gBattleFrontierTrainerMons_Stanly
0x085D3F64	rom	gBattleFrontierTrainerMons_Dario
0x085D401E	rom	gBattleFrontierTrainerMons_Karlee
0x085D40D8	rom	gBattleFrontierTrainerMons_Jaylin
0x085D4192	rom	gBattleFrontierTrainerMons_Ingrid
0x085D424C	rom	gBattleFrontierTrainerMons_Delilah
0x085D428A	rom	gBattleFrontierTrainerMons_Carly
0x085D42F6	rom	gBattleFrontierTrainerMons_Lexie
0x085D436E	rom	gBattleFrontierTrainerMons_Miller
0x085D441E	rom	gBattleFrontierTrainerMons_Marv
0x085D44CE	rom	gBattleFrontierTrainerMons_Layton
0x085D4582	rom	gBattleFrontierTrainerMons_Brooks
0x085D4644	rom	gBattleFrontierTrainerMons_Gregory
0x085D470E	rom	gBattleFrontierTrainerMons_Reese
0x085D47C4	rom	gBattleFrontierTrainerMons_Mason
0x085D4886	rom	gBattleFrontierTrainerMons_Toby
0x085D4948	rom	gBattleFrontierTrainerMons_Dorothy
0x085D4A0A	rom	gBattleFrontierTrainerMons_Piper
0x085D4ACC	rom	gBattleFrontierTrainerMons_Finn
0x085D4B6E	rom	gBattleFrontierTrainerMons_Samir
0x085D4C10	rom	gBattleFrontierTrainerMons_Fiona
0x085D4CB2	rom	gBattleFrontierTrainerMons_Gloria
0x085D4D54	rom	gBattleFrontierTrainerMons_Nico
0x085D4E16	rom	gBattleFrontierTrainerMons_Jeremy
0x085D4ED8	rom	gBattleFrontierTrainerMons_Caitlin
0x085D4F9A	rom	gBattleFrontierTrainerMons_Reena
0x085D505C	rom	gBattleFrontierTrainerMons_Avery
0x085D5096	rom	gBattleFrontierTrainerMons_Liam
0x085D50D0	rom	gBattleFrontierTrainerMons_Theo
0x085D5116	rom	gBattleFrontierTrainerMons_Bailey
0x085D515C	rom	gBattleFrontierTrainerMons_Hugo
0x085D51EA	rom	gBattleFrontierTrainerMons_Bryce
0x085D5278	rom	gBattleFrontierTrainerMons_Gideon
0x085D52C2	rom	gBattleFrontierTrainerMons_Triston
0x085D530C	rom	gBattleFrontierTrainerMons_Charles
0x085D5384	rom	gBattleFrontierTrainerMons_Raymond
0x085D53CC	rom	gBattleFrontierTrainerMons_Dirk
0x085D5448	rom	gBattleFrontierTrainerMons_Harold
0x085D54C4	rom	gBattleFrontierTrainerMons_Omar
0x085D5566	rom	gBattleFrontierTrainerMons_Peter
0x085D5608	rom	gBattleFrontierTrainerMons_Dev
0x085D56A6	rom	gBattleFrontierTrainerMons_Corey
0x085D5744	rom	gBattleFrontierTrainerMons_Andre
0x085D57C2	rom	gBattleFrontierTrainerMons_Ferris
0x085D5840	rom	gBattleFrontierTrainerMons_Alivia
0x085D5888	rom	gBattleFrontierTrainerMons_Paige
0x085D58D0	rom	gBattleFrontierTrainerMons_Anya
0x085D58FA	rom	gBattleFrontierTrainerMons_Dawn
0x085D594A	rom	gBattleFrontierTrainerMons_Abby
0x085D5A0A	rom	gBattleFrontierTrainerMons_Gretel
0x085D5ACC	rom	gBattleFrontierTrainers
0x085D97BC	rom	gBattleFrontierMons
0x085DCEDC	rom	gTowerMaleFacilityClasses
0x085DCEFA	rom	gTowerFemaleFacilityClasses
0x085DCF0E	rom	gTowerMaleTrainerGfxIds
0x085DCF2C	rom	gTowerFemaleTrainerGfxIds
0x085DCF40	rom	sRubyFacilityClassToEmerald
0x085DCFD8	rom	sPartnerApprenticeTexts1
0x085DCFEC	rom	sPartnerApprenticeTexts2
0x085DD000	rom	sPartnerApprenticeTexts3
0x085DD014	rom	sPartnerApprenticeTexts4
0x085DD028	rom	sPartnerApprenticeTexts5
0x085DD03C	rom	sPartnerApprenticeTexts6
0x085DD050	rom	sPartnerApprenticeTexts7
0x085DD064	rom	sPartnerApprenticeTexts8
0x085DD078	rom	sPartnerApprenticeTexts9
0x085DD08C	rom	sPartnerApprenticeTexts10
0x085DD0A0	rom	sPartnerApprenticeTexts11
0x085DD0B4	rom	sPartnerApprenticeTexts12
0x085DD0C8	rom	sPartnerApprenticeTexts13
0x085DD0DC	rom	sPartnerApprenticeTexts14
0x085DD0F0	rom	sPartnerApprenticeTexts15
0x085DD104	rom	sPartnerApprenticeTexts16
0x085DD118	rom	sPartnerTextsLass
0x085DD12C	rom	sPartnerTextsYoungster
0x085DD140	rom	sPartnerTextsHiker
0x085DD154	rom	sPartnerTextsBeauty
0x085DD168	rom	sPartnerTextsFisherman
0x085DD17C	rom	sPartnerTextsLady
0x085DD190	rom	sPartnerTextsCyclingTriathleteF
0x085DD1A4	rom	sPartnerTextsBugCatcher
0x085DD1B8	rom	sPartnerTextsSchoolKidM
0x085DD1CC	rom	sPartnerTextsRichBoy
0x085DD1E0	rom	sPartnerTextsBlackBelt
0x085DD1F4	rom	sPartnerTextsTuberF
0x085DD208	rom	sPartnerTextsHexManiac
0x085DD21C	rom	sPartnerTextsPkmnBreederM
0x085DD230	rom	sPartnerTextsRunningTriathleteF
0x085DD244	rom	sPartnerTextsRunningTriathleteM
0x085DD258	rom	sPartnerTextsBattleGirl
0x085DD26C	rom	sPartnerTextsCyclingTriathleteM
0x085DD280	rom	sPartnerTextsTuberM
0x085DD294	rom	sPartnerTextsGuitarist
0x085DD2A8	rom	sPartnerTextsGentleman
0x085DD2BC	rom	sPartnerTextsPokefanM
0x085DD2D0	rom	sPartnerTextsExpertM
0x085DD2E4	rom	sPartnerTextsExpertF
0x085DD2F8	rom	sPartnerTextsDragonTamer
0x085DD30C	rom	sPartnerTextsBirdKeeper
0x085DD320	rom	sPartnerTextsNinjaBoy
0x085DD334	rom	sPartnerTextsParasolLady
0x085DD348	rom	sPartnerTextsBugManiac
0x085DD35C	rom	sPartnerTextsSailor
0x085DD370	rom	sPartnerTextsCollector
0x085DD384	rom	sPartnerTextsPkmnRangerM
0x085DD398	rom	sPartnerTextsPkmnRangerF
0x085DD3AC	rom	sPartnerTextsAromaLady
0x085DD3C0	rom	sPartnerTextsRuinManiac
0x085DD3D4	rom	sPartnerTextsCoolTrainerM
0x085DD3E8	rom	sPartnerTextsCoolTrainerF
0x085DD3FC	rom	sPartnerTextsPokemaniac
0x085DD410	rom	sPartnerTextsKindler
0x085DD424	rom	sPartnerTextsCamper
0x085DD438	rom	sPartnerTextsPicnicker
0x085DD44C	rom	sPartnerTextsPsychicM
0x085DD460	rom	sPartnerTextsPsychicF
0x085DD474	rom	sPartnerTextsSchoolKidF
0x085DD488	rom	sPartnerTextsPkmnBreederF
0x085DD49C	rom	sPartnerTextsPokefanF
0x085DD4B0	rom	sPartnerTextsSwimmerF
0x085DD4C4	rom	sPartnerTextsSwimmingTriathleteM
0x085DD4D8	rom	sPartnerTextsSwimmingTriathleteF
0x085DD4EC	rom	sPartnerTextsSwimmerM
0x085DD500	rom	sPartnerTrainerTextTables
0x085DD690	rom	sPartnerApprenticeTextTables
0x085DD6D0	rom	sStevenMons
0x085DD70C	rom	gSlateportBattleTentTrainerMons_Jolie
0x085DD724	rom	gSlateportBattleTentTrainerMons_Malachi
0x085DD73C	rom	gSlateportBattleTentTrainerMons_Kelsie
0x085DD754	rom	gSlateportBattleTentTrainerMons_Davon
0x085DD76E	rom	gSlateportBattleTentTrainerMons_Glenda
0x085DD78A	rom	gSlateportBattleTentTrainerMons_Helena
0x085DD7A2	rom	gSlateportBattleTentTrainerMons_Rodolfo
0x085DD7BE	rom	gSlateportBattleTentTrainerMons_Davion
0x085DD7DC	rom	gSlateportBattleTentTrainerMons_Kendall
0x085DD7FA	rom	gSlateportBattleTentTrainerMons_Colten
0x085DD814	rom	gSlateportBattleTentTrainerMons_Irvin
0x085DD830	rom	gSlateportBattleTentTrainerMons_Shaun
0x085DD84C	rom	gSlateportBattleTentTrainerMons_Kyler
0x085DD866	rom	gSlateportBattleTentTrainerMons_Maggie
0x085DD87E	rom	gSlateportBattleTentTrainerMons_Stephon
0x085DD896	rom	gSlateportBattleTentTrainerMons_Rebecca
0x085DD8AE	rom	gSlateportBattleTentTrainerMons_Reggie
0x085DD8C8	rom	gSlateportBattleTentTrainerMons_Janae
0x085DD8E2	rom	gSlateportBattleTentTrainerMons_Caiden
0x085DD8FE	rom	gSlateportBattleTentTrainerMons_Kirsten
0x085DD91A	rom	gSlateportBattleTentTrainerMons_Kurtis
0x085DD932	rom	gSlateportBattleTentTrainerMons_Stefan
0x085DD94A	rom	gSlateportBattleTentTrainerMons_Avery
0x085DD962	rom	gSlateportBattleTentTrainerMons_Dwane
0x085DD97A	rom	gSlateportBattleTentTrainerMons_Mckenna
0x085DD992	rom	gSlateportBattleTentTrainerMons_Camryn
0x085DD9AC	rom	gSlateportBattleTentTrainerMons_Natasha
0x085DD9C4	rom	gSlateportBattleTentTrainerMons_Austyn
0x085DD9DE	rom	gSlateportBattleTentTrainerMons_Donovan
0x085DD9FC	rom	gSlateportBattleTentTrainerMons_Tamia
0x085DDA14	rom	gSlateportBattleTentTrainers
0x085DE02C	rom	gSlateportBattleTentMons
0x085DE48C	rom	gVerdanturfBattleTentTrainerMons_Brenna
0x085DE498	rom	gVerdanturfBattleTentTrainerMons_Dilan
0x085DE4A4	rom	gVerdanturfBattleTentTrainerMons_Eliana
0x085DE4B0	rom	gVerdanturfBattleTentTrainerMons_Markus
0x085DE4BC	rom	gVerdanturfBattleTentTrainerMons_Caitlyn
0x085DE4CA	rom	gVerdanturfBattleTentTrainerMons_Desiree
0x085DE4D6	rom	gVerdanturfBattleTentTrainerMons_Ronald
0x085DE4E2	rom	gVerdanturfBattleTentTrainerMons_Ashten
0x085DE4EE	rom	gVerdanturfBattleTentTrainerMons_Gerard
0x085DE4FA	rom	gVerdanturfBattleTentTrainerMons_Bradly
0x085DE506	rom	gVerdanturfBattleTentTrainerMons_Dennis
0x085DE512	rom	gVerdanturfBattleTentTrainerMons_Prestin
0x085DE522	rom	gVerdanturfBattleTentTrainerMons_Ernesto
0x085DE52E	rom	gVerdanturfBattleTentTrainerMons_Nala
0x085DE53E	rom	gVerdanturfBattleTentTrainerMons_Darnell
0x085DE54C	rom	gVerdanturfBattleTentTrainerMons_Ashlyn
0x085DE55C	rom	gVerdanturfBattleTentTrainerMons_Addison
0x085DE568	rom	gVerdanturfBattleTentTrainerMons_Justine
0x085DE574	rom	gVerdanturfBattleTentTrainerMons_Tyson
0x085DE584	rom	gVerdanturfBattleTentTrainerMons_Laila
0x085DE592	rom	gVerdanturfBattleTentTrainerMons_Waren
0x085DE59E	rom	gVerdanturfBattleTentTrainerMons_Tobias
0x085DE5AA	rom	gVerdanturfBattleTentTrainerMons_Josiah
0x085DE5B6	rom	gVerdanturfBattleTentTrainerMons_Dion
0x085DE5C4	rom	gVerdanturfBattleTentTrainerMons_Kenzie
0x085DE5D2	rom	gVerdanturfBattleTentTrainerMons_Lillian
0x085DE5DE	rom	gVerdanturfBattleTentTrainerMons_Lesley
0x085DE5EA	rom	gVerdanturfBattleTentTrainerMons_Marquis
0x085DE5F8	rom	gVerdanturfBattleTentTrainerMons_Freddy
0x085DE604	rom	gVerdanturfBattleTentTrainerMons_Cecilia
0x085DE610	rom	gVerdanturfBattleTentTrainers
0x085DEC28	rom	gVerdanturfBattleTentMons
0x085DEEF8	rom	gFallarborBattleTentTrainerMons_Amber
0x085DEF06	rom	gFallarborBattleTentTrainerMons_Javier
0x085DEF14	rom	gFallarborBattleTentTrainerMons_Natalie
0x085DEF20	rom	gFallarborBattleTentTrainerMons_Treve
0x085DEF2C	rom	gFallarborBattleTentTrainerMons_Arianna
0x085DEF38	rom	gFallarborBattleTentTrainerMons_Jadyn
0x085DEF46	rom	gFallarborBattleTentTrainerMons_Gerardo
0x085DEF52	rom	gFallarborBattleTentTrainerMons_Jonn
0x085DEF5E	rom	gFallarborBattleTentTrainerMons_Esteban
0x085DEF6A	rom	gFallarborBattleTentTrainerMons_Jameson
0x085DEF76	rom	gFallarborBattleTentTrainerMons_Alanzo
0x085DEF86	rom	gFallarborBattleTentTrainerMons_Howard
0x085DEF92	rom	gFallarborBattleTentTrainerMons_Conrad
0x085DEF9E	rom	gFallarborBattleTentTrainerMons_Makenna
0x085DEFAA	rom	gFallarborBattleTentTrainerMons_Brayan
0x085DEFBA	rom	gFallarborBattleTentTrainerMons_Mariana
0x085DEFCA	rom	gFallarborBattleTentTrainerMons_Sheldon
0x085DEFD6	rom	gFallarborBattleTentTrainerMons_Gianna
0x085DEFE2	rom	gFallarborBattleTentTrainerMons_Yahir
0x085DEFF0	rom	gFallarborBattleTentTrainerMons_Britney
0x085DEFFE	rom	gFallarborBattleTentTrainerMons_Hecter
0x085DF00C	rom	gFallarborBattleTentTrainerMons_Tannor
0x085DF018	rom	gFallarborBattleTentTrainerMons_Benji
0x085DF024	rom	gFallarborBattleTentTrainerMons_Rory
0x085DF032	rom	gFallarborBattleTentTrainerMons_Eleanor
0x085DF042	rom	gFallarborBattleTentTrainerMons_Evelyn
0x085DF04E	rom	gFallarborBattleTentTrainerMons_Arielle
0x085DF05A	rom	gFallarborBattleTentTrainerMons_Connar
0x085DF068	rom	gFallarborBattleTentTrainerMons_Maurice
0x085DF074	rom	gFallarborBattleTentTrainerMons_Kianna
0x085DF084	rom	gFallarborBattleTentTrainers
0x085DF69C	rom	gFallarborBattleTentMons
0x085DF96C	rom	sBattleTowerFuncs
0x085DF9AC	rom	sWinStreakFlags
0x085DF9CC	rom	sWinStreakMasks
0x085DF9EC	rom	sApprenticeChallengeThreshold
0x085DF9F6	rom	sBattleTowerPartySizes2
0x085DF9FA	rom	sFrontierTrainerIdRanges
0x085DFA1A	rom	sFrontierTrainerIdRangesHard
0x085DFA3A	rom	sUnused
0x085DFA42	rom	sBattleTowerPartySizes
0x085DFA46	rom	sRecordTrainerSpeechWon
0x085DFA52	rom	sRecordTrainerSpeechLost
0x085DFA60	rom	sMonFrame_Pal
0x085DFA80	rom	sMonFrame_Gfx
0x085DFB60	rom	sMonFrame_Tilemap
0x085DFC0C	rom	sGraphData_Tilemap
0x085DFCB0	rom	sConditionToMonData
0x085DFCC4	rom	sConditionToFlavor
0x085DFCC9	rom	sNatureTextColors
0x085DFCCC	rom	sBgTemplates
0x085DFCDC	rom	sWindowTemplates
0x085DFCFC	rom	sUsePokeblockYesNoWinTemplate
0x085DFD04	rom	sConditionNames
0x085DFD18	rom	sSpriteSheet_UpDown
0x085DFD20	rom	sSpritePalette_UpDown
0x085DFD28	rom	sUpDownCoordsOnGraph
0x085DFD3C	rom	sOam_UpDown
0x085DFD44	rom	sAnim_Up
0x085DFD4C	rom	sAnim_Down
0x085DFD54	rom	sAnims_UpDown
0x085DFD5C	rom	sSpriteTemplate_UpDown
0x085DFD74	rom	sOam_Condition
0x085DFD7C	rom	sAnim_Condition_0
0x085DFD84	rom	sAnim_Condition_1
0x085DFD8C	rom	sAnim_Condition_2
0x085DFD94	rom	sAnims_Condition
0x085DFDA0	rom	sSpriteTemplate_Condition
0x085DFDB8	rom	sSpritePalette_Condition
0x085DFDC0	rom	sWallyBufferCommands
0x085DFEA4	rom	sItemStorage_OptionDescriptions
0x085DFEB4	rom	sPlayerPCMenuActions
0x085DFED4	rom	sBedroomPC_OptionOrder
0x085DFED8	rom	sPlayerPC_OptionOrder
0x085DFEDC	rom	sItemStorage_MenuActions
0x085DFEFC	rom	sNewGamePCItems
0x085DFF04	rom	gMailboxMailOptions
0x085DFF24	rom	sWindowTemplates_MainMenus
0x085DFF3C	rom	ItemTossYesNoFuncs
0x085DFF44	rom	sListMenuTemplate_ItemStorage
0x085DFF5C	rom	sWindowTemplates_ItemStorage
0x085DFF8C	rom	sSwapArrowTextColors
0x085DFF90	rom	sIntroDrops_Pal
0x085DFFB0	rom	sIntroLogo_Pal
0x085DFFD0	rom	sIntroDropsLogo_Gfx
0x085E05C4	rom	sIntro1Bg_Pal
0x085E07C4	rom	sIntro1Bg0_Tilemap
0x085E0B78	rom	sIntro1Bg1_Tilemap
0x085E0EAC	rom	sIntro1Bg2_Tilemap
0x085E119C	rom	sIntro1Bg3_Tilemap
0x085E13B4	rom	sIntro1Bg_Gfx
0x085E3524	rom	sIntroPokeball_Pal
0x085E3724	rom	sIntroPokeball_Tilemap
0x085E3854	rom	sIntroPokeball_Gfx
0x085E43A8	rom	sIntroStreaks_Pal
0x085E43C8	rom	sIntroStreaks_Gfx
0x085E4434	rom	sIntroStreaks_Tilemap
0x085E4570	rom	sIntroRayquzaOrb_Pal
0x085E4590	rom	sIntroMisc_Pal
0x085E45B0	rom	sIntroMisc_Gfx
0x085E492C	rom	sIntroFlygonSilhouette_Pal
0x085E494C	rom	sIntroLati_Gfx
0x085E4A38	rom	sUnusedData
0x085E4A74	rom	sSpriteSheet_Sparkle
0x085E4A84	rom	sSpritePalette_Sparkle
0x085E4A94	rom	sOamData_Sparkle
0x085E4A9C	rom	sAnim_Sparkle
0x085E4AB4	rom	sAnims_Sparkle
0x085E4AB8	rom	sSpriteTemplate_Sparkle
0x085E4AD0	rom	sSparkleCoords
0x085E4AE8	rom	sSpriteSheet_RunningPokemon
0x085E4B08	rom	sSpritePalettes_RunningPokemon
0x085E4B28	rom	sOamData_Volbeat
0x085E4B30	rom	sAnim_Volbeat
0x085E4B3C	rom	sAnims_Volbeat
0x085E4B40	rom	sSpriteTemplate_Volbeat
0x085E4B58	rom	sOamData_Torchic
0x085E4B60	rom	sAnim_Torchic_Walk
0x085E4B74	rom	sAnim_Torchic_Run
0x085E4B88	rom	sAnim_Torchic_Trip
0x085E4B98	rom	sAnims_Torchic
0x085E4BA4	rom	sSpriteTemplate_Torchic
0x085E4BBC	rom	sOamData_Manectric
0x085E4BC4	rom	sAnim_Manectric
0x085E4BD8	rom	sAnims_Manectric
0x085E4BDC	rom	sSpriteTemplate_Manectric
0x085E4BF4	rom	sSpriteSheet_Lightning
0x085E4C04	rom	sSpritePalette_Lightning
0x085E4C14	rom	sOamData_Lightning
0x085E4C1C	rom	sAnim_Lightning_Top
0x085E4C28	rom	sAnim_Lightning_Middle
0x085E4C34	rom	sAnim_Lightning_Bottom
0x085E4C40	rom	sAnims_Lightning
0x085E4C4C	rom	sSpriteTemplate_Lightning
0x085E4C64	rom	sGroudonRockData
0x085E4C88	rom	sSpriteSheet_Bubbles
0x085E4C98	rom	sSpritePalette_Bubbles
0x085E4CA8	rom	sKyogreBubbleData
0x085E4CF0	rom	sOamData_Bubbles
0x085E4CF8	rom	sAnim_Bubbles
0x085E4D10	rom	sAnims_Bubbles
0x085E4D14	rom	sSpriteTemplate_Bubbles
0x085E4D2C	rom	sOamData_WaterDrop
0x085E4D34	rom	sAnim_WaterDrop_UpperHalf
0x085E4D3C	rom	sAnim_WaterDrop_LowerHalf
0x085E4D44	rom	sAnim_WaterDrop_Reflection
0x085E4D4C	rom	sAnim_WaterDrop_Ripple
0x085E4D54	rom	sAnims_WaterDrop
0x085E4D64	rom	sSpriteTemplate_WaterDrop
0x085E4D7C	rom	sAnim_PlayerBicycle_Fast
0x085E4D90	rom	sAnim_PlayerBicycle_Slow
0x085E4DA4	rom	sAnim_PlayerBicycle_LookBack
0x085E4DB4	rom	sAnim_PlayerBicycle_LookForward
0x085E4DC4	rom	sAnims_PlayerBicycle
0x085E4DD4	rom	sOamData_GameFreakLetter
0x085E4DDC	rom	sOamData_PresentsLetter
0x085E4DE4	rom	sOamData_GameFreakLogo
0x085E4DEC	rom	sAnim_GameFreakLetter_G
0x085E4DF4	rom	sAnim_GameFreakLetter_A
0x085E4DFC	rom	sAnim_GameFreakLetter_M
0x085E4E04	rom	sAnim_GameFreakLetter_E
0x085E4E0C	rom	sAnim_GameFreakLetter_F
0x085E4E14	rom	sAnim_GameFreakLetter_R
0x085E4E1C	rom	sAnim_GameFreakLetter_K
0x085E4E24	rom	sAnim_PresentsLetter_P
0x085E4E2C	rom	sAnim_PresentsLetter_R
0x085E4E34	rom	sAnim_PresentsLetter_E
0x085E4E3C	rom	sAnim_PresentsLetter_S
0x085E4E44	rom	sAnim_PresentsLetter_N
0x085E4E4C	rom	sAnim_PresentsLetter_T
0x085E4E54	rom	sAnim_GameFreakLogo
0x085E4E5C	rom	sAnims_GameFreakLetter
0x085E4E78	rom	sAnims_PresentsLetter
0x085E4E90	rom	sAnims_GameFreakLogo
0x085E4E94	rom	sGameFreakLetterData
0x085E4EB8	rom	sPresentsLetterData
0x085E4ED8	rom	sAffineAnim_GameFreak_Small
0x085E4EE8	rom	sAffineAnim_GameFreak_GrowAndShrink
0x085E4F08	rom	sAffineAnim_GameFreak_GrowBig
0x085E4F20	rom	sAffineAnim_GameFreak_GrowMedium
0x085E4F38	rom	sAffineAnims_GameFreak
0x085E4F48	rom	sGameFreakLettersMoveSpeed
0x085E4F5C	rom	sSpriteTemplate_GameFreakLetter
0x085E4F74	rom	sSpriteTemplate_PresentsLetter
0x085E4F8C	rom	sSpriteTemplate_GameFreakLogo
0x085E4FA4	rom	sGameFreakLetterStartDelays
0x085E4FB0	rom	sOamData_FlygonSilhouette
0x085E4FB8	rom	sAnim_FlygonSilhouette
0x085E4FC0	rom	sAnims_FlygonSilhouette
0x085E4FC4	rom	sSpriteTemplate_FlygonSilhouette
0x085E4FDC	rom	sSpriteSheet_WaterDropsAndLogo
0x085E4FEC	rom	sSpriteSheet_FlygonSilhouette
0x085E4FFC	rom	sSpritePalettes_Intro1
0x085E501C	rom	sOamData_RayquazaOrb
0x085E5024	rom	sAnim_RayquazaOrb
0x085E502C	rom	sAnims_RayquazaOrb
0x085E5030	rom	sSpriteTemplate_RayquazaOrb
0x085E5048	rom	sSpriteSheet_RayquazaOrb
0x085E5058	rom	sSpritePalette_RayquazaOrb
0x085E5068	rom	sFieldRegionMapBgTemplates
0x085E5070	rom	sFieldRegionMapWindowTemplates
0x085E5088	rom	sCaptureStars
0x085E5094	rom	sBallParticleSpriteSheets
0x085E50F4	rom	sBallParticlePalettes
0x085E5154	rom	sAnim_RegularBall
0x085E5170	rom	sAnim_MasterBall
0x085E5178	rom	sAnim_NetDiveBall
0x085E5180	rom	sAnim_NestBall
0x085E5188	rom	sAnim_LuxuryPremierBall
0x085E5194	rom	sAnim_UltraRepeatTimerBall
0x085E519C	rom	sAnims_BallParticles
0x085E51B4	rom	sBallParticleAnimNums
0x085E51C0	rom	sBallParticleAnimationFuncs
0x085E51F0	rom	sBallParticleSpriteTemplates
0x085E5310	rom	gBallOpenFadeColors
0x085E5338	rom	gPokeblockSpriteTemplate
0x085E5350	rom	sAnim_SafariRock
0x085E5358	rom	sAnims_SafariRock
0x085E535C	rom	sSafariRockSpriteTemplate
0x085E5374	rom	sHof_BgTemplates
0x085E5380	rom	sHof_WindowTemplate
0x085E5388	rom	sMonInfoTextColors
0x085E538C	rom	sPlayerInfoTextColors
0x085E5390	rom	sUnusedTextColors
0x085E5394	rom	sSpriteSheet_Confetti
0x085E53A4	rom	sSpritePalette_Confetti
0x085E53B4	rom	sHallOfFame_MonFullTeamPositions
0x085E53E4	rom	sHallOfFame_MonHalfTeamPositions
0x085E53FC	rom	sOamData_Confetti
0x085E5404	rom	sAnim_PinkConfettiA
0x085E540C	rom	sAnim_RedConfettiA
0x085E5414	rom	sAnim_BlueConfettiA
0x085E541C	rom	sAnim_RedConfettiB
0x085E5424	rom	sAnim_BlueConfettiB
0x085E542C	rom	sAnim_YellowConfettiA
0x085E5434	rom	sAnim_WhiteConfettiA
0x085E543C	rom	sAnim_GreenConfettiA
0x085E5444	rom	sAnim_PinkConfettiB
0x085E544C	rom	sAnim_BlueConfettiC
0x085E5454	rom	sAnim_YellowConfettiB
0x085E545C	rom	sAnim_WhiteConfettiB
0x085E5464	rom	sAnim_GreenConfettiB
0x085E546C	rom	sAnim_PinkConfettiC
0x085E5474	rom	sAnim_RedConfettiC
0x085E547C	rom	sAnim_YellowConfettiC
0x085E5484	rom	sAnim_WhiteConfettiC
0x085E548C	rom	sAnims_Confetti
0x085E54D0	rom	sSpriteTemplate_HofConfetti
0x085E54E8	rom	sHallOfFame_Pal
0x085E5508	rom	sHallOfFame_Gfx
0x085E56D4	rom	sDummyFameMon
0x085E56E8	rom	sHallOfFame_SlotOrder
0x085E56F0	rom	sCredits_Pal
0x085E5770	rom	sCreditsCopyrightEnd_Gfx
0x085E5BAC	rom	sTheEnd_LetterMap_T
0x085E5BBB	rom	sTheEnd_LetterMap_H
0x085E5BCA	rom	sTheEnd_LetterMap_E
0x085E5BD9	rom	sTheEnd_LetterMap_N
0x085E5BE8	rom	sTheEnd_LetterMap_D
0x085E5BF7	rom	sCreditsText_EmptyString
0x085E5BF8	rom	sCreditsText_PkmnEmeraldVersion
0x085E5C10	rom	sCreditsText_Credits
0x085E5C18	rom	sCreditsText_ExecutiveDirector
0x085E5C2B	rom	sCreditsText_Director
0x085E5C34	rom	sCreditsText_ArtDirector
0x085E5C41	rom	sCreditsText_BattleDirector
0x085E5C51	rom	sCreditsText_MainProgrammer
0x085E5C61	rom	sCreditsText_BattleSystemPgrms
0x085E5C7B	rom	sCreditsText_FieldSystemPgrms
0x085E5C93	rom	sCreditsText_Programmers
0x085E5C9F	rom	sCreditsText_MainGraphicDesigner
0x085E5CB5	rom	sCreditsText_GraphicDesigners
0x085E5CC7	rom	sCreditsText_PkmnDesigners
0x085E5CD9	rom	sCreditsText_MusicComposition
0x085E5CEB	rom	sCreditsText_SoundEffectsAndPkmnVoices
0x085E5D0A	rom	sCreditsText_GameDesigners
0x085E5D19	rom	sCreditsText_ScenarioPlot
0x085E5D27	rom	sCreditsText_Scenario
0x085E5D30	rom	sCreditsText_ScriptDesigners
0x085E5D41	rom	sCreditsText_MapDesigners
0x085E5D4F	rom	sCreditsText_MapDataDesigners
0x085E5D62	rom	sCreditsText_ParametricDesigners
0x085E5D77	rom	sCreditsText_PokedexText
0x085E5D84	rom	sCreditsText_EnvAndToolPgrms
0x085E5DA3	rom	sCreditsText_NCLProductTesting
0x085E5DB7	rom	sCreditsText_SpecialThanks
0x085E5DC6	rom	sCreditsText_Coordinators
0x085E5DD3	rom	sCreditsText_Producers
0x085E5DDD	rom	sCreditsText_ExecProducers
0x085E5DF1	rom	sCreditsText_InfoSupervisors
0x085E5E09	rom	sCreditsText_TaskManagers
0x085E5E17	rom	sCreditsText_BrailleCodeCheck
0x085E5E2A	rom	sCreditsText_WorldDirector
0x085E5E39	rom	sCreditsText_BattleFrontierData
0x085E5E4E	rom	sCreditsText_SupportProgrammers
0x085E5E62	rom	sCreditsText_Artwork
0x085E5E6A	rom	sCreditsText_LeadProgrammer
0x085E5E7A	rom	sCreditsText_LeadGraphicArtist
0x085E5E8E	rom	sCreditsText_SatoshiTajiri
0x085E5E9D	rom	sCreditsText_JunichiMasuda
0x085E5EAC	rom	sCreditsText_KenSugimori
0x085E5EB9	rom	sCreditsText_ShigekiMorimoto
0x085E5ECA	rom	sCreditsText_TetsuyaWatanabe
0x085E5EDB	rom	sCreditsText_HisashiSogabe
0x085E5EEA	rom	sCreditsText_SosukeTamada
0x085E5EF8	rom	sCreditsText_AkitoMori
0x085E5F03	rom	sCreditsText_KeitaKagaya
0x085E5F10	rom	sCreditsText_YoshinoriMatsuda
0x085E5F22	rom	sCreditsText_HiroyukiNakamura
0x085E5F34	rom	sCreditsText_MasaoTaya
0x085E5F3F	rom	sCreditsText_SatoshiNohara
0x085E5F4E	rom	sCreditsText_TomomichiOhta
0x085E5F5D	rom	sCreditsText_MiyukiIwasawa
0x085E5F6C	rom	sCreditsText_TakenoriOhta
0x085E5F7A	rom	sCreditsText_HironobuYoshida
0x085E5F8B	rom	sCreditsText_MotofumiFujiwara
0x085E5F9D	rom	sCreditsText_SatoshiOhta
0x085E5FAA	rom	sCreditsText_AsukaIwashita
0x085E5FB9	rom	sCreditsText_AimiTomita
0x085E5FC5	rom	sCreditsText_TakaoUnno
0x085E5FD0	rom	sCreditsText_KanakoEo
0x085E5FDA	rom	sCreditsText_JunOkutani
0x085E5FE6	rom	sCreditsText_AtsukoNishida
0x085E5FF5	rom	sCreditsText_MuneoSaito
0x085E6001	rom	sCreditsText_RenaYoshikawa
0x085E6010	rom	sCreditsText_GoIchinose
0x085E601C	rom	sCreditsText_MorikazuAoki
0x085E602A	rom	sCreditsText_KojiNishino
0x085E6037	rom	sCreditsText_KenjiMatsushima
0x085E6048	rom	sCreditsText_TetsujiOhta
0x085E6055	rom	sCreditsText_HitomiSato
0x085E6061	rom	sCreditsText_TakeshiKawachimaru
0x085E6075	rom	sCreditsText_TeruyukiShimoyamada
0x085E608A	rom	sCreditsText_ShigeruOhmori
0x085E6099	rom	sCreditsText_TadashiTakahashi
0x085E60AB	rom	sCreditsText_ToshinobuMatsumiya
0x085E60BF	rom	sCreditsText_AkihitoTomisawa
0x085E60D0	rom	sCreditsText_HirokiEnomoto
0x085E60DF	rom	sCreditsText_KazuyukiTerada
0x085E60EF	rom	sCreditsText_YuriSakurai
0x085E60FC	rom	sCreditsText_HiromiSagawa
0x085E610A	rom	sCreditsText_KenjiTominaga
0x085E6119	rom	sCreditsText_YoshioTajiri
0x085E6127	rom	sCreditsText_TeikoSasaki
0x085E6134	rom	sCreditsText_SachikoHamano
0x085E6143	rom	sCreditsText_ChieMatsumiya
0x085E6152	rom	sCreditsText_AkikoShinozaki
0x085E6162	rom	sCreditsText_AstukoFujii
0x085E616F	rom	sCreditsText_NozomuSaito
0x085E617C	rom	sCreditsText_KenkichiToyama
0x085E618C	rom	sCreditsText_SuguruNakatsui
0x085E619C	rom	sCreditsText_YumiFunasaka
0x085E61AA	rom	sCreditsText_NaokoYanase
0x085E61B7	rom	sCreditsText_NCLSuperMarioClub
0x085E61CC	rom	sCreditsText_AtsushiTada
0x085E61D9	rom	sCreditsText_TakahiroOhnishi
0x085E61EA	rom	sCreditsText_NorihideOkamura
0x085E61FB	rom	sCreditsText_HiroNakamura
0x085E6209	rom	sCreditsText_HiroyukiUesugi
0x085E6219	rom	sCreditsText_TerukiMurakawa
0x085E6229	rom	sCreditsText_AkiraKinashi
0x085E6237	rom	sCreditsText_MichikoTakizawa
0x085E6248	rom	sCreditsText_MakikoTakada
0x085E6256	rom	sCreditsText_TakanaoKondo
0x085E6264	rom	sCreditsText_AiMashima
0x085E626F	rom	sCreditsText_GakujiNomoto
0x085E627D	rom	sCreditsText_TakehiroIzushi
0x085E628D	rom	sCreditsText_HitoshiYamagami
0x085E629E	rom	sCreditsText_KyokoWatanabe
0x085E62AD	rom	sCreditsText_TakaoNakano
0x085E62BA	rom	sCreditsText_HiroyukiJinnai
0x085E62CA	rom	sCreditsText_HiroakiTsuru
0x085E62D8	rom	sCreditsText_TsunekazIshihara
0x085E62EA	rom	sCreditsText_SatoruIwata
0x085E62F7	rom	sCreditsText_KazuyaSuyama
0x085E6305	rom	sCreditsText_SatoshiMitsuhara
0x085E6317	rom	sCreditsText_JapanBrailleLibrary
0x085E632D	rom	sCreditsText_TomotakaKomura
0x085E633D	rom	sCreditsText_MikikoOhhashi
0x085E634C	rom	sCreditsText_DaisukeHoshino
0x085E635C	rom	sCreditsText_KenjiroIto
0x085E6368	rom	sCreditsText_RuiKawaguchi
0x085E6376	rom	sCreditsText_ShunsukeKohori
0x085E6386	rom	sCreditsText_SachikoNakamichi
0x085E6398	rom	sCreditsText_FujikoNomura
0x085E63A6	rom	sCreditsText_KazukiYoshihara
0x085E63B7	rom	sCreditsText_RetsujiNomoto
0x085E63C6	rom	sCreditsText_AzusaTajima
0x085E63D3	rom	sCreditsText_ShusakuEgami
0x085E63E1	rom	sCreditsText_PackageAndManual
0x085E63FF	rom	sCreditsText_EnglishVersion
0x085E641C	rom	sCreditsText_Translator
0x085E6427	rom	sCreditsText_TextEditor
0x085E6433	rom	sCreditsText_NCLCoordinator
0x085E6443	rom	sCreditsText_GraphicDesigner
0x085E6454	rom	sCreditsText_NOAProductTesting
0x085E6468	rom	sCreditsText_HideyukiNakajima
0x085E647A	rom	sCreditsText_HidenoriSaeki
0x085E6489	rom	sCreditsText_YokoWatanabe
0x085E6497	rom	sCreditsText_SakaeKimura
0x085E64A4	rom	sCreditsText_ChiakiShinkai
0x085E64B3	rom	sCreditsText_SethMcMahill
0x085E64C1	rom	sCreditsText_NobOgasawara
0x085E64CF	rom	sCreditsText_TeresaLillygren
0x085E64E0	rom	sCreditsText_KimikoNakamichi
0x085E64F1	rom	sCreditsText_SouichiYamamoto
0x085E6502	rom	sCreditsText_YuichiroIto
0x085E650F	rom	sCreditsText_ThomasHertzog
0x085E651E	rom	sCreditsText_MikaKurosawa
0x085E652C	rom	sCreditsText_NationalFederationBlind
0x085E654D	rom	sCreditsText_PatriciaAMaurer
0x085E6560	rom	sCreditsText_EuropeanBlindUnion
0x085E6575	rom	sCreditsText_AustralianBrailleAuthority
0x085E6592	rom	sCreditsText_RoyalNewZealandFederationBlind
0x085E65BD	rom	sCreditsText_MotoyasuTojima
0x085E65CD	rom	sCreditsText_NicolaPrattBarlow
0x085E65E1	rom	sCreditsText_ShellieDow
0x085E65ED	rom	sCreditsText_ErikJohnson
0x085E65FC	rom	sCreditsEntry_EmptyString
0x085E6604	rom	sCreditsEntry_PkmnEmeraldVersion
0x085E660C	rom	sCreditsEntry_Credits
0x085E6614	rom	sCreditsEntry_ExecutiveDirector
0x085E661C	rom	sCreditsEntry_Director
0x085E6624	rom	sCreditsEntry_ArtDirector
0x085E662C	rom	sCreditsEntry_BattleDirector
0x085E6634	rom	sCreditsEntry_MainProgrammer
0x085E663C	rom	sCreditsEntry_BattleSystemPgrms
0x085E6644	rom	sCreditsEntry_FieldSystemPgrms
0x085E664C	rom	sCreditsEntry_Programmers
0x085E6654	rom	sCreditsEntry_MainGraphicDesigner
0x085E665C	rom	sCreditsEntry_GraphicDesigners
0x085E6664	rom	sCreditsEntry_PkmnDesigners
0x085E666C	rom	sCreditsEntry_MusicComposition
0x085E6674	rom	sCreditsEntry_SoundEffectsAndPkmnVoices
0x085E667C	rom	sCreditsEntry_GameDesigners
0x085E6684	rom	sCreditsEntry_ScenarioPlot
0x085E668C	rom	sCreditsEntry_Scenario
0x085E6694	rom	sCreditsEntry_ScriptDesigners
0x085E669C	rom	sCreditsEntry_MapDesigners
0x085E66A4	rom	sCreditsEntry_MapDataDesigners
0x085E66AC	rom	sCreditsEntry_ParametricDesigners
0x085E66B4	rom	sCreditsEntry_PokedexText
0x085E66BC	rom	sCreditsEntry_EnvAndToolPgrms
0x085E66C4	rom	sCreditsEntry_NCLProductTesting
0x085E66CC	rom	sCreditsEntry_SpecialThanks
0x085E66D4	rom	sCreditsEntry_Coordinators
0x085E66DC	rom	sCreditsEntry_Producers
0x085E66E4	rom	sCreditsEntry_ExecProducers
0x085E66EC	rom	sCreditsEntry_InfoSupervisors
0x085E66F4	rom	sCreditsEntry_TaskManagers
0x085E66FC	rom	sCreditsEntry_BrailleCodeCheck
0x085E6704	rom	sCreditsEntry_WorldDirector
0x085E670C	rom	sCreditsEntry_BattleFrontierData
0x085E6714	rom	sCreditsEntry_SupportProgrammers
0x085E671C	rom	sCreditsEntry_Artwork
0x085E6724	rom	sCreditsEntry_LeadProgrammer
0x085E672C	rom	sCreditsEntry_LeadGraphicArtist
0x085E6734	rom	sCreditsEntry_SatoshiTajiri
0x085E673C	rom	sCreditsEntry_JunichiMasuda
0x085E6744	rom	sCreditsEntry_KenSugimori
0x085E674C	rom	sCreditsEntry_ShigekiMorimoto
0x085E6754	rom	sCreditsEntry_TetsuyaWatanabe
0x085E675C	rom	sCreditsEntry_HisashiSogabe
0x085E6764	rom	sCreditsEntry_SosukeTamada
0x085E676C	rom	sCreditsEntry_AkitoMori
0x085E6774	rom	sCreditsEntry_KeitaKagaya
0x085E677C	rom	sCreditsEntry_YoshinoriMatsuda
0x085E6784	rom	sCreditsEntry_HiroyukiNakamura
0x085E678C	rom	sCreditsEntry_MasaoTaya
0x085E6794	rom	sCreditsEntry_SatoshiNohara
0x085E679C	rom	sCreditsEntry_TomomichiOhta
0x085E67A4	rom	sCreditsEntry_MiyukiIwasawa
0x085E67AC	rom	sCreditsEntry_TakenoriOhta
0x085E67B4	rom	sCreditsEntry_HironobuYoshida
0x085E67BC	rom	sCreditsEntry_MotofumiFujiwara
0x085E67C4	rom	sCreditsEntry_SatoshiOhta
0x085E67CC	rom	sCreditsEntry_AsukaIwashita
0x085E67D4	rom	sCreditsEntry_AimiTomita
0x085E67DC	rom	sCreditsEntry_TakaoUnno
0x085E67E4	rom	sCreditsEntry_KanakoEo
0x085E67EC	rom	sCreditsEntry_JunOkutani
0x085E67F4	rom	sCreditsEntry_AtsukoNishida
0x085E67FC	rom	sCreditsEntry_MuneoSaito
0x085E6804	rom	sCreditsEntry_RenaYoshikawa
0x085E680C	rom	sCreditsEntry_GoIchinose
0x085E6814	rom	sCreditsEntry_MorikazuAoki
0x085E681C	rom	sCreditsEntry_KojiNishino
0x085E6824	rom	sCreditsEntry_KenjiMatsushima
0x085E682C	rom	sCreditsEntry_TetsujiOhta
0x085E6834	rom	sCreditsEntry_HitomiSato
0x085E683C	rom	sCreditsEntry_TakeshiKawachimaru
0x085E6844	rom	sCreditsEntry_TeruyukiShimoyamada
0x085E684C	rom	sCreditsEntry_ShigeruOhmori
0x085E6854	rom	sCreditsEntry_TadashiTakahashi
0x085E685C	rom	sCreditsEntry_ToshinobuMatsumiya
0x085E6864	rom	sCreditsEntry_AkihitoTomisawa
0x085E686C	rom	sCreditsEntry_HirokiEnomoto
0x085E6874	rom	sCreditsEntry_KazuyukiTerada
0x085E687C	rom	sCreditsEntry_YuriSakurai
0x085E6884	rom	sCreditsEntry_HiromiSagawa
0x085E688C	rom	sCreditsEntry_KenjiTominaga
0x085E6894	rom	sCreditsEntry_YoshioTajiri
0x085E689C	rom	sCreditsEntry_TeikoSasaki
0x085E68A4	rom	sCreditsEntry_SachikoHamano
0x085E68AC	rom	sCreditsEntry_ChieMatsumiya
0x085E68B4	rom	sCreditsEntry_AkikoShinozaki
0x085E68BC	rom	sCreditsEntry_AstukoFujii
0x085E68C4	rom	sCreditsEntry_NozomuSaito
0x085E68CC	rom	sCreditsEntry_KenkichiToyama
0x085E68D4	rom	sCreditsEntry_SuguruNakatsui
0x085E68DC	rom	sCreditsEntry_YumiFunasaka
0x085E68E4	rom	sCreditsEntry_NaokoYanase
0x085E68EC	rom	sCreditsEntry_NCLSuperMarioClub
0x085E68F4	rom	sCreditsEntry_AtsushiTada
0x085E68FC	rom	sCreditsEntry_TakahiroOhnishi
0x085E6904	rom	sCreditsEntry_NorihideOkamura
0x085E690C	rom	sCreditsEntry_HiroNakamura
0x085E6914	rom	sCreditsEntry_HiroyukiUesugi
0x085E691C	rom	sCreditsEntry_TerukiMurakawa
0x085E6924	rom	sCreditsEntry_AkiraKinashi
0x085E692C	rom	sCreditsEntry_MichikoTakizawa
0x085E6934	rom	sCreditsEntry_MakikoTakada
0x085E693C	rom	sCreditsEntry_TakanaoKondo
0x085E6944	rom	sCreditsEntry_AiMashima
0x085E694C	rom	sCreditsEntry_GakujiNomoto
0x085E6954	rom	sCreditsEntry_TakehiroIzushi
0x085E695C	rom	sCreditsEntry_HitoshiYamagami
0x085E6964	rom	sCreditsEntry_KyokoWatanabe
0x085E696C	rom	sCreditsEntry_TakaoNakano
0x085E6974	rom	sCreditsEntry_HiroyukiJinnai
0x085E697C	rom	sCreditsEntry_HiroakiTsuru
0x085E6984	rom	sCreditsEntry_TsunekazIshihara
0x085E698C	rom	sCreditsEntry_SatoruIwata
0x085E6994	rom	sCreditsEntry_KazuyaSuyama
0x085E699C	rom	sCreditsEntry_SatoshiMitsuhara
0x085E69A4	rom	sCreditsEntry_JapanBrailleLibrary
0x085E69AC	rom	sCreditsEntry_TomotakaKomura
0x085E69B4	rom	sCreditsEntry_MikikoOhhashi
0x085E69BC	rom	sCreditsEntry_DaisukeHoshino
0x085E69C4	rom	sCreditsEntry_KenjiroIto
0x085E69CC	rom	sCreditsEntry_RuiKawaguchi
0x085E69D4	rom	sCreditsEntry_ShunsukeKohori
0x085E69DC	rom	sCreditsEntry_SachikoNakamichi
0x085E69E4	rom	sCreditsEntry_FujikoNomura
0x085E69EC	rom	sCreditsEntry_KazukiYoshihara
0x085E69F4	rom	sCreditsEntry_RetsujiNomoto
0x085E69FC	rom	sCreditsEntry_AzusaTajima
0x085E6A04	rom	sCreditsEntry_ShusakuEgami
0x085E6A0C	rom	sCreditsEntry_PackageAndManual
0x085E6A14	rom	sCreditsEntry_EnglishVersion
0x085E6A1C	rom	sCreditsEntry_Translator
0x085E6A24	rom	sCreditsEntry_TextEditor
0x085E6A2C	rom	sCreditsEntry_NCLCoordinator
0x085E6A34	rom	sCreditsEntry_GraphicDesigner
0x085E6A3C	rom	sCreditsEntry_NOAProductTesting
0x085E6A44	rom	sCreditsEntry_HideyukiNakajima
0x085E6A4C	rom	sCreditsEntry_HidenoriSaeki
0x085E6A54	rom	sCreditsEntry_YokoWatanabe
0x085E6A5C	rom	sCreditsEntry_SakaeKimura
0x085E6A64	rom	sCreditsEntry_ChiakiShinkai
0x085E6A6C	rom	sCreditsEntry_SethMcMahill
0x085E6A74	rom	sCreditsEntry_NobOgasawara
0x085E6A7C	rom	sCreditsEntry_TeresaLillygren
0x085E6A84	rom	sCreditsEntry_KimikoNakamichi
0x085E6A8C	rom	sCreditsEntry_SouichiYamamoto
0x085E6A94	rom	sCreditsEntry_YuichiroIto
0x085E6A9C	rom	sCreditsEntry_ThomasHertzog
0x085E6AA4	rom	sCreditsEntry_MikaKurosawa
0x085E6AAC	rom	sCreditsEntry_NationalFederationBlind
0x085E6AB4	rom	sCreditsEntry_PatriciaAMaurer
0x085E6ABC	rom	sCreditsEntry_EuropeanBlindUnion
0x085E6AC4	rom	sCreditsEntry_AustralianBrailleAuthority
0x085E6ACC	rom	sCreditsEntry_RoyalNewZealandFederationBlind
0x085E6AD4	rom	sCreditsEntry_MotoyasuTojima
0x085E6ADC	rom	sCreditsEntry_NicolaPrattBarlow
0x085E6AE4	rom	sCreditsEntry_ShellieDow
0x085E6AEC	rom	sCreditsEntry_ErikJohnson
0x085E6AF4	rom	sCreditsEntryPointerTable
0x085E6F68	rom	sBackgroundTemplates
0x085E6F6C	rom	sWindowTemplates
0x085E6F7C	rom	sMonSpritePos
0x085E6F84	rom	sAnim_Player_Slow
0x085E6F98	rom	sAnim_Player_Fast
0x085E6FAC	rom	sAnim_Player_LookBack
0x085E6FBC	rom	sAnim_Player_LookForward
0x085E6FD0	rom	sAnims_Player
0x085E6FE0	rom	sAnim_Rival_Slow
0x085E6FF4	rom	sAnim_Rival_Fast
0x085E7008	rom	sAnim_Rival_Still
0x085E7010	rom	sAnims_Rival
0x085E701C	rom	sSpriteSheet_MonBg
0x085E702C	rom	sSpritePalette_MonBg
0x085E703C	rom	sOamData_MonBg
0x085E7044	rom	sAnim_MonBg_Yellow
0x085E704C	rom	sAnim_MonBg_Red
0x085E7054	rom	sAnim_MonBg_Blue
0x085E705C	rom	sAnims_MonBg
0x085E7068	rom	sSpriteTemplate_CreditsMonBg
0x085E7080	rom	sLotteryPrizes
0x085E7088	rom	sDiplomaPalettes
0x085E70C8	rom	sDiplomaTilemap
0x085E7804	rom	sDiplomaTiles
0x085E81FC	rom	sDiplomaBgTemplates
0x085E8204	rom	sDiplomaWinTemplates
0x085E8218	rom	gText_ExpandedPlaceholder_Empty
0x085E8219	rom	gText_ExpandedPlaceholder_Kun
0x085E821A	rom	gText_ExpandedPlaceholder_Chan
0x085E821B	rom	gText_ExpandedPlaceholder_Sapphire
0x085E8224	rom	gText_ExpandedPlaceholder_Ruby
0x085E8229	rom	gText_ExpandedPlaceholder_Emerald
0x085E8231	rom	gText_ExpandedPlaceholder_Aqua
0x085E8236	rom	gText_ExpandedPlaceholder_Magma
0x085E823C	rom	gText_ExpandedPlaceholder_Archie
0x085E8243	rom	gText_ExpandedPlaceholder_Maxie
0x085E8249	rom	gText_ExpandedPlaceholder_Kyogre
0x085E8250	rom	gText_ExpandedPlaceholder_Groudon
0x085E8258	rom	gText_ExpandedPlaceholder_Brendan
0x085E8260	rom	gText_ExpandedPlaceholder_May
0x085E8264	rom	gText_EggNickname
0x085E8268	rom	gText_Pokemon
0x085E8270	rom	gText_ProfBirchMatchCallName
0x085E827C	rom	gText_MainMenuNewGame
0x085E8285	rom	gText_MainMenuContinue
0x085E828E	rom	gText_MainMenuOption
0x085E8295	rom	gText_MainMenuMysteryGift
0x085E82A2	rom	gText_MainMenuMysteryGift2
0x085E82AF	rom	gText_MainMenuMysteryEvents
0x085E82BE	rom	gText_WirelessNotConnected
0x085E82E5	rom	gText_MysteryGiftCantUse
0x085E8328	rom	gText_MysteryEventsCantUse
0x085E836D	rom	gText_UpdatingSaveExternalData
0x085E83A2	rom	gText_SaveFileUpdated
0x085E83C2	rom	gText_SaveFileCorrupted
0x085E8405	rom	gText_SaveFileErased
0x085E8440	rom	gJPText_No1MSubCircuit
0x085E8453	rom	gText_BatteryRunDry
0x085E84BF	rom	gText_Player
0x085E84C6	rom	gText_Pokedex
0x085E84CE	rom	gText_Time
0x085E84D3	rom	gText_Badges
0x085E84DA	rom	gText_AButton
0x085E84E3	rom	gText_BButton
0x085E84EC	rom	gText_RButton
0x085E84F5	rom	gText_LButton
0x085E84FE	rom	gText_Start
0x085E8504	rom	gText_Select
0x085E850B	rom	gText_ControlPad
0x085E8519	rom	gText_LButtonRButton
0x085E852C	rom	gText_Controls
0x085E8538	rom	gText_PickOk
0x085E8544	rom	gText_Next
0x085E854C	rom	gText_NextBack
0x085E855C	rom	gText_PickNextCancel
0x085E8574	rom	gText_PickCancel
0x085E8588	rom	gText_AButtonExit
0x085E858F	rom	gText_BirchBoy
0x085E8593	rom	gText_BirchGirl
0x085E8598	rom	gText_DefaultNameStu
0x085E859C	rom	gText_DefaultNameMilton
0x085E85A3	rom	gText_DefaultNameTom
0x085E85A7	rom	gText_DefaultNameKenny
0x085E85AD	rom	gText_DefaultNameReid
0x085E85B2	rom	gText_DefaultNameJude
0x085E85B7	rom	gText_DefaultNameJaxson
0x085E85BE	rom	gText_DefaultNameEaston
0x085E85C5	rom	gText_DefaultNameWalker
0x085E85CC	rom	gText_DefaultNameTeru
0x085E85D1	rom	gText_DefaultNameJohnny
0x085E85D8	rom	gText_DefaultNameBrett
0x085E85DE	rom	gText_DefaultNameSeth
0x085E85E3	rom	gText_DefaultNameTerry
0x085E85E9	rom	gText_DefaultNameCasey
0x085E85EF	rom	gText_DefaultNameDarren
0x085E85F6	rom	gText_DefaultNameLandon
0x085E85FD	rom	gText_DefaultNameCollin
0x085E8604	rom	gText_DefaultNameStanley
0x085E860C	rom	gText_DefaultNameQuincy
0x085E8613	rom	gText_DefaultNameKimmy
0x085E8619	rom	gText_DefaultNameTiara
0x085E861F	rom	gText_DefaultNameBella
0x085E8625	rom	gText_DefaultNameJayla
0x085E862B	rom	gText_DefaultNameAllie
0x085E8631	rom	gText_DefaultNameLianna
0x085E8638	rom	gText_DefaultNameSara
0x085E863D	rom	gText_DefaultNameMonica
0x085E8644	rom	gText_DefaultNameCamila
0x085E864B	rom	gText_DefaultNameAubree
0x085E8652	rom	gText_DefaultNameRuthie
0x085E8659	rom	gText_DefaultNameHazel
0x085E865F	rom	gText_DefaultNameNadine
0x085E8666	rom	gText_DefaultNameTanja
0x085E866C	rom	gText_DefaultNameYasmin
0x085E8673	rom	gText_DefaultNameNicola
0x085E867A	rom	gText_DefaultNameLillie
0x085E8681	rom	gText_DefaultNameTerra
0x085E8687	rom	gText_DefaultNameLucy
0x085E868C	rom	gText_DefaultNameHalie
0x085E8692	rom	gText_ThisIsAPokemon
0x085E86B8	rom	gText_5MarksPokemon
0x085E86C6	rom	gText_UnkHeight
0x085E86D0	rom	gText_UnkWeight
0x085E86DC	rom	gText_EmptyPkmnCategory
0x085E86FB	rom	gText_EmptyHeight
0x085E8709	rom	gText_EmptyWeight
0x085E871A	rom	gText_EmptyPokedexInfo1
0x085E871B	rom	gText_CryOf
0x085E8722	rom	gText_EmptyPokedexInfo2
0x085E8723	rom	gText_SizeComparedTo
0x085E8735	rom	gText_PokedexRegistration
0x085E8755	rom	gText_HTHeight
0x085E8758	rom	gText_WTWeight
0x085E875B	rom	gText_SearchingPleaseWait
0x085E8773	rom	gText_SearchCompleted
0x085E8785	rom	gText_NoMatchingPkmnWereFound
0x085E87A5	rom	gText_SearchForPkmnBasedOnParameters
0x085E87D6	rom	gText_SwitchPokedexListings
0x085E87EF	rom	gText_ReturnToPokedex
0x085E8806	rom	gText_SelectPokedexMode
0x085E881F	rom	gText_SelectPokedexListingMode
0x085E8840	rom	gText_ListByFirstLetter
0x085E887C	rom	gText_ListByBodyColor
0x085E88A6	rom	gText_ListByType
0x085E88C8	rom	gText_ExecuteSearchSwitch
0x085E88DF	rom	gText_DexHoennTitle
0x085E88E9	rom	gText_DexNatTitle
0x085E88F6	rom	gText_DexSortNumericalTitle
0x085E8905	rom	gText_DexSortAtoZTitle
0x085E8911	rom	gText_DexSortHeaviestTitle
0x085E891F	rom	gText_DexSortLightestTitle
0x085E892D	rom	gText_DexSortTallestTitle
0x085E893A	rom	gText_DexSortSmallestTitle
0x085E8948	rom	gText_DexSearchAlphaABC
0x085E894C	rom	gText_DexSearchAlphaDEF
0x085E8950	rom	gText_DexSearchAlphaGHI
0x085E8954	rom	gText_DexSearchAlphaJKL
0x085E8958	rom	gText_DexSearchAlphaMNO
0x085E895C	rom	gText_DexSearchAlphaPQR
0x085E8960	rom	gText_DexSearchAlphaSTU
0x085E8964	rom	gText_DexSearchAlphaVWX
0x085E8968	rom	gText_DexSearchAlphaYZ
0x085E896B	rom	gText_DexSearchColorRed
0x085E896F	rom	gText_DexSearchColorBlue
0x085E8974	rom	gText_DexSearchColorYellow
0x085E897B	rom	gText_DexSearchColorGreen
0x085E8981	rom	gText_DexSearchColorBlack
0x085E8987	rom	gText_DexSearchColorBrown
0x085E898D	rom	gText_DexSearchColorPurple
0x085E8994	rom	gText_DexSearchColorGray
0x085E8999	rom	gText_DexSearchColorWhite
0x085E899F	rom	gText_DexSearchColorPink
0x085E89A4	rom	gText_DexHoennDescription
0x085E89BB	rom	gText_DexNatDescription
0x085E89D4	rom	gText_DexSortNumericalDescription
0x085E8A02	rom	gText_DexSortAtoZDescription
0x085E8A37	rom	gText_DexSortHeaviestDescription
0x085E8A73	rom	gText_DexSortLightestDescription
0x085E8AAF	rom	gText_DexSortTallestDescription
0x085E8AEA	rom	gText_DexSortSmallestDescription
0x085E8B25	rom	gText_DexEmptyString
0x085E8B26	rom	gText_DexSearchDontSpecify
0x085E8B35	rom	gText_DexSearchTypeNone
0x085E8B3A	rom	gText_SelectorArrow
0x085E8B3C	rom	gText_EmptySpace
0x085E8B3E	rom	gText_WelcomeToHOF
0x085E8B5B	rom	gText_HOFDexRating
0x085E8BBA	rom	gText_HOFDexSaving
0x085E8BDC	rom	gText_HOFCorrupted
0x085E8C00	rom	gText_HOFNumber
0x085E8C14	rom	gText_LeagueChamp
0x085E8C36	rom	gText_Number
0x085E8C3B	rom	gText_Level
0x085E8C40	rom	gText_IdNumberSlash
0x085E8C48	rom	gText_Name
0x085E8C4D	rom	gText_IDNumber
0x085E8C53	rom	gText_BirchInTrouble
0x085E8C90	rom	gText_ConfirmStarterChoice
0x085E8CAC	rom	gText_Pokemon4
0x085E8CB4	rom	gText_FlyToWhere
0x085E8CC2	rom	gMenuText_Use
0x085E8CC6	rom	gMenuText_Toss
0x085E8CCB	rom	gMenuText_Register
0x085E8CD4	rom	gMenuText_Give
0x085E8CD9	rom	gMenuText_CheckTag
0x085E8CE3	rom	gMenuText_Confirm
0x085E8CEB	rom	gMenuText_Walk
0x085E8CF0	rom	gText_Cancel
0x085E8CF7	rom	gText_Cancel2
0x085E8CFE	rom	gMenuText_Show
0x085E8D03	rom	gText_EmptyString2
0x085E8D04	rom	gText_Cancel7
0x085E8D0B	rom	gText_Item
0x085E8D10	rom	gText_Mail
0x085E8D15	rom	gText_Take
0x085E8D1A	rom	gText_Store
0x085E8D20	rom	gMenuText_Check
0x085E8D26	rom	gText_None
0x085E8D2B	rom	gMenuText_Deselect
0x085E8D34	rom	gText_ThreeMarks
0x085E8D38	rom	gText_FiveMarks
0x085E8D3E	rom	gText_Slash
0x085E8D40	rom	gText_OneDash
0x085E8D42	rom	gText_TwoDashes
0x085E8D45	rom	gText_ThreeDashes
0x085E8D49	rom	gText_MaleSymbol
0x085E8D4B	rom	gText_FemaleSymbol
0x085E8D4D	rom	gText_LevelSymbol
0x085E8D4F	rom	gText_NumberClear01
0x085E8D55	rom	gText_PlusSymbol
0x085E8D57	rom	gText_RightArrow
0x085E8D59	rom	gText_IDNumber2
0x085E8D5E	rom	gText_Space
0x085E8D60	rom	gText_SelectorArrow2
0x085E8D62	rom	gText_GoBackPrevMenu
0x085E8D80	rom	gText_WhatWouldYouLike
0x085E8D9B	rom	gMenuText_Give2
0x085E8DA0	rom	gText_xVar1
0x085E8DA4	rom	gText_Berry2
0x085E8DAB	rom	gText_Coins
0x085E8DB4	rom	gText_CloseBag
0x085E8DBE	rom	gText_Var1IsSelected
0x085E8DCE	rom	gText_CantWriteMail
0x085E8DE9	rom	gText_NoPokemon
0x085E8DFE	rom	gText_MoveVar1Where
0x085E8E11	rom	gText_Var1CantBeHeld
0x085E8E27	rom	gText_Var1CantBeHeldHere
0x085E8E42	rom	gText_DepositHowManyVar1
0x085E8E5A	rom	gText_DepositedVar2Var1s
0x085E8E6E	rom	gText_NoRoomForItems
0x085E8E8E	rom	gText_CantStoreImportantItems
0x085E8EB9	rom	gText_TooImportantToToss
0x085E8EE0	rom	gText_TossHowManyVar1s
0x085E8EF9	rom	gText_ThrewAwayVar2Var1s
0x085E8F0E	rom	gText_ConfirmTossItems
0x085E8F31	rom	gText_DadsAdvice
0x085E8F6E	rom	gText_CantDismountBike
0x085E8F93	rom	gText_ItemFinderNearby
0x085E8FDB	rom	gText_ItemFinderOnTop
0x085E9002	rom	gText_ItemFinderNothing
0x085E9026	rom	gText_CoinCase
0x085E9037	rom	gText_BootedUpTM
0x085E9047	rom	gText_BootedUpHM
0x085E9058	rom	gText_TMHMContainedVar1
0x085E9080	rom	gText_PlayerUsedVar2
0x085E9092	rom	gText_RepelEffectsLingered
0x085E90C6	rom	gText_UsedVar2WildLured
0x085E90F4	rom	gText_UsedVar2WildRepelled
0x085E9125	rom	gText_BoxFull
0x085E9138	rom	gText_PowderQty
0x085E9149	rom	gText_TheField
0x085E9153	rom	gText_TheBattle
0x085E915E	rom	gText_ThePokemonList
0x085E916F	rom	gText_TheShop
0x085E9178	rom	gText_ThePC
0x085E9180	rom	gBagMenu_ReturnToStrings
0x085E91B0	rom	gPyramidBagMenu_ReturnToStrings
0x085E91C0	rom	gText_ReturnToVar1
0x085E91CE	rom	gText_ItemsPocket
0x085E91D4	rom	gText_PokeBallsPocket
0x085E91DF	rom	gText_TMHMPocket
0x085E91E9	rom	gText_BerriesPocket
0x085E91F1	rom	gText_KeyItemsPocket
0x085E91FC	rom	gPocketNamesStringsTable
0x085E9210	rom	gText_NumberItem_TMBerry
0x085E921A	rom	gText_NumberItem_HM
0x085E9225	rom	gText_SizeSlash
0x085E922C	rom	gText_FirmSlash
0x085E9233	rom	gText_Var1DotVar2
0x085E923A	rom	gBerryFirmnessString_VerySoft
0x085E9244	rom	gBerryFirmnessString_Soft
0x085E9249	rom	gBerryFirmnessString_Hard
0x085E924E	rom	gBerryFirmnessString_VeryHard
0x085E9258	rom	gBerryFirmnessString_SuperHard
0x085E9263	rom	gText_NumberVar1Var2
0x085E926B	rom	gText_BerryTag
0x085E9275	rom	gText_RedPokeblock
0x085E927F	rom	gText_BluePokeblock
0x085E928A	rom	gText_PinkPokeblock
0x085E9295	rom	gText_GreenPokeblock
0x085E92A1	rom	gText_YellowPokeblock
0x085E92AE	rom	gText_PurplePokeblock
0x085E92BB	rom	gText_IndigoPokeblock
0x085E92C8	rom	gText_BrownPokeblock
0x085E92D4	rom	gText_LiteBluePokeblock
0x085E92E3	rom	gText_OlivePokeblock
0x085E92EF	rom	gText_GrayPokeblock
0x085E92FA	rom	gText_BlackPokeblock
0x085E9306	rom	gText_WhitePokeblock
0x085E9312	rom	gText_GoldPokeblock
0x085E931D	rom	gText_Spicy
0x085E9323	rom	gText_Dry
0x085E9327	rom	gText_Sweet
0x085E932D	rom	gText_Bitter
0x085E9334	rom	gText_Sour
0x085E9339	rom	gText_Tasty
0x085E933F	rom	gText_Feel
0x085E9344	rom	gText_StowCase
0x085E934F	rom	gText_LvVar1
0x085E9353	rom	gText_ThrowAwayVar1
0x085E9367	rom	gText_Var1ThrownAway
0x085E937F	rom	gText_Var1AteTheVar2
0x085E9390	rom	gText_Var1HappilyAteVar2
0x085E93A9	rom	gText_Var1DisdainfullyAteVar2
0x085E93C7	rom	gText_ShopBuy
0x085E93CB	rom	gText_ShopSell
0x085E93D0	rom	gText_ShopQuit
0x085E93D5	rom	gText_InBagVar1
0x085E93E0	rom	gText_QuitShopping
0x085E93EF	rom	gText_Var1CertainlyHowMany
0x085E9417	rom	gText_Var1CertainlyHowMany2
0x085E943F	rom	gText_Var1AndYouWantedVar2
0x085E9468	rom	gText_Var1IsItThatllBeVar2
0x085E9493	rom	gText_YouWantedVar1ThatllBeVar2
0x085E94C5	rom	gText_HereYouGoThankYou
0x085E94E7	rom	gText_ThankYouIllSendItHome
0x085E9510	rom	gText_ThanksIllSendItHome
0x085E9539	rom	gText_YouDontHaveMoney
0x085E9558	rom	gText_NoMoreRoomForThis
0x085E957F	rom	gText_SpaceForVar1Full
0x085E959B	rom	gText_AnythingElseICanHelp
0x085E95C7	rom	gText_CanIHelpWithAnythingElse
0x085E95EA	rom	gText_ThrowInPremierBall
0x085E960F	rom	gText_CantBuyKeyItem
0x085E962F	rom	gText_HowManyToSell
0x085E9654	rom	gText_ICanPayVar1
0x085E9677	rom	gText_TurnedOverVar1ForVar2
0x085E969C	rom	gText_PokedollarVar1
0x085E96A0	rom	gText_Shift
0x085E96A6	rom	gText_SendOut
0x085E96AF	rom	gText_Switch2
0x085E96B6	rom	gText_Summary5
0x085E96BE	rom	gText_Moves
0x085E96C4	rom	gText_Enter
0x085E96CA	rom	gText_NoEntry
0x085E96D3	rom	gText_Take2
0x085E96D8	rom	gText_Read2
0x085E96DD	rom	gText_Trade4
0x085E96E3	rom	gText_HP3
0x085E96E6	rom	gText_SpAtk3
0x085E96EE	rom	gText_SpDef3
0x085E96F6	rom	gText_WontHaveEffect
0x085E9712	rom	gText_CantBeUsedOnPkmn
0x085E9738	rom	gText_PkmnCantSwitchOut
0x085E9754	rom	gText_PkmnAlreadyInBattle
0x085E976F	rom	gText_PkmnAlreadySelected
0x085E978F	rom	gText_PkmnHasNoEnergy
0x085E97B2	rom	gText_CantSwitchWithAlly
0x085E97E5	rom	gText_EggCantBattle
0x085E97FC	rom	gText_CantUseUntilNewBadge
0x085E9830	rom	gText_NoMoreThanVar1Pkmn
0x085E9855	rom	gText_SendMailToPC
0x085E9877	rom	gText_MailSentToPC
0x085E9897	rom	gText_PCMailboxFull
0x085E98B4	rom	gText_MailMessageWillBeLost
0x085E98EC	rom	gText_RemoveMailBeforeItem
0x085E991B	rom	gText_PkmnWasGivenItem
0x085E993A	rom	gText_PkmnAlreadyHoldingItemSwitch
0x085E9980	rom	gText_PkmnNotHolding
0x085E999D	rom	gText_ReceivedItemFromPkmn
0x085E99B8	rom	gText_MailTakenFromPkmn
0x085E99DB	rom	gText_SwitchedPkmnItem
0x085E9A08	rom	gText_PkmnHoldingItemCantHoldMail
0x085E9A40	rom	gText_MailTransferredFromMailbox
0x085E9A69	rom	gText_BagFullCouldNotRemoveItem
0x085E9AA5	rom	gText_PkmnLearnedMove3
0x085E9AB4	rom	gText_PkmnCantLearnMove
0x085E9AE9	rom	gText_PkmnNeedsToReplaceMove
0x085E9B5D	rom	gText_StopLearningMove2
0x085E9B76	rom	gText_MoveNotLearned
0x085E9B96	rom	gText_WhichMoveToForget
0x085E9BB8	rom	gText_12PoofForgotMove
0x085E9C00	rom	gText_PkmnAlreadyKnows
0x085E9C17	rom	gText_PkmnHPRestoredByVar2
0x085E9C3E	rom	gText_PkmnCuredOfPoison
0x085E9C5F	rom	gText_PkmnCuredOfParalysis
0x085E9C7C	rom	gText_PkmnWokeUp2
0x085E9C8A	rom	gText_PkmnBurnHealed
0x085E9CA2	rom	gText_PkmnThawedOut
0x085E9CB7	rom	gText_PPWasRestored
0x085E9CCA	rom	gText_PkmnRegainhedHealth
0x085E9CE0	rom	gText_PkmnBecameHealthy
0x085E9CF5	rom	gText_MovesPPIncreased
0x085E9D0A	rom	gText_PkmnElevatedToLvVar2
0x085E9D25	rom	gText_PkmnBaseVar2StatIncreased
0x085E9D45	rom	gText_PkmnFriendlyBaseVar2Fell
0x085E9D6D	rom	gText_PkmnAdoresBaseVar2Fell
0x085E9D90	rom	gText_PkmnFriendlyBaseVar2CantFall
0x085E9DBE	rom	gText_PkmnSnappedOutOfConfusion
0x085E9DE1	rom	gText_PkmnGotOverInfatuation
0x085E9E00	rom	gText_ThrowAwayItem
0x085E9E14	rom	gText_ItemThrownAway
0x085E9E2E	rom	gText_TeachWhichPokemon2
0x085E9E43	rom	gText_ChoosePokemon
0x085E9E55	rom	gText_MoveToWhere
0x085E9E64	rom	gText_TeachWhichPokemon
0x085E9E79	rom	gText_UseOnWhichPokemon
0x085E9E8F	rom	gText_GiveToWhichPokemon
0x085E9EA6	rom	gText_DoWhatWithPokemon
0x085E9EBC	rom	gText_NothingToCut
0x085E9ED4	rom	gText_CantSurfHere
0x085E9EE9	rom	gText_AlreadySurfing
0x085E9F01	rom	gText_CantUseHere
0x085E9F16	rom	gText_RestoreWhichMove
0x085E9F2A	rom	gText_BoostPp
0x085E9F42	rom	gText_DoWhatWithItem
0x085E9F58	rom	gText_NoPokemonForBattle
0x085E9F6F	rom	gText_ChoosePokemon2
0x085E9F81	rom	gText_NotEnoughHp
0x085E9F90	rom	gText_PokemonAreNeeded
0x085E9FA7	rom	gText_PokemonCantBeSame
0x085E9FC2	rom	gText_NoIdenticalHoldItems
0x085E9FDB	rom	gText_CurrentIsTooFast
0x085E9FF9	rom	gText_DoWhatWithMail
0x085EA010	rom	gText_ChoosePokemonCancel
0x085EA02A	rom	gText_ChoosePokemonConfirm
0x085EA046	rom	gText_EnjoyCycling
0x085EA05B	rom	gText_InUseAlready_PM
0x085EA073	rom	gText_AlreadyHoldingOne
0x085EA091	rom	gText_NoUse
0x085EA099	rom	gText_Able
0x085EA09E	rom	gText_First_PM
0x085EA0A4	rom	gText_Second_PM
0x085EA0AB	rom	gText_Third_PM
0x085EA0B1	rom	gText_Able2
0x085EA0B6	rom	gText_NotAble
0x085EA0BF	rom	gText_Able3
0x085EA0C5	rom	gText_NotAble2
0x085EA0CF	rom	gText_Learned
0x085EA0D7	rom	gText_Have
0x085EA0DC	rom	gText_DontHave
0x085EA0E7	rom	gText_Fourth
0x085EA0EE	rom	gText_PkmnCantParticipate
0x085EA110	rom	gText_CancelParticipation
0x085EA126	rom	gText_CancelBattle
0x085EA139	rom	gText_ReturnToWaitingRoom
0x085EA155	rom	gText_CancelChallenge
0x085EA16B	rom	gText_EscapeFromHere
0x085EA196	rom	gText_ReturnToHealingSpot
0x085EA1CA	rom	gText_PauseUntilPress
0x085EA1CD	rom	gJPText_AreYouSureYouWantToSpinTradeMon
0x085EA1E8	rom	gText_OnlyPkmnForBattle
0x085EA210	rom	gText_PkmnCantBeTradedNow
0x085EA234	rom	gText_EggCantBeTradedNow
0x085EA250	rom	gText_OtherTrainersPkmnCantBeTraded
0x085EA284	rom	gText_OtherTrainerCantAcceptPkmn
0x085EA2B8	rom	gText_CantTradeWithTrainer
0x085EA2E0	rom	gText_NotPkmnOtherTrainerWants
0x085EA320	rom	gText_ThatIsntAnEgg
0x085EA333	rom	gText_Register
0x085EA33C	rom	gText_Attack3
0x085EA343	rom	gText_Defense3
0x085EA34B	rom	gText_SpAtk4
0x085EA353	rom	gText_SpDef4
0x085EA35B	rom	gText_Speed2
0x085EA361	rom	gText_HP4
0x085EA364	rom	gText_EmptyString8
0x085EA365	rom	gText_OTSlash
0x085EA369	rom	gText_RentalPkmn
0x085EA378	rom	gText_TypeSlash
0x085EA37E	rom	gText_Power
0x085EA384	rom	gText_Accuracy2
0x085EA38D	rom	gText_Appeal
0x085EA394	rom	gText_Jam
0x085EA398	rom	gText_Status
0x085EA39F	rom	gText_ExpPoints
0x085EA3AB	rom	gText_NextLv
0x085EA3B4	rom	gText_RibbonsVar1
0x085EA3C0	rom	gText_EmptyString5
0x085EA3C1	rom	gText_Events
0x085EA3C8	rom	gText_Switch
0x085EA3CF	rom	gText_PkmnInfo
0x085EA3DC	rom	gText_PkmnSkills
0x085EA3EB	rom	gText_BattleMoves
0x085EA3F8	rom	gText_ContestMoves
0x085EA406	rom	gText_Info
0x085EA40B	rom	gText_EggWillTakeALongTime
0x085EA442	rom	gText_EggWillTakeSomeTime
0x085EA475	rom	gText_EggWillHatchSoon
0x085EA4A2	rom	gText_EggAboutToHatch
0x085EA4CB	rom	gText_HMMovesCantBeForgotten2
0x085EA4EC	rom	gText_XNatureMetAtYZ
0x085EA516	rom	gText_XNatureHatchedAtYZ
0x085EA544	rom	gText_XNatureObtainedInTrade
0x085EA56A	rom	gText_XNatureFatefulEncounter
0x085EA5A8	rom	gText_XNatureProbablyMetAt
0x085EA5DB	rom	gText_XNature
0x085EA5EB	rom	gText_XNatureMetSomewhereAt
0x085EA617	rom	gText_XNatureHatchedSomewhereAt
0x085EA647	rom	gText_OddEggFoundByCouple
0x085EA678	rom	gText_PeculiarEggNicePlace
0x085EA6AB	rom	gText_PeculiarEggTrade
0x085EA6D7	rom	gText_EggFromHotSprings
0x085EA702	rom	gText_EggFromTraveler
0x085EA72F	rom	gText_ApostropheSBase
0x085EA737	rom	gText_OkayToDeleteFromRegistry
0x085EA762	rom	gText_RegisteredDataDeleted
0x085EA785	rom	gText_NoRegistry
0x085EA79D	rom	gText_DelRegist
0x085EA7A9	rom	gText_Var3Var1SlashVar2
0x085EA7B1	rom	gText_Decorate
0x085EA7BA	rom	gText_PutAway
0x085EA7C3	rom	gText_Toss2
0x085EA7C8	rom	gText_Color161Shadow161
0x085EA7CF	rom	gText_PutOutSelectedDecorItem
0x085EA7F5	rom	gText_StoreChosenDecorInPC
0x085EA81C	rom	gText_ThrowAwayUnwantedDecors
0x085EA83D	rom	gText_NoDecorations
0x085EA859	rom	gText_Desk
0x085EA85E	rom	gText_Chair
0x085EA864	rom	gText_Plant
0x085EA86A	rom	gText_Ornament
0x085EA873	rom	gText_Mat
0x085EA877	rom	gText_Poster
0x085EA87E	rom	gText_Doll
0x085EA883	rom	gText_Cushion
0x085EA88B	rom	gText_Gold
0x085EA890	rom	gText_Silver
0x085EA897	rom	gText_PlaceItHere
0x085EA8A6	rom	gText_CantBePlacedHere
0x085EA8BF	rom	gText_CancelDecorating
0x085EA8D2	rom	gText_InUseAlready
0x085EA8EA	rom	gText_NoMoreDecorations
0x085EA931	rom	gText_NoMoreDecorations2
0x085EA978	rom	gText_MustBePlacedOnDesk
0x085EA9AE	rom	gText_CantPlaceInRoom
0x085EA9E0	rom	gText_CantThrowAwayInUse
0x085EAA14	rom	gText_DecorationWillBeDiscarded
0x085EAA3D	rom	gText_DecorationThrownAway
0x085EAA62	rom	gText_StopPuttingAwayDecorations
0x085EAA81	rom	gText_NoDecorationHere
0x085EAAA3	rom	gText_ReturnDecorationToPC
0x085EAAC5	rom	gText_DecorationReturnedToPC
0x085EAAEC	rom	gText_NoDecorationsInUse
0x085EAB0F	rom	gText_Tristan
0x085EAB17	rom	gText_Philip
0x085EAB1E	rom	gText_Dennis
0x085EAB25	rom	gText_Roberto
0x085EAB2D	rom	gText_TurnOff
0x085EAB36	rom	gText_Decoration
0x085EAB41	rom	gText_ItemStorage
0x085EAB4E	rom	gText_Mailbox
0x085EAB56	rom	gText_DepositItem
0x085EAB63	rom	gText_WithdrawItem
0x085EAB71	rom	gText_TossItem
0x085EAB7B	rom	gText_StoreItemsInPC
0x085EAB92	rom	gText_TakeOutItemsFromPC
0x085EABAE	rom	gText_ThrowAwayItemsInPC
0x085EABD1	rom	gText_NoItems
0x085EABE7	rom	gText_NoRoomInBag
0x085EAC09	rom	gText_WithdrawHowManyItems
0x085EAC22	rom	gText_WithdrawXItems
0x085EAC35	rom	gText_Read
0x085EAC3A	rom	gText_MoveToBag
0x085EAC46	rom	gText_Give2
0x085EAC4B	rom	gText_NoMailHere
0x085EAC63	rom	gText_WhatToDoWithVar1sMail
0x085EAC8D	rom	gText_MessageWillBeLost
0x085EACB5	rom	gText_BagIsFull
0x085EACC8	rom	gText_MailToBagMessageErased
0x085EAD04	rom	gText_Dad
0x085EAD08	rom	gText_Mom
0x085EAD0C	rom	gText_Wallace
0x085EAD14	rom	gText_Steven
0x085EAD1B	rom	gText_Brawly
0x085EAD22	rom	gText_Winona
0x085EAD29	rom	gText_Phoebe
0x085EAD30	rom	gText_Glacia
0x085EAD37	rom	gText_Petalburg
0x085EAD41	rom	gText_Slateport
0x085EAD4B	rom	gText_Littleroot
0x085EAD56	rom	gText_Lilycove
0x085EAD5F	rom	gText_Dewford
0x085EAD67	rom	gText_Enter2
0x085EAD6D	rom	gText_Info2
0x085EAD72	rom	gText_WhatsAContest
0x085EAD84	rom	gText_TypesOfContests
0x085EAD96	rom	gText_Ranks
0x085EAD9C	rom	gText_Judging
0x085EADA4	rom	gText_CoolnessContest
0x085EADB5	rom	gText_BeautyContest
0x085EADC4	rom	gText_CutenessContest
0x085EADD5	rom	gText_SmartnessContest
0x085EADE7	rom	gText_ToughnessContest
0x085EADF9	rom	gText_Decoration2
0x085EAE04	rom	gText_PackUp
0x085EAE0C	rom	gText_Count
0x085EAE12	rom	gText_Registry
0x085EAE1B	rom	gText_Information
0x085EAE27	rom	gText_Mach
0x085EAE2C	rom	gText_Acro
0x085EAE31	rom	gText_Psn
0x085EAE35	rom	gText_Par
0x085EAE39	rom	gText_Slp
0x085EAE3D	rom	gText_Brn
0x085EAE41	rom	gText_Frz
0x085EAE45	rom	gText_Toxic
0x085EAE4B	rom	gText_Ok3
0x085EAE4E	rom	gText_Quit
0x085EAE53	rom	gText_SawIt
0x085EAE5A	rom	gText_NotYet
0x085EAE62	rom	gText_Yes
0x085EAE66	rom	gText_No
0x085EAE69	rom	gText_Info4
0x085EAE6E	rom	gText_SingleBattle
0x085EAE7C	rom	gText_DoubleBattle
0x085EAE8A	rom	gText_MultiBattle
0x085EAE97	rom	gText_MrBriney
0x085EAEA2	rom	gText_Challenge
0x085EAEAC	rom	gText_Info3
0x085EAEB1	rom	gText_Lv50
0x085EAEB8	rom	gText_OpenLevel
0x085EAEC3	rom	gText_FreshWaterAndPrice
0x085EAED6	rom	gText_SodaPopAndPrice
0x085EAEE6	rom	gText_LemonadeAndPrice
0x085EAEF6	rom	gText_HowToRide
0x085EAF02	rom	gText_HowToTurn
0x085EAF0E	rom	gText_SandySlopes
0x085EAF1B	rom	gText_Wheelies
0x085EAF24	rom	gText_BunnyHops
0x085EAF2F	rom	gText_Jump
0x085EAF34	rom	gText_Satisfied
0x085EAF3E	rom	gText_Dissatisfied
0x085EAF4B	rom	gText_DeepSeaTooth
0x085EAF58	rom	gText_DeepSeaScale
0x085EAF65	rom	gText_BlueFlute2
0x085EAF70	rom	gText_YellowFlute2
0x085EAF7D	rom	gText_RedFlute2
0x085EAF87	rom	gText_WhiteFlute2
0x085EAF93	rom	gText_BlackFlute2
0x085EAF9F	rom	gText_GlassChair
0x085EAFAB	rom	gText_GlassDesk
0x085EAFB6	rom	gText_TreeckoDollAndPrice
0x085EAFCF	rom	gText_TorchicDollAndPrice
0x085EAFE8	rom	gText_MudkipDollAndPrice
0x085EB002	rom	gText_50CoinsAndPrice
0x085EB017	rom	gText_500CoinsAndPrice
0x085EB02A	rom	gText_Excellent2
0x085EB034	rom	gText_NotSoGood
0x085EB040	rom	gText_RedShard
0x085EB04A	rom	gText_YellowShard
0x085EB057	rom	gText_BlueShard
0x085EB062	rom	gText_GreenShard
0x085EB06E	rom	gText_BattleFrontier
0x085EB07E	rom	gText_Right
0x085EB084	rom	gText_Left
0x085EB089	rom	gText_TM32AndPrice
0x085EB09C	rom	gText_TM29AndPrice
0x085EB0AF	rom	gText_TM35AndPrice
0x085EB0C2	rom	gText_TM24AndPrice
0x085EB0D5	rom	gText_TM13AndPrice
0x085EB0E8	rom	gText_Cool
0x085EB0ED	rom	gText_Beauty
0x085EB0F4	rom	gText_Cute
0x085EB0F9	rom	gText_Smart
0x085EB0FF	rom	gText_Tough
0x085EB105	rom	gText_Normal
0x085EB10C	rom	gText_Super
0x085EB112	rom	gText_Hyper
0x085EB118	rom	gText_Master
0x085EB11F	rom	gText_Cool2
0x085EB124	rom	gText_Beauty2
0x085EB12B	rom	gText_Cute2
0x085EB130	rom	gText_Smart2
0x085EB136	rom	gText_Tough2
0x085EB13C	rom	gText_Items
0x085EB142	rom	gText_Key_Items
0x085EB14C	rom	gText_Poke_Balls
0x085EB157	rom	gText_TMs_Hms
0x085EB161	rom	gText_Berries2
0x085EB169	rom	gText_SomeonesPC
0x085EB176	rom	gText_LanettesPC
0x085EB183	rom	gText_PlayersPC
0x085EB18B	rom	gText_HallOfFame
0x085EB198	rom	gText_LogOff
0x085EB1A0	rom	gText_Opponent
0x085EB1A9	rom	gText_Tourney_Tree
0x085EB1B6	rom	gText_ReadyToStart
0x085EB1C5	rom	gText_NormalRank
0x085EB1D1	rom	gText_SuperRank
0x085EB1DC	rom	gText_HyperRank
0x085EB1E7	rom	gText_MasterRank
0x085EB1F3	rom	gText_Single2
0x085EB1FA	rom	gText_Double2
0x085EB201	rom	gText_Multi
0x085EB207	rom	gText_MultiLink
0x085EB212	rom	gText_BattleBag
0x085EB21D	rom	gText_HeldItem
0x085EB227	rom	gText_LinkContest
0x085EB234	rom	gText_AboutE_Mode
0x085EB241	rom	gText_AboutG_Mode
0x085EB24E	rom	gText_E_Mode
0x085EB255	rom	gText_G_Mode
0x085EB25C	rom	gText_MenuOptionPokedex
0x085EB264	rom	gText_MenuOptionPokemon
0x085EB26C	rom	gText_MenuOptionBag
0x085EB270	rom	gText_MenuOptionPokenav
0x085EB278	rom	gText_Blank
0x085EB279	rom	gText_MenuOptionSave
0x085EB27E	rom	gText_MenuOptionOption
0x085EB285	rom	gText_MenuOptionExit
0x085EB28A	rom	gText_5BP
0x085EB290	rom	gText_10BP
0x085EB295	rom	gText_15BP
0x085EB29A	rom	gText_RedTent
0x085EB2A3	rom	gText_BlueTent
0x085EB2AD	rom	gText_SouthernIsland
0x085EB2BD	rom	gText_BirthIsland
0x085EB2CA	rom	gText_FarawayIsland
0x085EB2D9	rom	gText_NavelRock
0x085EB2E4	rom	gText_ClawFossil
0x085EB2F0	rom	gText_RootFossil
0x085EB2FC	rom	gText_No4
0x085EB2FF	rom	gText_IllBattleNow
0x085EB310	rom	gText_IWon
0x085EB317	rom	gText_ILost
0x085EB31F	rom	gText_IWontTell
0x085EB32D	rom	gText_NormalTagMatch
0x085EB33E	rom	gText_VarietyTagMatch
0x085EB350	rom	gText_UniqueTagMatch
0x085EB361	rom	gText_ExpertTagMatch
0x085EB372	rom	gText_TradeCenter
0x085EB37F	rom	gText_Colosseum
0x085EB389	rom	gText_RecordCorner
0x085EB397	rom	gText_BerryCrush3
0x085EB3A3	rom	gText_EmptyLinkService
0x085EB3A4	rom	gText_PokemonJump
0x085EB3B1	rom	gText_DodrioBerryPicking
0x085EB3C6	rom	gText_BecomeLeader
0x085EB3D4	rom	gText_JoinGroup
0x085EB3DF	rom	gText_TwoStyles
0x085EB3EA	rom	gText_Lv50_3
0x085EB3F1	rom	gText_OpenLevel2
0x085EB3FC	rom	gText_MonTypeAndNo
0x085EB40A	rom	gText_HoldItems
0x085EB415	rom	gText_Symbols2
0x085EB41D	rom	gText_Record3
0x085EB424	rom	gText_BattlePts
0x085EB42F	rom	gText_TowerInfo
0x085EB43A	rom	gText_BattleMon
0x085EB444	rom	gText_BattleSalon
0x085EB451	rom	gText_MultiLink2
0x085EB45C	rom	gText_BattleRules
0x085EB469	rom	gText_JudgeMind
0x085EB475	rom	gText_JudgeSkill
0x085EB482	rom	gText_JudgeBody
0x085EB48E	rom	gText_Matchup
0x085EB496	rom	gText_TourneyTree
0x085EB4A3	rom	gText_DoubleKO
0x085EB4AD	rom	gText_BasicRules
0x085EB4B9	rom	gText_SwapPartners
0x085EB4C7	rom	gText_SwapNumber
0x085EB4D4	rom	gText_SwapNotes
0x085EB4E0	rom	gText_OpenLevel3
0x085EB4EB	rom	gText_BattleBasics
0x085EB4F9	rom	gText_PokemonNature
0x085EB508	rom	gText_PokemonMoves
0x085EB516	rom	gText_Underpowered
0x085EB523	rom	gText_WhenInDanger
0x085EB532	rom	gText_PyramidPokemon
0x085EB543	rom	gText_PyramidTrainers
0x085EB555	rom	gText_PyramidMaze
0x085EB563	rom	gText_BattleBag2
0x085EB56E	rom	gText_PokenavAndBag
0x085EB57E	rom	gText_HeldItems
0x085EB589	rom	gText_PokemonOrder
0x085EB597	rom	gText_BattlePokemon
0x085EB5A6	rom	gText_BattleTrainers
0x085EB5B6	rom	gText_GoOn
0x085EB5BC	rom	gText_Record2
0x085EB5C3	rom	gText_Rest
0x085EB5C8	rom	gText_Retire
0x085EB5CF	rom	gText_99TimesPlus
0x085EB5DA	rom	gText_1MinutePlus
0x085EB5E5	rom	gText_SpaceSeconds
0x085EB5EE	rom	gText_SpaceTimes
0x085EB5F7	rom	gText_Dot
0x085EB5F9	rom	gText_BigGuy
0x085EB601	rom	gText_BigGirl
0x085EB60A	rom	gText_Son
0x085EB60E	rom	gText_Daughter
0x085EB617	rom	gText_BlueFlute
0x085EB622	rom	gText_YellowFlute
0x085EB62F	rom	gText_RedFlute
0x085EB639	rom	gText_WhiteFlute
0x085EB645	rom	gText_BlackFlute
0x085EB651	rom	gText_PrettyChair
0x085EB65E	rom	gText_PrettyDesk
0x085EB66A	rom	gText_1F
0x085EB66D	rom	gText_2F
0x085EB670	rom	gText_3F
0x085EB673	rom	gText_4F
0x085EB676	rom	gText_5F
0x085EB679	rom	gText_6F
0x085EB67C	rom	gText_7F
0x085EB67F	rom	gText_8F
0x085EB682	rom	gText_9F
0x085EB685	rom	gText_10F
0x085EB689	rom	gText_11F
0x085EB68D	rom	gText_B1F
0x085EB691	rom	gText_B2F
0x085EB695	rom	gText_B3F
0x085EB699	rom	gText_B4F
0x085EB69D	rom	gText_Rooftop
0x085EB6A5	rom	gText_ElevatorNowOn
0x085EB6AD	rom	gText_BP
0x085EB6B0	rom	gText_EnergyPowder50
0x085EB6C5	rom	gText_EnergyRoot80
0x085EB6D9	rom	gText_HealPowder50
0x085EB6ED	rom	gText_RevivalHerb300
0x085EB703	rom	gText_Protein1000
0x085EB716	rom	gText_Iron1000
0x085EB726	rom	gText_Carbos1000
0x085EB738	rom	gText_Calcium1000
0x085EB74B	rom	gText_Zinc1000
0x085EB75B	rom	gText_HPUp1000
0x085EB76C	rom	gText_PPUp3000
0x085EB77D	rom	gText_RankingHall
0x085EB78A	rom	gText_ExchangeService
0x085EB79B	rom	gText_LilycoveCity
0x085EB7A9	rom	gText_SlateportCity
0x085EB7B8	rom	gText_CaveOfOrigin
0x085EB7C7	rom	gText_MtPyre
0x085EB7D0	rom	gText_SkyPillar
0x085EB7DB	rom	gText_DontRemember
0x085EB7EA	rom	gText_Exit
0x085EB7EF	rom	gText_ExitFromBox
0x085EB802	rom	gText_WhatDoYouWantToDo
0x085EB81A	rom	gText_PleasePickATheme
0x085EB82F	rom	gText_PickTheWallpaper
0x085EB843	rom	gText_PkmnIsSelected
0x085EB853	rom	gText_JumpToWhichBox
0x085EB866	rom	gText_DepositInWhichBox
0x085EB87C	rom	gText_PkmnWasDeposited
0x085EB88E	rom	gText_BoxIsFull2
0x085EB89F	rom	gText_ReleaseThisPokemon
0x085EB8B5	rom	gText_PkmnWasReleased
0x085EB8C6	rom	gText_ByeByePkmn
0x085EB8D3	rom	gText_MarkYourPkmn
0x085EB8E6	rom	gText_ThatsYourLastPkmn
0x085EB900	rom	gText_YourPartysFull
0x085EB913	rom	gText_YoureHoldingAPkmn
0x085EB92D	rom	gText_WhichOneWillYouTake
0x085EB946	rom	gText_YouCantReleaseAnEgg
0x085EB960	rom	gText_ContinueBoxOperations
0x085EB979	rom	gText_PkmnCameBack
0x085EB987	rom	gText_WasItWorriedAboutYou
0x085EB9A1	rom	gText_FourEllipsesExclamation
0x085EB9AB	rom	gText_PleaseRemoveTheMail
0x085EB9C3	rom	gText_GiveToAPkmn
0x085EB9D6	rom	gText_PlacedItemInBag
0x085EB9EE	rom	gText_BagIsFull2
0x085EB9FF	rom	gText_PutItemInBag
0x085EBA19	rom	gText_ItemIsNowHeld
0x085EBA29	rom	gText_ChangedToNewItem
0x085EBA38	rom	gText_MailCantBeStored
0x085EBA4E	rom	gPCText_Cancel
0x085EBA55	rom	gPCText_Store
0x085EBA5B	rom	gPCText_Withdraw
0x085EBA64	rom	gPCText_Shift
0x085EBA6A	rom	gPCText_Move
0x085EBA6F	rom	gPCText_Place
0x085EBA75	rom	gPCText_Summary
0x085EBA7D	rom	gPCText_Release
0x085EBA85	rom	gPCText_Mark
0x085EBA8A	rom	gPCText_Name
0x085EBA8F	rom	gPCText_Jump
0x085EBA94	rom	gPCText_Wallpaper
0x085EBA9E	rom	gPCText_Take
0x085EBAA3	rom	gPCText_Give
0x085EBAA8	rom	gPCText_Switch
0x085EBAAF	rom	gPCText_Bag
0x085EBAB3	rom	gPCText_Info
0x085EBAB8	rom	gPCText_Scenery1
0x085EBAC2	rom	gPCText_Scenery2
0x085EBACC	rom	gPCText_Scenery3
0x085EBAD6	rom	gPCText_Etcetera
0x085EBADF	rom	gPCText_Friends
0x085EBAE7	rom	gPCText_Forest
0x085EBAEE	rom	gPCText_City
0x085EBAF3	rom	gPCText_Desert
0x085EBAFA	rom	gPCText_Savanna
0x085EBB02	rom	gPCText_Crag
0x085EBB07	rom	gPCText_Volcano
0x085EBB0F	rom	gPCText_Snow
0x085EBB14	rom	gPCText_Cave
0x085EBB19	rom	gPCText_Beach
0x085EBB1F	rom	gPCText_Seafloor
0x085EBB28	rom	gPCText_River
0x085EBB2E	rom	gPCText_Sky
0x085EBB32	rom	gPCText_PolkaDot
0x085EBB3C	rom	gPCText_Pokecenter
0x085EBB47	rom	gPCText_Machine
0x085EBB4F	rom	gPCText_Simple
0x085EBB56	rom	gText_WhatWouldYouLikeToDo
0x085EBB71	rom	gText_WithdrawPokemon
0x085EBB82	rom	gText_DepositPokemon
0x085EBB92	rom	gText_MovePokemon
0x085EBB9F	rom	gText_MoveItems
0x085EBBAA	rom	gText_SeeYa
0x085EBBB2	rom	gText_WithdrawMonDescription
0x085EBBDE	rom	gText_DepositMonDescription
0x085EBC04	rom	gText_MoveMonDescription
0x085EBC35	rom	gText_MoveItemsDescription
0x085EBC6C	rom	gText_SeeYaDescription
0x085EBC89	rom	gText_JustOnePkmn
0x085EBCAD	rom	gText_PartyFull
0x085EBCC1	rom	gText_Box
0x085EBCC5	rom	gText_CheckMapOfHoenn
0x085EBCE8	rom	gText_CheckPokemonInDetail
0x085EBD01	rom	gText_CallRegisteredTrainer
0x085EBD1C	rom	gText_CheckObtainedRibbons
0x085EBD34	rom	gText_PutAwayPokenav
0x085EBD4A	rom	gText_NoRibbonWinners
0x085EBD67	rom	gText_NoTrainersRegistered
0x085EBD83	rom	gText_CheckPartyPokemonInDetail
0x085EBDA2	rom	gText_CheckAllPokemonInDetail
0x085EBDBF	rom	gText_ReturnToPokenavMenu
0x085EBDDB	rom	gText_FindCoolPokemon
0x085EBDEE	rom	gText_FindBeautifulPokemon
0x085EBE06	rom	gText_FindCutePokemon
0x085EBE19	rom	gText_FindSmartPokemon
0x085EBE2D	rom	gText_FindToughPokemon
0x085EBE41	rom	gText_ReturnToConditionMenu
0x085EBE5F	rom	gText_NumberRegistered
0x085EBE6E	rom	gText_NumberOfBattles
0x085EBE7D	rom	gText_Detail
0x085EBE84	rom	gText_Call2
0x085EBE89	rom	gText_UnusedExit
0x085EBE8E	rom	gText_CantCallOpponentHere
0x085EBEA8	rom	gText_PokenavMatchCall_Strategy
0x085EBEB1	rom	gText_PokenavMatchCall_TrainerPokemon
0x085EBEC3	rom	gText_PokenavMatchCall_SelfIntroduction
0x085EBED5	rom	gText_Pokenav_ClearButtonList
0x085EBED9	rom	gText_PokenavMap_ZoomedOutButtons
0x085EBEE9	rom	gText_PokenavMap_ZoomedInButtons
0x085EBEF9	rom	gText_PokenavCondition_MonListButtons
0x085EBF0E	rom	gText_PokenavCondition_MonStatusButtons
0x085EBF22	rom	gText_PokenavCondition_MarkingButtons
0x085EBF39	rom	gText_PokenavMatchCall_TrainerListButtons
0x085EBF49	rom	gText_PokenavMatchCall_CallMenuButtons
0x085EBF57	rom	gText_PokenavMatchCall_CheckTrainerButtons
0x085EBF60	rom	gText_PokenavRibbons_MonListButtons
0x085EBF73	rom	gText_PokenavRibbons_RibbonListButtons
0x085EBF84	rom	gText_PokenavRibbons_RibbonCheckButtons
0x085EBF8D	rom	gText_NatureSlash
0x085EBF95	rom	gText_TrainerCloseBy
0x085EBFCE	rom	gText_InParty
0x085EBFD7	rom	gText_Number2
0x085EBFDC	rom	gText_Ribbons
0x085EBFE4	rom	gText_PokemonMaleLv
0x085EBFF6	rom	gText_PokemonFemaleLv
0x085EC008	rom	gText_PokemonNoGenderLv
0x085EC00F	rom	gText_Unknown
0x085EC017	rom	gText_Call
0x085EC01C	rom	gText_Check
0x085EC022	rom	gText_Cancel6
0x085EC029	rom	gText_NumberIndex
0x085EC030	rom	gText_RibbonsF700
0x085EC03B	rom	gText_PokemonMaleLv2
0x085EC04F	rom	gText_PokemonFemaleLv2
0x085EC063	rom	gText_PokemonNoGenderLv2
0x085EC06C	rom	gText_CombineFourWordsOrPhrases
0x085EC08A	rom	gText_AndMakeYourProfile
0x085EC0A1	rom	gText_CombineSixWordsOrPhrases
0x085EC0BE	rom	gText_AndMakeAMessage
0x085EC0D2	rom	gText_FindWordsThatDescribeYour
0x085EC0F0	rom	gText_FeelingsRightNow
0x085EC104	rom	gText_WithFourPhrases
0x085EC117	rom	gText_CombineNineWordsOrPhrases
0x085EC135	rom	gText_AndMakeAMessage2
0x085EC149	rom	gText_ChangeJustOneWordOrPhrase
0x085EC168	rom	gText_AndImproveTheBardsSong
0x085EC185	rom	gText_YourProfile
0x085EC192	rom	gText_YourFeelingAtTheBattlesStart
0x085EC1B5	rom	gText_WhatYouSayIfYouWin
0x085EC1D6	rom	gText_WhatYouSayIfYouLose
0x085EC1F8	rom	gText_TheAnswer
0x085EC203	rom	gText_TheMailMessage
0x085EC214	rom	gText_TheMailSalutation
0x085EC228	rom	gText_TheBardsSong2
0x085EC235	rom	gText_CombineTwoWordsOrPhrases
0x085EC252	rom	gText_AndMakeATrendySaying
0x085EC26C	rom	gText_TheTrendySaying
0x085EC27E	rom	gText_IsAsShownOkay
0x085EC291	rom	gText_CombineTwoWordsOrPhrases2
0x085EC2AE	rom	gText_ToTeachHerAGoodSaying
0x085EC2CA	rom	gText_FindWordsWhichFit
0x085EC2DF	rom	gText_TheTrainersImage
0x085EC2F4	rom	gText_TheImage
0x085EC2FF	rom	gText_OutOfTheListedChoices
0x085EC31A	rom	gText_SelectTheAnswerToTheQuiz
0x085EC339	rom	gText_AndCreateAQuiz
0x085EC34C	rom	gText_PickAWordOrPhraseAnd
0x085EC366	rom	gText_SetTheQuizAnswer
0x085EC37B	rom	gText_TheAnswerColon
0x085EC387	rom	gText_TheQuizColon
0x085EC391	rom	gText_ApprenticePhrase
0x085EC3A6	rom	gText_QuitEditing
0x085EC3B4	rom	gText_StopGivingPkmnMail
0x085EC3D2	rom	gText_AndFillOutTheQuestionnaire
0x085EC3F2	rom	gText_LetsReplyToTheInterview
0x085EC410	rom	gText_AllTextBeingEditedWill
0x085EC42F	rom	gText_BeDeletedThatOkay
0x085EC449	rom	gText_QuitEditing2
0x085EC457	rom	gText_EditedTextWillNotBeSaved
0x085EC47A	rom	gText_IsThatOkay
0x085EC488	rom	gText_PleaseEnterPhraseOrWord
0x085EC4A7	rom	gText_EntireTextCantBeDeleted
0x085EC4C9	rom	gText_OnlyOnePhrase
0x085EC4E9	rom	gText_OriginalSongWillBeUsed
0x085EC509	rom	gText_ThatsTrendyAlready
0x085EC520	rom	gText_CombineTwoWordsOrPhrases3
0x085EC53E	rom	gText_QuitGivingInfo
0x085EC557	rom	gText_StopGivingPkmnMail2
0x085EC575	rom	gText_CreateAQuiz2
0x085EC584	rom	gText_SetTheAnswer
0x085EC594	rom	gText_CancelSelection
0x085EC5AA	rom	gText_Profile
0x085EC5B2	rom	gText_AtTheBattlesStart
0x085EC5C9	rom	gText_UponWinningABattle
0x085EC5E0	rom	gText_UponLosingABattle
0x085EC5F6	rom	gText_TheBardsSong
0x085EC606	rom	gText_WhatsHipAndHappening
0x085EC620	rom	gText_Interview
0x085EC62A	rom	gText_GoodSaying
0x085EC636	rom	gText_FansQuestion
0x085EC645	rom	gJPText_WhatIsTheQuizAnswer
0x085EC650	rom	gText_ApprenticesPhrase
0x085EC664	rom	gText_Questionnaire
0x085EC672	rom	gText_YouCannotQuitHere
0x085EC688	rom	gText_SectionMustBeCompleted
0x085EC6A8	rom	gText_F700sQuiz
0x085EC6B2	rom	gText_Lady
0x085EC6B7	rom	gText_AfterYouHaveReadTheQuiz
0x085EC6D4	rom	gText_QuestionPressTheAButton
0x085EC6F2	rom	gText_TheQuizAnswerIs
0x085EC706	rom	gText_LikeToQuitQuiz
0x085EC727	rom	gText_ChallengeQuestionMark
0x085EC732	rom	gText_IsThisQuizOK
0x085EC743	rom	gText_CreateAQuiz
0x085EC752	rom	gText_SelectTheAnswer
0x085EC765	rom	gText_LyricsCantBeDeleted
0x085EC782	rom	gText_PokemonLeague
0x085EC791	rom	gText_PokemonCenter
0x085EC7A0	rom	gText_GetsAPokeBlockQuestion
0x085EC7AF	rom	gText_Coolness
0x085EC7B9	rom	gText_Beauty3
0x085EC7C1	rom	gText_Cuteness
0x085EC7CB	rom	gText_Smartness
0x085EC7D6	rom	gText_Toughness
0x085EC7E1	rom	gText_WasEnhanced
0x085EC7EF	rom	gText_NothingChanged
0x085EC800	rom	gText_WontEatAnymore
0x085EC816	rom	gText_SaveFailedCheckingBackup
0x085EC86F	rom	gText_BackupMemoryDamaged
0x085EC8D4	rom	gText_GamePlayCannotBeContinued
0x085EC917	rom	gText_CheckCompleted
0x085EC94F	rom	gText_SaveCompleteGameCannotContinue
0x085EC9A2	rom	gText_SaveCompletePressA
0x085EC9D2	rom	gText_Ferry
0x085EC9D8	rom	gText_SecretBase
0x085EC9E4	rom	gText_Hideout
0x085EC9EC	rom	gText_ResetRTCConfirmCancel
0x085ECA0D	rom	gText_PresentTime
0x085ECA22	rom	gText_PreviousTime
0x085ECA38	rom	gText_PleaseResetTime
0x085ECA4F	rom	gText_ClockHasBeenReset
0x085ECA8A	rom	gText_SaveCompleted
0x085ECA9A	rom	gText_SaveFailed
0x085ECAA7	rom	gText_NoSaveFileCantSetTime
0x085ECAD8	rom	gText_InGameClockUsable
0x085ECB0C	rom	gText_Slots
0x085ECB12	rom	gText_Roulette
0x085ECB1B	rom	gText_Good
0x085ECB20	rom	gText_VeryGood
0x085ECB2A	rom	gText_Excellent
0x085ECB34	rom	gText_SoSo
0x085ECB3A	rom	gText_Bad
0x085ECB3E	rom	gText_TheWorst
0x085ECB48	rom	gText_Spicy2
0x085ECB4E	rom	gText_Dry2
0x085ECB52	rom	gText_Sweet2
0x085ECB58	rom	gText_Bitter2
0x085ECB5F	rom	gText_Sour2
0x085ECB64	rom	gText_Single
0x085ECB6B	rom	gText_Double
0x085ECB72	rom	gText_Jackpot
0x085ECB7A	rom	gText_First
0x085ECB80	rom	gText_Second
0x085ECB87	rom	gText_Third
0x085ECB8D	rom	gText_0Pts
0x085ECB93	rom	gText_10Pts
0x085ECB9A	rom	gText_20Pts
0x085ECBA1	rom	gText_30Pts
0x085ECBA8	rom	gText_40Pts
0x085ECBAF	rom	gText_50Pts
0x085ECBB6	rom	gText_60Pts
0x085ECBBD	rom	gText_70Pts
0x085ECBC4	rom	gText_80Pts
0x085ECBCB	rom	gText_90Pts
0x085ECBD2	rom	gText_100Pts
0x085ECBDA	rom	gText_QuestionMark
0x085ECBDC	rom	gText_KissPoster16BP
0x085ECBEF	rom	gText_KissCushion32BP
0x085ECC03	rom	gText_SmoochumDoll32BP
0x085ECC18	rom	gText_TogepiDoll48BP
0x085ECC2B	rom	gText_MeowthDoll48BP
0x085ECC3E	rom	gText_ClefairyDoll48BP
0x085ECC53	rom	gText_DittoDoll48BP
0x085ECC65	rom	gText_CyndaquilDoll80BP
0x085ECC7B	rom	gText_ChikoritaDoll80BP
0x085ECC91	rom	gText_TotodileDoll80BP
0x085ECCA6	rom	gText_LaprasDoll128BP
0x085ECCBA	rom	gText_SnorlaxDoll128BP
0x085ECCCF	rom	gText_VenusaurDoll256BP
0x085ECCE5	rom	gText_CharizardDoll256BP
0x085ECCFC	rom	gText_BlastoiseDoll256BP
0x085ECD13	rom	gText_Protein1BP
0x085ECD21	rom	gText_Calcium1BP
0x085ECD2F	rom	gText_Iron1BP
0x085ECD3A	rom	gText_Zinc1BP
0x085ECD45	rom	gText_Carbos1BP
0x085ECD52	rom	gText_HpUp1BP
0x085ECD5E	rom	gText_Leftovers48BP
0x085ECD6F	rom	gText_WhiteHerb48BP
0x085ECD81	rom	gText_QuickClaw48BP
0x085ECD93	rom	gText_MentalHerb48BP
0x085ECDA6	rom	gText_BrightPowder64BP
0x085ECDBA	rom	gText_ChoiceBand64BP
0x085ECDCD	rom	gText_KingsRock64BP
0x085ECDE0	rom	gText_FocusBand64BP
0x085ECDF2	rom	gText_ScopeLens64BP
0x085ECE04	rom	gText_Softboiled16BP
0x085ECE16	rom	gText_SeismicToss24BP
0x085ECE2A	rom	gText_DreamEater24BP
0x085ECE3D	rom	gText_MegaPunch24BP
0x085ECE4F	rom	gText_MegaKick48BP
0x085ECE60	rom	gText_BodySlam48BP
0x085ECE71	rom	gText_RockSlide48BP
0x085ECE83	rom	gText_Counter48BP
0x085ECE92	rom	gText_ThunderWave48BP
0x085ECEA6	rom	gText_SwordsDance48BP
0x085ECEBA	rom	gText_DefenseCurl16BP
0x085ECECE	rom	gText_Snore24BP
0x085ECEDB	rom	gText_MudSlap24BP
0x085ECEEB	rom	gText_Swift24BP
0x085ECEF8	rom	gText_IcyWind24BP
0x085ECF08	rom	gText_Endure48BP
0x085ECF16	rom	gText_PsychUp48BP
0x085ECF26	rom	gText_IcePunch48BP
0x085ECF37	rom	gText_ThunderPunch48BP
0x085ECF4B	rom	gText_FirePunch48BP
0x085ECF5D	rom	gText_PkmnFainted_FldPsn
0x085ECF6B	rom	gText_Marco
0x085ECF71	rom	gText_TrainerCardName
0x085ECF78	rom	gText_TrainerCardIDNo
0x085ECF7E	rom	gText_TrainerCardMoney
0x085ECF84	rom	gText_PokeDollar
0x085ECF86	rom	gText_TrainerCardPokedex
0x085ECF8E	rom	gText_EmptyString6
0x085ECF8F	rom	gText_Colon2
0x085ECF91	rom	gText_Points
0x085ECF99	rom	gText_TrainerCardTime
0x085ECF9E	rom	gJPText_BattlePoints
0x085ECFA6	rom	gText_Var1sTrainerCard
0x085ECFB8	rom	gText_HallOfFameDebut
0x085ECFCD	rom	gText_LinkBattles
0x085ECFDA	rom	gText_LinkCableBattles
0x085ECFED	rom	gText_WinsLosses
0x085ED010	rom	gText_PokemonTrades
0x085ED01F	rom	gText_UnionTradesAndBattles
0x085ED036	rom	gText_BerryCrush
0x085ED042	rom	gText_WaitingTrainerFinishReading
0x085ED085	rom	gText_PokeblocksWithFriends
0x085ED096	rom	gText_NumPokeblocks
0x085ED09F	rom	gText_WonContestsWFriends
0x085ED0B6	rom	gText_BattlePtsWon
0x085ED0C8	rom	gText_NumBP
0x085ED0D3	rom	gText_BattleTower
0x085ED0E0	rom	gText_WinsStraight
0x085ED104	rom	gText_BattleTower2
0x085ED111	rom	gText_BattleDome
0x085ED11D	rom	gText_BattlePalace
0x085ED12B	rom	gText_BattleFactory
0x085ED13A	rom	gText_BattleArena
0x085ED147	rom	gText_BattlePike
0x085ED153	rom	gText_BattlePyramid
0x085ED164	rom	gText_FacilitySingle
0x085ED170	rom	gText_FacilityDouble
0x085ED17C	rom	gText_FacilityMulti
0x085ED188	rom	gText_FacilityLink
0x085ED190	rom	gText_Facility
0x085ED193	rom	gText_Give
0x085ED198	rom	gText_NoNeed
0x085ED1A0	rom	gText_ColorLightShadowDarkGray
0x085ED1A7	rom	gText_ColorBlue
0x085ED1AB	rom	gText_ColorTransparent
0x085ED1B2	rom	gText_CDot
0x085ED1B5	rom	gText_BDot
0x085ED1B8	rom	gText_AnnouncingResults
0x085ED1D0	rom	gText_PreliminaryResults
0x085ED1E9	rom	gText_Round2Results
0x085ED1FA	rom	gText_ContestantsMonWon
0x085ED207	rom	gText_CommunicationStandby
0x085ED21E	rom	gText_ColorDarkGray
0x085ED222	rom	gText_ColorDynamic6WhiteDynamic5
0x085ED228	rom	gText_HealthboxNickname
0x085ED22C	rom	gText_EmptySpace2
0x085ED22E	rom	gText_HealthboxGender_Male
0x085ED233	rom	gText_HealthboxGender_Female
0x085ED238	rom	gText_HealthboxGender_None
0x085ED23C	rom	gText_Upper
0x085ED242	rom	gText_Lower
0x085ED248	rom	gText_Others
0x085ED24F	rom	gText_Symbols
0x085ED257	rom	gText_Register2
0x085ED260	rom	gText_Exit2
0x085ED265	rom	gText_QuitChatting
0x085ED274	rom	gText_RegisterTextWhere
0x085ED289	rom	gText_RegisterTextHere
0x085ED29D	rom	gText_InputText
0x085ED2A9	rom	gText_F700JoinedChat
0x085ED2BD	rom	gText_F700LeftChat
0x085ED2CF	rom	gJPText_PlayersXPokemon
0x085ED2D9	rom	gJPText_PlayersXPokmonDoesNotExist
0x085ED2E8	rom	gText_ExitingChat
0x085ED2FA	rom	gText_LeaderLeftEndingChat
0x085ED325	rom	gText_RegisteredTextChangedOKToSave
0x085ED368	rom	gText_AlreadySavedFile_Chat
0x085ED3A3	rom	gText_SavingDontTurnOff_Chat
0x085ED3C5	rom	gText_PlayerSavedGame_Chat
0x085ED3D8	rom	gText_IfLeaderLeavesChatEnds
0x085ED40F	rom	gText_Hello
0x085ED415	rom	gText_Pokemon2
0x085ED41D	rom	gText_Trade
0x085ED423	rom	gText_Battle
0x085ED42A	rom	gText_Lets
0x085ED430	rom	gText_Ok
0x085ED434	rom	gText_Sorry
0x085ED43A	rom	gText_YaySmileEmoji
0x085ED440	rom	gText_ThankYou
0x085ED44A	rom	gText_ByeBye
0x085ED453	rom	gText_MatchCallSteven_Strategy
0x085ED46B	rom	gText_MatchCallSteven_Pokemon
0x085ED483	rom	gText_MatchCallSteven_Intro1_BeforeMeteorFallsBattle
0x085ED49D	rom	gText_MatchCallSteven_Intro2_BeforeMeteorFallsBattle
0x085ED4B3	rom	gText_MatchCallSteven_Intro1_AfterMeteorFallsBattle
0x085ED4CE	rom	gText_MatchCallSteven_Intro2_AfterMeteorFallsBattle
0x085ED4E3	rom	gText_MatchCallBrendan_Strategy
0x085ED4FA	rom	gText_MatchCallBrendan_Pokemon
0x085ED516	rom	gText_MatchCallBrendan_Intro1
0x085ED52F	rom	gText_MatchCallBrendan_Intro2
0x085ED547	rom	gText_MatchCallMay_Strategy
0x085ED563	rom	gText_MatchCallMay_Pokemon
0x085ED579	rom	gText_MatchCallMay_Intro1
0x085ED58F	rom	gText_MatchCallMay_Intro2
0x085ED5A5	rom	gText_HatchedFromEgg
0x085ED5BE	rom	gText_NicknameHatchPrompt
0x085ED5F0	rom	gText_ReadyPickBerry
0x085ED62C	rom	gText_WaitForAllChooseBerry
0x085ED65C	rom	gText_EndedWithXUnitsPowder
0x085ED6C8	rom	gText_RecordingGameResults
0x085ED704	rom	gText_PlayBerryCrushAgain
0x085ED724	rom	gText_YouHaveNoBerries
0x085ED754	rom	gText_MemberDroppedOut
0x085ED788	rom	gText_TimesUpNoGoodPowder
0x085ED7BC	rom	gText_CommunicationStandby2
0x085ED7D4	rom	gText_1DotBlueF700
0x085ED7E0	rom	gText_1DotF700
0x085ED7E8	rom	gText_SpaceTimes2
0x085ED7F4	rom	gText_XDotY
0x085ED7FC	rom	gText_Var1Berry
0x085ED808	rom	gText_TimeColon
0x085ED810	rom	gText_PressingSpeed
0x085ED820	rom	gText_Silkiness
0x085ED82C	rom	gText_StrVar1
0x085ED830	rom	gText_SpaceMin
0x085ED838	rom	gText_XDotY2
0x085ED840	rom	gText_SpaceSec
0x085ED848	rom	gText_XDotY3
0x085ED850	rom	gText_TimesPerSec
0x085ED85C	rom	gText_Var1Percent
0x085ED860	rom	gText_PressesRankings
0x085ED878	rom	gText_CrushingResults
0x085ED88C	rom	gText_NeatnessRankings
0x085ED8A0	rom	gText_CoopRankings
0x085ED8B8	rom	gText_PressingPowerRankings
0x085ED8D0	rom	gText_BerryCrush2
0x085ED8DC	rom	gText_PressingSpeedRankings
0x085ED8F4	rom	gText_Var1Players
0x085ED8FF	rom	gText_SymbolsEarned
0x085ED90E	rom	gText_BattleRecord
0x085ED91C	rom	gText_BattlePoints
0x085ED92A	rom	gText_UnusedCancel
0x085ED931	rom	gText_EmptyString7
0x085ED932	rom	gText_CheckFrontierMap
0x085ED94D	rom	gText_CheckTrainerCard
0x085ED961	rom	gText_ViewRecordedBattle
0x085ED977	rom	gText_PutAwayFrontierPass
0x085ED993	rom	gText_CurrentBattlePoints
0x085ED9AF	rom	gText_CollectedSymbols
0x085ED9C7	rom	gText_BattleTowerAbilitySymbol
0x085ED9E5	rom	gText_BattleDomeTacticsSymbol
0x085EDA02	rom	gText_BattlePalaceSpiritsSymbol
0x085EDA21	rom	gText_BattleArenaGutsSymbol
0x085EDA3C	rom	gText_BattleFactoryKnowledgeSymbol
0x085EDA5E	rom	gText_BattlePikeLuckSymbol
0x085EDA78	rom	gText_BattlePyramidBraveSymbol
0x085EDA96	rom	gText_ThereIsNoBattleRecord
0x085EDAB1	rom	gText_BattleTower3
0x085EDABE	rom	gText_BattleDome2
0x085EDACA	rom	gText_BattlePalace2
0x085EDAD8	rom	gText_BattleArena2
0x085EDAE5	rom	gText_BattleFactory2
0x085EDAF4	rom	gText_BattlePike2
0x085EDB00	rom	gText_BattlePyramid2
0x085EDB0F	rom	gText_BattleTowerDesc
0x085EDB4E	rom	gText_BattleDomeDesc
0x085EDB8B	rom	gText_BattlePalaceDesc
0x085EDBC2	rom	gText_BattleArenaDesc
0x085EDC00	rom	gText_BattleFactoryDesc
0x085EDC45	rom	gText_BattlePikeDesc
0x085EDC84	rom	gText_BattlePyramidDesc
0x085EDCC3	rom	gText_ContinueMenuPlayer
0x085EDCCA	rom	gText_ContinueMenuTime
0x085EDCCF	rom	gText_ContinueMenuPokedex
0x085EDCD7	rom	gText_ContinueMenuBadges
0x085EDCDE	rom	gText_Powder
0x085EDCE5	rom	gText_BerryPickingRecords
0x085EDD02	rom	gText_BerriesPicked
0x085EDD12	rom	gText_BestScore
0x085EDD1E	rom	gText_BerriesInRowFivePlayers
0x085EDD49	rom	gText_BerryPickingResults
0x085EDD6B	rom	gText_10P30P50P50P
0x085EDD86	rom	gText_AnnouncingRankings
0x085EDD9B	rom	gText_AnnouncingPrizes
0x085EDDAE	rom	gText_1Colon
0x085EDDB1	rom	gText_2Colon
0x085EDDB4	rom	gText_3Colon
0x085EDDB7	rom	gText_4Colon
0x085EDDBA	rom	gText_5Colon
0x085EDDBD	rom	gText_FirstPlacePrize
0x085EDDE2	rom	gText_CantHoldAnyMore
0x085EDDFB	rom	gText_FilledStorageSpace
0x085EDE18	rom	gText_WantToPlayAgain
0x085EDE2C	rom	gText_SomeoneDroppedOut
0x085EDE5D	rom	gText_SpacePoints
0x085EDE65	rom	gText_CommunicationStandby3
0x085EDE7C	rom	gText_SpacePoints2
0x085EDE84	rom	gText_SpaceTimes3
0x085EDE8D	rom	gText_PkmnJumpRecords
0x085EDEA2	rom	gText_JumpsInARow
0x085EDEB2	rom	gText_BestScore2
0x085EDEBE	rom	gText_ExcellentsInARow
0x085EDED3	rom	gText_AwesomeWonF701F700
0x085EDEF4	rom	gText_FilledStorageSpace2
0x085EDF11	rom	gText_CantHoldMore
0x085EDF2A	rom	gText_WantToPlayAgain2
0x085EDF3E	rom	gText_SomeoneDroppedOut2
0x085EDF6F	rom	gText_CommunicationStandby4
0x085EDF86	rom	gText_LinkContestResults
0x085EDFA0	rom	gText_1st
0x085EDFA4	rom	gText_2nd
0x085EDFA8	rom	gText_3rd
0x085EDFAC	rom	gText_4th
0x085EDFB0	rom	gText_Friend
0x085EDFB7	rom	gText_Pokemon3
0x085EDFBF	rom	gJPText_MysteryGift
0x085EDFC9	rom	gJPText_DecideStop
0x085EDFD6	rom	gJPText_ReceiveMysteryGiftWithEReader
0x085EDFF5	rom	gJPText_SelectConnectFromEReaderMenu
0x085EE014	rom	gJPText_SelectConnectWithGBA
0x085EE035	rom	gJPText_SelectConnectAndPressA
0x085EE05C	rom	gJPText_LinkIsIncorrect
0x085EE06B	rom	gJPText_CardReadingHasBeenHalted
0x085EE080	rom	gJPText_UnableConnectWithEReader
0x085EE097	rom	gJPText_Connecting
0x085EE0A3	rom	gJPText_ConnectionErrorCheckLink
0x085EE0BF	rom	gJPText_ConnectionErrorTryAgain
0x085EE0DC	rom	gJPText_AllowEReaderToLoadCard
0x085EE0FA	rom	gJPText_ConnectionComplete
0x085EE107	rom	gJPText_NewTrainerHasComeToHoenn
0x085EE120	rom	gJPText_PleaseWaitAMoment
0x085EE12D	rom	gJPText_WriteErrorUnableToSaveData
0x085EE14B	rom	gText_Red
0x085EE14F	rom	gText_Blue
0x085EE154	rom	gText_3Dashes
0x085EE158	rom	gText_SingleBattleRoomResults
0x085EE178	rom	gText_DoubleBattleRoomResults
0x085EE198	rom	gText_MultiBattleRoomResults
0x085EE1B7	rom	gText_LinkMultiBattleRoomResults
0x085EE1DB	rom	gText_SingleBattleTourneyResults
0x085EE1FE	rom	gText_DoubleBattleTourneyResults
0x085EE221	rom	gText_SingleBattleHallResults
0x085EE241	rom	gText_DoubleBattleHallResults
0x085EE261	rom	gText_BattleChoiceResults
0x085EE27C	rom	gText_SetKOTourneyResults
0x085EE298	rom	gText_BattleSwapSingleResults
0x085EE2B8	rom	gText_BattleSwapDoubleResults
0x085EE2D8	rom	gText_BattleQuestResults
0x085EE2F2	rom	gText_Lv502
0x085EE2F9	rom	gText_OpenLv
0x085EE302	rom	gText_WinStreak
0x085EE311	rom	gText_Current
0x085EE319	rom	gText_Record
0x085EE320	rom	gText_Prev
0x085EE326	rom	gText_RentalSwap
0x085EE332	rom	gText_Total
0x085EE338	rom	gText_ClearStreak
0x085EE349	rom	gText_Championships
0x085EE35B	rom	gText_RoomsCleared
0x085EE36D	rom	gText_TimesCleared
0x085EE381	rom	gText_KOsInARow
0x085EE392	rom	gText_TimesVar1
0x085EE39C	rom	gText_FloorsCleared
0x085EE3B0	rom	gText_RecordsLv50
0x085EE3B8	rom	gText_RecordsOpenLevel
0x085EE3C4	rom	gText_FrontierFacilityWinStreak
0x085EE3D4	rom	gText_FrontierFacilityClearStreak
0x085EE3E8	rom	gText_FrontierFacilityRoomsCleared
0x085EE3FC	rom	gText_FrontierFacilityKOsStreak
0x085EE410	rom	gText_FrontierFacilityFloorsCleared
0x085EE424	rom	gText_123Dot
0x085EE42D	rom	gText_SavingDontTurnOff2
0x085EE44F	rom	gText_BlenderMaxSpeedRecord
0x085EE473	rom	gText_234Players
0x085EE491	rom	gText_YesNo
0x085EE498	rom	gText_SelectorArrow3
0x085EE49A	rom	gText_Peekaboo
0x085EE4A4	rom	gText_CommErrorCheckConnections
0x085EE4F7	rom	gText_CommErrorEllipsis
0x085EE50C	rom	gText_MoveCloserToLinkPartner
0x085EE553	rom	gText_ABtnRegistrationCounter
0x085EE572	rom	gText_ABtnTitleScreen
0x085EE589	rom	gText_Option
0x085EE590	rom	gText_TextSpeed
0x085EE59B	rom	gText_BattleScene
0x085EE5A8	rom	gText_BattleStyle
0x085EE5B5	rom	gText_Sound
0x085EE5BB	rom	gText_Frame
0x085EE5C1	rom	gText_OptionMenuCancel
0x085EE5C8	rom	gText_ButtonMode
0x085EE5D4	rom	gText_TextSpeedSlow
0x085EE5DF	rom	gText_TextSpeedMid
0x085EE5E9	rom	gText_TextSpeedFast
0x085EE5F4	rom	gText_BattleSceneOn
0x085EE5FD	rom	gText_BattleSceneOff
0x085EE607	rom	gText_BattleStyleShift
0x085EE613	rom	gText_BattleStyleSet
0x085EE61D	rom	gText_SoundMono
0x085EE628	rom	gText_SoundStereo
0x085EE635	rom	gText_FrameType
0x085EE640	rom	gText_FrameTypeNumber
0x085EE647	rom	gText_ButtonTypeNormal
0x085EE654	rom	gText_ButtonTypeLR
0x085EE65D	rom	gText_ButtonTypeLEqualsA
0x085EE667	rom	gText_NumPlayerLink
0x085EE670	rom	gText_BronzeCard
0x085EE677	rom	gText_CopperCard
0x085EE67E	rom	gText_SilverCard
0x085EE685	rom	gText_GoldCard
0x085EE68A	rom	gText_Day
0x085EE68E	rom	gText_Colon3
0x085EE690	rom	gText_Confirm2
0x085EE698	rom	gText_Days
0x085EE69D	rom	gText_TimeColon2
0x085EE6A3	rom	gText_GameTime
0x085EE6AD	rom	gText_RTCTime
0x085EE6B6	rom	gText_UpdatedTime
0x085EE6C3	rom	gText_MenuPokedex
0x085EE6CB	rom	gText_MenuPokemon
0x085EE6D3	rom	gText_MenuBag
0x085EE6D7	rom	gText_MenuPokenav
0x085EE6DF	rom	gText_MenuPlayer
0x085EE6E2	rom	gText_MenuSave
0x085EE6E7	rom	gText_MenuOption
0x085EE6EE	rom	gText_MenuExit
0x085EE6F3	rom	gText_MenuRetire
0x085EE6FA	rom	gText_MenuRest
0x085EE6FF	rom	gText_SafariBallStock
0x085EE716	rom	gText_BattlePyramidFloor
0x085EE728	rom	gText_Floor1
0x085EE730	rom	gText_Floor2
0x085EE738	rom	gText_Floor3
0x085EE740	rom	gText_Floor4
0x085EE748	rom	gText_Floor5
0x085EE750	rom	gText_Floor6
0x085EE758	rom	gText_Floor7
0x085EE760	rom	gText_Peak
0x085EE765	rom	gText_LinkStandby2
0x085EE788	rom	gText_PressAToLoadEvent
0x085EE7BF	rom	gText_LoadingEvent
0x085EE7CE	rom	gText_DontRemoveCableTurnOff
0x085EE80A	rom	gText_EventSafelyLoaded
0x085EE827	rom	gText_LoadErrorEndingSession
0x085EE846	rom	gJPText_Player
0x085EE84C	rom	gJPText_Sama
0x085EE84F	rom	gText_DexHoenn
0x085EE855	rom	gText_DexNational
0x085EE85E	rom	gText_PokedexDiploma
0x085EE8DC	rom	gJPText_GameFreak
0x085EE8EA	rom	gText_DiplomaEmpty
0x085EE8F1	rom	gText_Hoenn
0x085EE8F7	rom	gText_OhABite
0x085EE903	rom	gText_PokemonOnHook
0x085EE91E	rom	gText_NotEvenANibble
0x085EE933	rom	gText_ItGotAway
0x085EE942	rom	gText_XWillBeSentToY
0x085EE959	rom	gText_ByeByeVar1
0x085EE966	rom	gText_XSentOverY
0x085EE977	rom	gText_TakeGoodCareOfX
0x085EE98D	rom	gEasyChatGroupName_Pokemon
0x085EE995	rom	gEasyChatGroupName_Trainer
0x085EE99D	rom	gEasyChatGroupName_Status
0x085EE9A4	rom	gEasyChatGroupName_Battle
0x085EE9AB	rom	gEasyChatGroupName_Greetings
0x085EE9B5	rom	gEasyChatGroupName_People
0x085EE9BC	rom	gEasyChatGroupName_Voices
0x085EE9C3	rom	gEasyChatGroupName_Speech
0x085EE9CA	rom	gEasyChatGroupName_Endings
0x085EE9D2	rom	gEasyChatGroupName_Feelings
0x085EE9DB	rom	gEasyChatGroupName_Conditions
0x085EE9E6	rom	gEasyChatGroupName_Actions
0x085EE9EE	rom	gEasyChatGroupName_Lifestyle
0x085EE9F8	rom	gEasyChatGroupName_Hobbies
0x085EEA00	rom	gEasyChatGroupName_Time
0x085EEA05	rom	gEasyChatGroupName_Misc
0x085EEA0B	rom	gEasyChatGroupName_Adjectives
0x085EEA16	rom	gEasyChatGroupName_Events
0x085EEA1D	rom	gEasyChatGroupName_Move1
0x085EEA24	rom	gEasyChatGroupName_Move2
0x085EEA2B	rom	gEasyChatGroupName_TrendySaying
0x085EEA39	rom	gEasyChatGroupName_Pokemon2
0x085EEA42	rom	gText_ThreeQuestionMarks
0x085EEA46	rom	gText_MaxHP
0x085EEA4E	rom	gText_Attack
0x085EEA55	rom	gText_Defense
0x085EEA5D	rom	gText_Speed
0x085EEA63	rom	gText_SpAtk
0x085EEA6B	rom	gText_SpDef
0x085EEA73	rom	gText_Plus
0x085EEA76	rom	gText_Dash
0x085EEA78	rom	gText_FromSpace
0x085EEA7E	rom	gText_MixingRecords
0x085EEA8E	rom	gText_RecordMixingComplete
0x085EEABE	rom	gText_YourName
0x085EEAC9	rom	gText_BoxName
0x085EEAD3	rom	gText_PkmnsNickname
0x085EEAE2	rom	gText_TellHimTheWords
0x085EEAF6	rom	gText_MoveOkBack
0x085EEB0B	rom	gText_CallCantBeMadeHere
0x085EEB2B	rom	gText_ContestLady_Handsome
0x085EEB34	rom	gText_ContestLady_Vinny
0x085EEB3A	rom	gText_ContestLady_Moreme
0x085EEB41	rom	gText_ContestLady_Ironhard
0x085EEB4A	rom	gText_ContestLady_Muscle
0x085EEB51	rom	gText_ContestLady_Coolness
0x085EEB5A	rom	gText_ContestLady_Beauty
0x085EEB61	rom	gText_ContestLady_Cuteness
0x085EEB6A	rom	gText_ContestLady_Smartness
0x085EEB74	rom	gText_ContestLady_Toughness
0x085EEB7E	rom	gText_QuizLady_Lady
0x085EEB83	rom	gText_FavorLady_Slippery
0x085EEB8C	rom	gText_FavorLady_Roundish
0x085EEB95	rom	gText_FavorLady_Whamish
0x085EEB9E	rom	gText_FavorLady_Shiny
0x085EEBA4	rom	gText_FavorLady_Sticky
0x085EEBAB	rom	gText_FavorLady_Pointy
0x085EEBB2	rom	gText_RentalPkmn2
0x085EEBC1	rom	gText_SelectFirstPkmn
0x085EEBDB	rom	gText_SelectSecondPkmn
0x085EEBF6	rom	gText_SelectThirdPkmn
0x085EEC10	rom	gText_Rent
0x085EEC15	rom	gText_Summary
0x085EEC1D	rom	gText_Others2
0x085EEC24	rom	gText_Deselect
0x085EEC2D	rom	gText_TheseThreePkmnOkay
0x085EEC49	rom	gText_Yes2
0x085EEC4D	rom	gText_No2
0x085EEC50	rom	gText_CantSelectSamePkmn
0x085EEC66	rom	gText_PkmnSwap
0x085EEC73	rom	gText_SelectPkmnToSwap
0x085EEC8B	rom	gText_SelectPkmnToAccept
0x085EECA5	rom	gText_Swap
0x085EECAA	rom	gText_Summary2
0x085EECB2	rom	gText_Rechoose
0x085EECBB	rom	gText_QuitSwapping
0x085EECCA	rom	gText_Yes3
0x085EECCE	rom	gText_No3
0x085EECD1	rom	gText_PkmnForSwap
0x085EECDD	rom	gText_Cancel3
0x085EECE4	rom	gText_Swap2
0x085EECE9	rom	gText_Accept
0x085EECF0	rom	gText_AcceptThisPkmn
0x085EED05	rom	gText_4Spaces
0x085EED0A	rom	gText_SamePkmnInPartyAlready
0x085EED24	rom	gText_DecimalPoint
0x085EED26	rom	gText_SavingPlayer
0x085EED2D	rom	gText_SavingBadges
0x085EED34	rom	gText_SavingPokedex
0x085EED3C	rom	gText_SavingTime
0x085EED41	rom	gText_WirelessCommStatus
0x085EED5F	rom	gText_PeopleTrading
0x085EED6F	rom	gText_PeopleBattling
0x085EED80	rom	gText_PeopleInUnionRoom
0x085EED9A	rom	gText_PeopleCommunicating
0x085EEDB0	rom	gText_F700Players
0x085EEDBB	rom	gText_F701Players
0x085EEDC6	rom	gText_F702Players
0x085EEDD1	rom	gText_F703Players
0x085EEDDC	rom	gTextTable_Players
0x085EEDEC	rom	gText_WonderCards
0x085EEDFC	rom	gText_WonderNews
0x085EEE08	rom	gText_WirelessCommunication
0x085EEE20	rom	gText_Friend2
0x085EEE28	rom	gText_Exit3
0x085EEE30	rom	gText_Receive
0x085EEE38	rom	gText_Send
0x085EEE40	rom	gText_Toss
0x085EEE48	rom	gText_VarietyOfEventsImportedWireless
0x085EEE8C	rom	gText_WonderCardsInPossession
0x085EEEB8	rom	gText_ReadNewsThatArrived
0x085EEED4	rom	gText_ReturnToTitle
0x085EEEF0	rom	gText_DontHaveCardNewOneInput
0x085EEF2C	rom	gText_DontHaveNewsNewOneInput
0x085EEF68	rom	gText_WhereShouldCardBeAccessed
0x085EEF94	rom	gText_WhereShouldNewsBeAccessed
0x085EEFC0	rom	gText_CommunicationStandbyBButtonCancel
0x085EEFE8	rom	gText_Communicating
0x085EEFF8	rom	gText_CommunicationCompleted
0x085EF014	rom	gText_CommunicationError
0x085EF02C	rom	gText_CommunicationCanceled
0x085EF050	rom	gText_ThrowAwayWonderCard
0x085EF084	rom	gText_HaventReceivedCardsGift
0x085EF0C8	rom	gText_WonderCardReceivedFrom
0x085EF0F4	rom	gText_WonderNewsReceivedFrom
0x085EF124	rom	gText_WonderCardReceived
0x085EF14C	rom	gText_WonderNewsReceived
0x085EF178	rom	gText_NewStampReceived
0x085EF198	rom	gText_NewTrainerReceived
0x085EF1B4	rom	gText_AlreadyHadCard
0x085EF1D8	rom	gText_AlreadyHadNews
0x085EF200	rom	gText_AlreadyHadStamp
0x085EF21C	rom	gText_NoMoreRoomForStamps
0x085EF244	rom	gText_RecordUploadedViaWireless
0x085EF280	rom	gText_CantAcceptCardFromTrainer
0x085EF2B4	rom	gText_CantAcceptNewsFromTrainer
0x085EF2E4	rom	gText_NothingSentOver
0x085EF2FC	rom	gText_WhatToDoWithCards
0x085EF330	rom	gText_WhatToDoWithNews
0x085EF360	rom	gText_SendingWonderCard
0x085EF37C	rom	gText_SendingWonderNews
0x085EF39C	rom	gText_WonderCardSentTo
0x085EF3C4	rom	gText_WonderNewsSentTo
0x085EF3F0	rom	gText_StampSentTo
0x085EF410	rom	gText_GiftSentTo
0x085EF42C	rom	gText_OtherTrainerHasCard
0x085EF460	rom	gText_OtherTrainerHasNews
0x085EF494	rom	gText_OtherTrainerHasStamp
0x085EF4C4	rom	gText_OtherTrainerCanceled
0x085EF4F0	rom	gText_CantSendGiftToTrainer
0x085EF520	rom	gText_IfThrowAwayCardEventWontHappen
0x085EF55C	rom	gText_OkayToDiscardNews
0x085EF584	rom	gText_HaventReceivedGiftOkayToDiscard
0x085EF5BC	rom	gText_DataWillBeSaved
0x085EF5E0	rom	gText_SaveCompletedPressA
0x085EF60C	rom	gText_WonderCardThrownAway
0x085EF630	rom	gText_WonderNewsThrownAway
0x085EF654	rom	gText_MysteryGift
0x085EF664	rom	gText_PickOKExit
0x085EF678	rom	gText_PickOKCancel
0x085EF68D	rom	gText_PlayersBattleResults
0x085EF6A1	rom	gText_TotalRecordWLD
0x085EF6BD	rom	gText_WinLoseDraw
0x085EF6D2	rom	gText_CommunicationStandby5
0x085EF6E9	rom	gText_QuitTheGame
0x085EF6F8	rom	gText_YouveGot9999Coins
0x085EF710	rom	gText_YouveRunOutOfCoins
0x085EF734	rom	gText_YouDontHaveThreeCoins
0x085EF750	rom	gText_ReelTimeHelp
0x085EF7DA	rom	gDaycareText_GetAlongVeryWell
0x085EF7FF	rom	gDaycareText_GetAlong
0x085EF81A	rom	gDaycareText_DontLikeOther
0x085EF846	rom	gDaycareText_PlayOther
0x085EF881	rom	gText_NewLine2
0x085EF883	rom	gText_Exit4
0x085EF888	rom	gText_Lv
0x085EF88A	rom	gText_TimeBoard
0x085EF895	rom	gText_TimeCleared
0x085EF8A3	rom	gText_XMinYDotZSec
0x085EF8B6	rom	gText_TrainerHill1F
0x085EF8B9	rom	gText_TrainerHill2F
0x085EF8BC	rom	gText_TrainerHill3F
0x085EF8BF	rom	gText_TrainerHill4F
0x085EF8C2	rom	gText_TeachWhichMoveToPkmn
0x085EF8DA	rom	gText_MoveRelearnerTeachMoveConfirm
0x085EF8E4	rom	gText_MoveRelearnerPkmnLearnedMove
0x085EF8F3	rom	gText_MoveRelearnerPkmnTryingToLearnMove
0x085EF960	rom	gText_MoveRelearnerStopTryingToTeachMove
0x085EF979	rom	gText_MoveRelearnerAndPoof
0x085EF9A6	rom	gText_MoveRelearnerPkmnForgotMoveAndLearnedNew
0x085EF9C8	rom	gText_MoveRelearnedPkmnDidNotLearnMove
0x085EF9E6	rom	gText_MoveRelearnerGiveUp
0x085EFA10	rom	gText_MoveRelearnerWhichMoveToForget
0x085EFA31	rom	gText_MoveRelearnerBattleMoves
0x085EFA3E	rom	gText_MoveRelearnerContestMovesTitle
0x085EFA4C	rom	gText_MoveRelearnerType
0x085EFA52	rom	gText_MoveRelearnerPP
0x085EFA56	rom	gText_MoveRelearnerPower
0x085EFA5D	rom	gText_MoveRelearnerAccuracy
0x085EFA67	rom	gText_MoveRelearnerAppeal
0x085EFA6E	rom	gText_MoveRelearnerJam
0x085EFA72	rom	gText_Kira
0x085EFA77	rom	gText_Amy
0x085EFA7B	rom	gText_John
0x085EFA80	rom	gText_Roy
0x085EFA84	rom	gText_Gabby
0x085EFA8A	rom	gText_Anna
0x085EFA8F	rom	gText_ClearAllSaveData
0x085EFAAA	rom	gText_ClearingData
0x085EFAC6	rom	gText_IsThisTheCorrectTime
0x085EFAE0	rom	gText_Confirm3
0x085EFAE8	rom	gText_Cancel4
0x085EFAEF	rom	gText_MrStoneMatchCallDesc
0x085EFAFA	rom	gText_MrStoneMatchCallName
0x085EFB04	rom	gText_StevenMatchCallDesc
0x085EFB11	rom	gText_StevenMatchCallName
0x085EFB18	rom	gText_MayBrendanMatchCallDesc
0x085EFB25	rom	gText_NormanMatchCallDesc
0x085EFB32	rom	gText_MomMatchCallDesc
0x085EFB3E	rom	gText_WallyMatchCallDesc
0x085EFB47	rom	gText_NormanMatchCallName
0x085EFB4B	rom	gText_MomMatchCallName
0x085EFB4F	rom	gText_ScottMatchCallDesc
0x085EFB5C	rom	gText_ScottMatchCallName
0x085EFB62	rom	gText_RoxanneMatchCallDesc
0x085EFB6F	rom	gText_BrawlyMatchCallDesc
0x085EFB7B	rom	gText_WattsonMatchCallDesc
0x085EFB87	rom	gText_FlanneryMatchCallDesc
0x085EFB94	rom	gText_WinonaMatchCallDesc
0x085EFB9E	rom	gText_TateLizaMatchCallDesc
0x085EFBA9	rom	gText_JuanMatchCallDesc
0x085EFBB5	rom	gText_EliteFourMatchCallDesc
0x085EFBC0	rom	gText_ChampionMatchCallDesc
0x085EFBC9	rom	gText_ProfBirchMatchCallDesc
0x085EFBD2	rom	gText_CommStandbyAwaitingOtherPlayer
0x085EFC0C	rom	gText_BattleWasRefused
0x085EFC27	rom	gText_RefusedBattle
0x085EFC3E	rom	gText_NoWeather
0x085EFC49	rom	gText_Sunny
0x085EFC4F	rom	gText_Sunny2
0x085EFC56	rom	gText_Rain
0x085EFC5B	rom	gText_Snow
0x085EFC60	rom	gText_Lightning
0x085EFC6A	rom	gText_Fog
0x085EFC6E	rom	gText_VolcanoAsh
0x085EFC7A	rom	gText_Sandstorm
0x085EFC84	rom	gText_Fog2
0x085EFC89	rom	gText_Seafloor
0x085EFC92	rom	gText_Cloudy
0x085EFC99	rom	gText_Sunny3
0x085EFCA0	rom	gText_HeavyRain
0x085EFCAB	rom	gText_Seafloor2
0x085EFCB5	rom	gText_DelAll
0x085EFCBE	rom	gText_Cancel5
0x085EFCC5	rom	gText_Ok2
0x085EFCC8	rom	gText_Quiz
0x085EFCCD	rom	gText_Answer
0x085EFCD4	rom	gText_PokeBalls
0x085EFCDF	rom	gText_Berry
0x085EFCE5	rom	gText_Berries
0x085EFCF0	rom	sBackgroundTemplates
0x085EFD00	rom	sFontPalette
0x085EFD20	rom	sTextColors
0x085EFD28	rom	sWindowTemplates
0x085EFD50	rom	sBerryFirmnessStrings
0x085EFD64	rom	sBgTemplates
0x085EFD68	rom	sWindowTemplates
0x085EFD80	rom	sClockOamData
0x085EFD88	rom	sBgTemplates
0x085EFD94	rom	sDummyWindowTemplate
0x085EFD9C	rom	sWindowTemplate_Text
0x085EFDA4	rom	sWindowTemplate_Clock
0x085EFDAC	rom	sClockFrames
0x085EFDC4	rom	sSaveFailedClockPal
0x085EFDE4	rom	sSaveFailedClockGfx
0x085EFE74	rom	sRegicePathCoords
0x085EFEBC	rom	sNatureToMonPokeblockAnim
0x085EFEEE	rom	sMonPokeblockAnims
0x085F033C	rom	sAffineAnim_Mon_None
0x085F034C	rom	sAffineAnim_Mon_TurnUp
0x085F036C	rom	sAffineAnim_Mon_TurnUp_Flipped
0x085F0394	rom	sAffineAnim_Mon_TurnUpAndDown
0x085F03B4	rom	sAffineAnim_Mon_TurnUpAndDown_Flipped
0x085F03DC	rom	sAffineAnim_Mon_TurnDown
0x085F03FC	rom	sAffineAnim_Mon_TurnDown_Flipped
0x085F0424	rom	sAffineAnim_Mon_TurnDownSlow
0x085F0444	rom	sAffineAnim_Mon_TurnDownSlow_Flipped
0x085F046C	rom	sAffineAnim_Mon_TurnDownSlight
0x085F048C	rom	sAffineAnim_Mon_TurnDownSlight_Flipped
0x085F04B4	rom	sAffineAnim_Mon_TurnUpHigh
0x085F04D4	rom	sAffineAnim_Mon_TurnUpHigh_Flipped
0x085F04FC	rom	sAffineAnims_Mon
0x085F0550	rom	sBackgroundTemplates
0x085F0558	rom	sWindowTemplates
0x085F0568	rom	sPokeblocksPals
0x085F05A0	rom	sAffineAnim_Still
0x085F05B0	rom	sSpriteAffineAnimTable_MonNoFlip
0x085F05B4	rom	sAffineAnim_PokeblockCase_ThrowFromVertical
0x085F060C	rom	sAffineAnim_PokeblockCase_ThrowFromHorizontal
0x085F0664	rom	sAffineAnims_PokeblockCase_Still
0x085F0668	rom	sAffineAnims_PokeblockCase_ThrowFromVertical
0x085F066C	rom	sAffineAnims_PokeblockCase_ThrowFromHorizontal
0x085F0670	rom	sOamData_Pokeblock
0x085F0678	rom	sAnim_Pokeblock
0x085F0680	rom	sAnims_Pokeblock
0x085F0684	rom	sAffineAnim_Pokeblock
0x085F069C	rom	sAffineAnims_Pokeblock
0x085F06A0	rom	sSpriteSheet_Pokeblock
0x085F06A8	rom	sSpriteTemplate_Pokeblock
0x085F06C0	rom	sClearSaveBgTemplates
0x085F06C8	rom	sClearSaveTextWindow
0x085F06D8	rom	sClearSaveYesNo
0x085F06E0	rom	sGrass_Pal
0x085F0700	rom	sGrassSunset_Pal
0x085F0720	rom	sGrassNight_Pal
0x085F0740	rom	sGrass_Gfx
0x085F0BC0	rom	sGrass_Tilemap
0x085F0CFC	rom	sCloudsBg_Pal
0x085F0D5C	rom	sCloudsBgSunset_Pal
0x085F0DBC	rom	sCloudsBg_Gfx
0x085F1398	rom	sCloudsBg_Tilemap
0x085F1668	rom	sClouds_Pal
0x085F1688	rom	sCloudsSunset_Pal
0x085F16A8	rom	sClouds_Gfx
0x085F17E4	rom	sTrees_Pal
0x085F1804	rom	sTreesSunset_Pal
0x085F1824	rom	sTrees_Gfx
0x085F1EAC	rom	sTrees_Tilemap
0x085F21B0	rom	sTreesSmall_Pal
0x085F21D0	rom	sTreesSmall_Gfx
0x085F231C	rom	sHouses_Pal
0x085F235C	rom	sHouses_Gfx
0x085F2548	rom	sHouseSilhouette_Pal
0x085F2568	rom	sHouses_Tilemap
0x085F2814	rom	sHouseSilhouette_Gfx
0x085F2898	rom	sBrendanCredits_Pal
0x085F28B8	rom	sBrendanCredits_Gfx
0x085F3470	rom	sMayCredits_Pal
0x085F3490	rom	sUnused
0x085F3670	rom	sMayCredits_Gfx
0x085F4318	rom	sBicycle_Gfx
0x085F4744	rom	sLatios_Pal
0x085F4764	rom	sLatios_Gfx
0x085F4C08	rom	sLatias_Pal
0x085F4C28	rom	sLatias_Gfx
0x085F504C	rom	sSpriteTemplate_MovingScenery
0x085F5064	rom	sSpriteSheet_Clouds
0x085F5074	rom	sAnim_Cloud_Largest
0x085F507C	rom	sAnim_Cloud_Large
0x085F5084	rom	sAnim_Cloud_Small
0x085F508C	rom	sAnim_Cloud_Smallest
0x085F5094	rom	sAnims_Clouds
0x085F50A4	rom	sSpriteMetadata_Clouds
0x085F50EC	rom	sSpriteSheet_TreesSmall
0x085F50FC	rom	sAnim_Trees_0
0x085F5104	rom	sAnim_Trees_1
0x085F510C	rom	sAnim_Trees_2
0x085F5114	rom	sAnims_Trees
0x085F5120	rom	sSpriteMetadata_Trees
0x085F5180	rom	sSpriteSheet_HouseSilhouette
0x085F5190	rom	sAnim_HouseSilhouette
0x085F5198	rom	sAnims_HouseSilhouette
0x085F519C	rom	sSpriteMetadata_HouseSilhouette
0x085F51CC	rom	sOamData_Player
0x085F51D4	rom	sAnim_Player
0x085F51E8	rom	sAnims_Player
0x085F51EC	rom	sSpriteTemplate_Brendan
0x085F5204	rom	sSpriteTemplate_May
0x085F521C	rom	sOamData_Bicycle
0x085F5224	rom	sAnim_Bicycle
0x085F5238	rom	sAnims_Bicycle
0x085F523C	rom	sSpriteTemplate_BrendanBicycle
0x085F5254	rom	sSpriteTemplate_MayBicycle
0x085F526C	rom	sOamData_Flygon
0x085F5274	rom	sAnim_FlygonLeft
0x085F527C	rom	sAnim_FlygonRight
0x085F5284	rom	sAnims_Flygon
0x085F528C	rom	sSpriteTemplate_FlygonLatios
0x085F52A4	rom	sSpriteTemplate_FlygonLatias
0x085F52BC	rom	gSpriteSheet_IntroBrendan
0x085F52CC	rom	gSpriteSheet_IntroMay
0x085F52DC	rom	gSpriteSheet_IntroBicycle
0x085F52EC	rom	sSpriteSheet_IntroFlygon_Unused
0x085F52FC	rom	gSpriteSheet_IntroFlygon
0x085F530C	rom	gSpritePalettes_IntroPlayerFlygon
0x085F5334	rom	gSpriteSheet_CreditsBrendan
0x085F5344	rom	gSpriteSheet_CreditsMay
0x085F5354	rom	gSpriteSheet_CreditsBicycle
0x085F5364	rom	sSpriteSheet_Latios
0x085F5374	rom	sSpriteSheet_Latias
0x085F5384	rom	gSpritePalettes_Credits
0x085F53AC	rom	gSpriteSheet_CreditsRivalBrendan
0x085F53BC	rom	gSpriteSheet_CreditsRivalMay
0x085F53CC	rom	sEvoSparkle_Pal
0x085F53EC	rom	sEvoSparkle_Gfx
0x085F540C	rom	sEvoSparkleSpriteSheets
0x085F541C	rom	sEvoSparkleSpritePals
0x085F542C	rom	sOamData_EvoSparkle
0x085F5434	rom	sSpriteAnim_EvoSparkle
0x085F543C	rom	sSpriteAnimTable_EvoSparkle
0x085F5440	rom	sEvoSparkleSpriteTemplate
0x085F5458	rom	sEvoSparkleMatrices
0x085F5470	rom	sUnused
0x085F5490	rom	gNumBardWords_Species
0x085F5494	rom	sBardSoundTemplates_Pokemon
0x085FA1D4	rom	gNumBardWords_Moves
0x085FA1D8	rom	sBardSoundTemplates_Moves
0x085FE468	rom	sBardSoundTemplates_Trainer
0x085FE978	rom	sBardSoundTemplates_Status
0x085FFDE8	rom	sBardSoundTemplates_Battle
0x086009B8	rom	sBardSoundTemplates_Greetings
0x08601198	rom	sBardSoundTemplates_People
0x08601FA8	rom	sBardSoundTemplates_Voices
0x08602B78	rom	sBardSoundTemplates_Speech
0x086036B8	rom	sBardSoundTemplates_Endings
0x086043A8	rom	sBardSoundTemplates_Feelings
0x08605098	rom	sBardSoundTemplates_Conditions
0x08605D88	rom	sBardSoundTemplates_Actions
0x08606C28	rom	sBardSoundTemplates_Lifestyle
0x08607498	rom	sBardSoundTemplates_Hobbies
0x08607EB8	rom	sBardSoundTemplates_Time
0x08608728	rom	sBardSoundTemplates_Misc
0x08608F08	rom	sBardSoundTemplates_Adjectives
0x086095C8	rom	sBardSoundTemplates_Events
0x08609B38	rom	sBardSoundTemplates_TrendySaying
0x0860A168	rom	sBardSoundTemplatesTable
0x0860A1C0	rom	sPitch1_0
0x0860A1C4	rom	sPitch1_1
0x0860A1C8	rom	sPitch1_2
0x0860A1CC	rom	sPitch1_3
0x0860A1D0	rom	sPitch1_4
0x0860A1D4	rom	sPitch2_0
0x0860A1DA	rom	sPitch2_1
0x0860A1E0	rom	sPitch2_2
0x0860A1E6	rom	sPitch2_3
0x0860A1EC	rom	sPitch2_4
0x0860A1F2	rom	sPitch3_0
0x0860A1FA	rom	sPitch3_1
0x0860A202	rom	sPitch3_2
0x0860A20A	rom	sPitch3_3
0x0860A212	rom	sPitch3_4
0x0860A21A	rom	sPitch4_0
0x0860A224	rom	sPitch4_1
0x0860A22E	rom	sPitch4_2
0x0860A238	rom	sPitch4_3
0x0860A242	rom	sPitch4_4
0x0860A24C	rom	sPitch5_0
0x0860A258	rom	sPitch5_1
0x0860A264	rom	sPitch5_2
0x0860A270	rom	sPitch5_3
0x0860A27C	rom	sPitch5_4
0x0860A288	rom	sPitch6_0
0x0860A296	rom	sPitch6_1
0x0860A2A4	rom	sPitch6_2
0x0860A2B2	rom	sPitch6_3
0x0860A2C0	rom	sPitch6_4
0x0860A2CE	rom	sPitch7_0
0x0860A2DE	rom	sPitch7_1
0x0860A2EE	rom	sPitch7_2
0x0860A2FE	rom	sPitch7_3
0x0860A30E	rom	sPitch7_4
0x0860A320	rom	sPitchTables
0x0860A3AC	rom	sEmptyPhonemeTemplate
0x0860A3DC	rom	sPhonemeLengths
0x0860A4AC	rom	sVariableDmgMoves
0x0860A4E0	rom	sPoints_MoveEffect
0x0860A68C	rom	sPoints_Effectiveness
0x0860A692	rom	sPoints_SetUp
0x0860A6A0	rom	sPoints_RainMoves
0x0860A728	rom	sPoints_SunMoves
0x0860A770	rom	sPoints_SandstormMoves
0x0860A77C	rom	sPoints_HailMoves
0x0860A788	rom	sPoints_ElectricMoves
0x0860A7B0	rom	sPoints_StatusDmg
0x0860A7BE	rom	sPoints_Status
0x0860A7C8	rom	sPoints_Spikes
0x0860A7CA	rom	sPoints_WaterSport
0x0860A7CC	rom	sPoints_MudSport
0x0860A7CE	rom	sPoints_Reflect
0x0860A7D0	rom	sPoints_LightScreen
0x0860A7D2	rom	sPoints_Safeguard
0x0860A7D4	rom	sPoints_Mist
0x0860A7D6	rom	sPoints_BreakWall
0x0860A7D8	rom	sPoints_CriticalHit
0x0860A7DA	rom	sPoints_Faint
0x0860A7DC	rom	sPoints_Flinched
0x0860A7DE	rom	sPoints_StatIncrease1
0x0860A7EC	rom	sPoints_StatIncrease2
0x0860A7FA	rom	sPoints_StatDecreaseSelf
0x0860A808	rom	sPoints_StatDecrease1
0x0860A816	rom	sPoints_StatDecrease2
0x0860A824	rom	sPoints_StatIncreaseNotSelf
0x0860A834	rom	sPointsArray
0x0860A8A4	rom	sSpecialBattleStrings
0x0860A8C8	rom	sSpeciesToBackAnimSet
0x0860AA64	rom	sYellowFlashData
0x0860AA80	rom	sVerticalShakeData
0x0860AA88	rom	sMonAnimFunctions
0x0860ACE4	rom	sBackAnimationIds
0x0860AD2F	rom	sBackAnimNatureModTable
0x0860AD48	rom	sMonAffineAnim_0
0x0860AD58	rom	sMonAffineAnim_1
0x0860AD68	rom	sMonAffineAnims
0x0860AD70	rom	sZigzagData
0x0860AD8E	rom	sBounceRotateToSidesData
0x0860ADBE	rom	sTriangleDownData
0x0860ADCC	rom	sShakeYellowFlashData_Fast
0x0860AE1C	rom	sShakeYellowFlashData_Normal
0x0860AE54	rom	sShakeYellowFlashData_Slow
0x0860AE7C	rom	sShakeYellowFlashData
0x0860AE88	rom	sColors.693
0x0860AE90	rom	sRecordedOpponentBufferCommands
0x0860AF74	rom	sRecordedPlayerBufferCommands
0x0860B058	rom	sDummyPicData
0x0860B064	rom	sOamData_Normal
0x0860B06C	rom	sOamData_Affine
0x0860B074	rom	sContestLadyMonGfxId
0x0860B07E	rom	sLilycoveLadyGfxId
0x0860B084	rom	sQuizLadyQuestion1
0x0860B096	rom	sQuizLadyQuestion2
0x0860B0A8	rom	sQuizLadyQuestion3
0x0860B0BA	rom	sQuizLadyQuestion4
0x0860B0CC	rom	sQuizLadyQuestion5
0x0860B0DE	rom	sQuizLadyQuestion6
0x0860B0F0	rom	sQuizLadyQuestion7
0x0860B102	rom	sQuizLadyQuestion8
0x0860B114	rom	sQuizLadyQuestion9
0x0860B126	rom	sQuizLadyQuestion10
0x0860B138	rom	sQuizLadyQuestion11
0x0860B14A	rom	sQuizLadyQuestion12
0x0860B15C	rom	sQuizLadyQuestion13
0x0860B16E	rom	sQuizLadyQuestion14
0x0860B180	rom	sQuizLadyQuestion15
0x0860B192	rom	sQuizLadyQuestion16
0x0860B1A4	rom	sQuizLadyQuizQuestions
0x0860B1E4	rom	sQuizLadyQuizAnswers
0x0860B204	rom	sQuizLadyPrizes
0x0860B224	rom	sFavorLadyRequests
0x0860B23C	rom	sFavorLadyAcceptedItems_Slippery
0x0860B256	rom	sFavorLadyAcceptedItems_Roundish
0x0860B278	rom	sFavorLadyAcceptedItems_Whamish
0x0860B296	rom	sFavorLadyAcceptedItems_Shiny
0x0860B2C0	rom	sFavorLadyAcceptedItems_Sticky
0x0860B2D6	rom	sFavorLadyAcceptedItems_Pointy
0x0860B2EC	rom	sFavorLadyAcceptedItemLists
0x0860B304	rom	sFavorLadyPrizes
0x0860B310	rom	sContestLadyMonNames
0x0860B324	rom	sContestLadyCategoryNames
0x0860B338	rom	sContestNames
0x0860B34C	rom	sContestLadyMonSpecies
0x0860B358	rom	sBattleStyleMovePoints
0x0860C988	rom	sBattleStyleThresholds
0x0860CB78	rom	sUnusedArray
0x0860CBF1	rom	sTourneyTreeCursorMovementMap
0x0860CE74	rom	sTourneyTreeBgTemplates
0x0860CE84	rom	sInfoCardBgTemplates
0x0860CE94	rom	sTourneyTreeWindowTemplates
0x0860CEB4	rom	sInfoCardWindowTemplates
0x0860CF44	rom	sTourneyTreeScanlineEffectParams
0x0860CF50	rom	sTourneyTreeButtonsSpriteSheet
0x0860CF60	rom	sTourneyTreeButtonsSpritePal
0x0860CF70	rom	sOamData_TourneyTreePokeball
0x0860CF78	rom	sOamData_TourneyTreeCloseButton
0x0860CF80	rom	sOamData_VerticalScrollArrow
0x0860CF88	rom	sOamData_HorizontalScrollArrow
0x0860CF90	rom	sSpriteAnim_TourneyTreePokeballNormal
0x0860CF98	rom	sSpriteAnim_TourneyTreePokeballSelected
0x0860CFA0	rom	sSpriteAnimTable_TourneyTreePokeball
0x0860CFA8	rom	sTourneyTreePokeballSpriteTemplate
0x0860CFC0	rom	sSpriteAnim_TourneyTreeCancelButtonNormal
0x0860CFC8	rom	sSpriteAnim_TourneyTreeCancelButtonSelected
0x0860CFD0	rom	sSpriteAnimTable_TourneyTreeCancelButton
0x0860CFD8	rom	sCancelButtonSpriteTemplate
0x0860CFF0	rom	sSpriteAnim_TourneyTreeExitButtonNormal
0x0860CFF8	rom	sSpriteAnim_TourneyTreeExitButtonSelected
0x0860D000	rom	sSpriteAnimTable_TourneyTreeExitButton
0x0860D008	rom	sExitButtonSpriteTemplate
0x0860D020	rom	sSpriteAnim_UpArrow
0x0860D028	rom	sSpriteAnim_DownArrow
0x0860D030	rom	sSpriteAnim_LeftArrow
0x0860D038	rom	sSpriteAnim_RightArrow
0x0860D040	rom	sSpriteAnimTable_VerticalScrollArrow
0x0860D048	rom	sSpriteAnimTable_HorizontalScrollArrow
0x0860D050	rom	sHorizontalScrollArrowSpriteTemplate
0x0860D068	rom	sVerticalScrollArrowSpriteTemplate
0x0860D080	rom	sTourneyTreeTrainerIds
0x0860D090	rom	sBattleDomeFunctions
0x0860D0EC	rom	sWinStreakFlags
0x0860D0FC	rom	sWinStreakMasks
0x0860D10C	rom	sIdToOpponentId
0x0860D14C	rom	sTourneyTreeTrainerOpponentIds
0x0860D15C	rom	sIdToMatchNumber
0x0860D19C	rom	sLastMatchCardNum
0x0860D1A0	rom	sTrainerAndRoundToLastMatchCardNum
0x0860D1C0	rom	sTournamentIdToPairedTrainerIds
0x0860D1D0	rom	sBattleDomePotentialTexts
0x0860D214	rom	sBattleDomeOpponentStyleTexts
0x0860D294	rom	sBattleDomeOpponentStatsTexts
0x0860D340	rom	sInfoTrainerMonX
0x0860D343	rom	sInfoTrainerMonY
0x0860D346	rom	sSpeciesNameTextYCoords
0x0860D349	rom	sStatTextOffsets
0x0860D350	rom	sBattleDomeMatchNumberTexts
0x0860D38C	rom	sBattleDomeWinTexts
0x0860D3A8	rom	sLeftTrainerMonX
0x0860D3AB	rom	sLeftTrainerMonY
0x0860D3AE	rom	sRightTrainerMonX
0x0860D3B1	rom	sRightTrainerMonY
0x0860D3B4	rom	sTourneyTreeTrainerIds2
0x0860D3C4	rom	sCompetitorRangeByMatch
0x0860D3F1	rom	sTrainerNamePositions
0x0860D411	rom	sTourneyTreePokeballCoords
0x0860D450	rom	sLineSectionTrainer1Round1
0x0860D460	rom	sLineSectionTrainer1Round2
0x0860D47C	rom	sLineSectionTrainer1Semifinal
0x0860D4A8	rom	sLineSectionTrainer1Final
0x0860D4DC	rom	sLineSectionTrainer9Round1
0x0860D4EC	rom	sLineSectionTrainer9Round2
0x0860D508	rom	sLineSectionTrainer9Semifinal
0x0860D534	rom	sLineSectionTrainer9Final
0x0860D568	rom	sLineSectionTrainer13Round1
0x0860D578	rom	sLineSectionTrainer13Round2
0x0860D594	rom	sLineSectionTrainer13Semifinal
0x0860D5C0	rom	sLineSectionTrainer13Final
0x0860D5F4	rom	sLineSectionTrainer5Round1
0x0860D604	rom	sLineSectionTrainer5Round2
0x0860D620	rom	sLineSectionTrainer5Semifinal
0x0860D64C	rom	sLineSectionTrainer5Final
0x0860D680	rom	sLineSectionTrainer8Round1
0x0860D690	rom	sLineSectionTrainer8Round2
0x0860D6AC	rom	sLineSectionTrainer8Semifinal
0x0860D6D8	rom	sLineSectionTrainer8Final
0x0860D70C	rom	sLineSectionTrainer16Round1
0x0860D71C	rom	sLineSectionTrainer16Round2
0x0860D738	rom	sLineSectionTrainer16Semifinal
0x0860D764	rom	sLineSectionTrainer16Final
0x0860D798	rom	sLineSectionTrainer12Round1
0x0860D7A8	rom	sLineSectionTrainer12Round2
0x0860D7C4	rom	sLineSectionTrainer12Semifinal
0x0860D7F0	rom	sLineSectionTrainer12Final
0x0860D824	rom	sLineSectionTrainer4Round1
0x0860D834	rom	sLineSectionTrainer4Round2
0x0860D850	rom	sLineSectionTrainer4Semifinal
0x0860D87C	rom	sLineSectionTrainer4Final
0x0860D8B0	rom	sLineSectionTrainer3Round1
0x0860D8C0	rom	sLineSectionTrainer3Round2
0x0860D8DC	rom	sLineSectionTrainer3Semifinal
0x0860D908	rom	sLineSectionTrainer3Final
0x0860D93C	rom	sLineSectionTrainer11Round1
0x0860D94C	rom	sLineSectionTrainer11Round2
0x0860D968	rom	sLineSectionTrainer11Semifinal
0x0860D994	rom	sLineSectionTrainer11Final
0x0860D9C8	rom	sLineSectionTrainer15Round1
0x0860D9D8	rom	sLineSectionTrainer15Round2
0x0860D9F4	rom	sLineSectionTrainer15Semifinal
0x0860DA20	rom	sLineSectionTrainer15Final
0x0860DA54	rom	sLineSectionTrainer7Round1
0x0860DA64	rom	sLineSectionTrainer7Round2
0x0860DA80	rom	sLineSectionTrainer7Semifinal
0x0860DAAC	rom	sLineSectionTrainer7Final
0x0860DAE0	rom	sLineSectionTrainer6Round1
0x0860DAF0	rom	sLineSectionTrainer6Round2
0x0860DB0C	rom	sLineSectionTrainer6Semifinal
0x0860DB38	rom	sLineSectionTrainer6Final
0x0860DB6C	rom	sLineSectionTrainer14Round1
0x0860DB7C	rom	sLineSectionTrainer14Round2
0x0860DB98	rom	sLineSectionTrainer14Semifinal
0x0860DBC4	rom	sLineSectionTrainer14Final
0x0860DBF8	rom	sLineSectionTrainer10Round1
0x0860DC08	rom	sLineSectionTrainer10Round2
0x0860DC24	rom	sLineSectionTrainer10Semifinal
0x0860DC50	rom	sLineSectionTrainer10Final
0x0860DC84	rom	sLineSectionTrainer2Round1
0x0860DC94	rom	sLineSectionTrainer2Round2
0x0860DCB0	rom	sLineSectionTrainer2Semifinal
0x0860DCDC	rom	sLineSectionTrainer2Final
0x0860DD10	rom	sTourneyTreeLineSections
0x0860DE10	rom	sTourneyTreeLineSectionArrayCounts
0x0860DE50	rom	sBattlePalaceFunctions
0x0860DE78	rom	sBattlePalaceEarlyPrizes
0x0860DE84	rom	sBattlePalaceLatePrizes
0x0860DE98	rom	sWinStreakFlags
0x0860DEA8	rom	sWinStreakMasks
0x0860DEB8	rom	sMatchCallTrainers
0x0860E3B8	rom	sMatchCallWildBattleTexts
0x0860E430	rom	sMatchCallNegativeBattleTexts
0x0860E4A0	rom	sMatchCallPositiveBattleTexts
0x0860E510	rom	sMatchCallSameRouteBattleRequestTexts
0x0860E580	rom	sMatchCallDifferentRouteBattleRequestTexts
0x0860E5F0	rom	sMatchCallPersonalizedTexts
0x0860E7F0	rom	sMatchCallBattleFrontierStreakTexts
0x0860E860	rom	sMatchCallBattleFrontierRecordStreakTexts
0x0860E8D0	rom	sMatchCallBattleDomeTexts
0x0860E940	rom	sMatchCallBattlePikeTexts
0x0860E9B0	rom	sMatchCallBattlePyramidTexts
0x0860EA20	rom	sMatchCallBattleTopics
0x0860EA2C	rom	sMatchCallBattleRequestTopics
0x0860EA34	rom	sMatchCallGeneralTopics
0x0860EA4C	rom	sMatchCallWindow_Pal
0x0860EA6C	rom	sMatchCallWindow_Gfx
0x0860EB6C	rom	sPokenavIcon_Pal
0x0860EB8C	rom	sPokenavIcon_Gfx
0x0860EF70	rom	sText_PokenavCallEllipsis
0x0860EF78	rom	sMatchCallTaskFuncs
0x0860EF98	rom	sMatchCallTextWindow
0x0860EFA0	rom	sMatchCallTextStringVars
0x0860EFAC	rom	sPopulateMatchCallStringVarFuncs
0x0860EFC4	rom	sMultiTrainerMatchCallTexts
0x0860EFF4	rom	sBattleFrontierFacilityNames
0x0860F010	rom	sBadgeFlags
0x0860F020	rom	sBirchDexRatingTexts
0x0860F074	rom	gStandardMenuPalette
0x0860F094	rom	sTextSpeedFrameDelays
0x0860F098	rom	sStandardTextBox_WindowTemplates
0x0860F0A8	rom	sYesNo_WindowTemplates
0x0860F0B0	rom	sHofPC_TopBar_Pal
0x0860F0D0	rom	sTextColors
0x0860F0D4	rom	sMenuInfoIcons
0x0860F13C	rom	sPokeballGray_Pal
0x0860F15C	rom	sPokeballSelected_Pal
0x0860F17C	rom	sInterface_Pal
0x0860F1BC	rom	sPokeball_Gfx
0x0860F3BC	rom	sArrow_Gfx
0x0860F43C	rom	sMenuHighlightLeft_Gfx
0x0860F53C	rom	sMenuHighlightRight_Gfx
0x0860F63C	rom	sActionBoxLeft_Gfx
0x0860F6BC	rom	sActionBoxRight_Gfx
0x0860F7BC	rom	sActionHighlightLeft_Gfx
0x0860F83C	rom	sActionHighlightMiddle_Gfx
0x0860F93C	rom	sActionHighlightRight_Gfx
0x0860FA3C	rom	sMonPicBgAnim_Gfx
0x0861023C	rom	sMonPicBg_Tilemap
0x0861033C	rom	sMonPicBg_Gfx
0x0861039C	rom	sMonPicBg_Pal
0x086103BC	rom	sSelect_SpriteSheets
0x086103E4	rom	sSelect_BallGfx
0x086103F4	rom	sSelect_SpritePalettes
0x0861041C	rom	sSelect_MenuOptionFuncs
0x08610428	rom	sSelect_BgTemplates
0x08610434	rom	sSelect_WindowTemplates
0x0861046C	rom	sSelectText_Pal
0x08610476	rom	sMenuOptionTextColors
0x08610479	rom	sSpeciesNameTextColors
0x0861047C	rom	sOam_Select_Pokeball
0x08610484	rom	sOam_Select_Arrow
0x0861048C	rom	sOam_Select_MenuHighlight
0x08610494	rom	sOam_Select_MonPicBgAnim
0x0861049C	rom	sAnim_Select_Interface
0x086104A4	rom	sAnim_Select_MonPicBgAnim
0x086104AC	rom	sAnim_Select_Pokeball_Still
0x086104B4	rom	sAnim_Select_Pokeball_Moving
0x086104FC	rom	sAnims_Select_Interface
0x08610500	rom	sAnims_Select_MonPicBgAnim
0x08610504	rom	sAnims_Select_Pokeball
0x0861050C	rom	sAffineAnim_Select_MonPicBg_Opening
0x0861056C	rom	sAffineAnim_Select_MonPicBg_Closing
0x086105BC	rom	sAffineAnim_Select_MonPicBg_Open
0x086105CC	rom	sAffineAnims_Select_MonPicBgAnim
0x086105D8	rom	sSpriteTemplate_Select_Pokeball
0x086105F0	rom	sSpriteTemplate_Select_Arrow
0x08610608	rom	sSpriteTemplate_Select_MenuHighlightLeft
0x08610620	rom	sSpriteTemplate_Select_MenuHighlightRight
0x08610638	rom	sSpriteTemplate_Select_MonPicBgAnim
0x08610650	rom	sSwap_SpriteSheets
0x086106A0	rom	sSwap_BallGfx
0x086106B0	rom	sSwap_SpritePalettes
0x086106D8	rom	sOam_Swap_Pokeball
0x086106E0	rom	sOam_Swap_Arrow
0x086106E8	rom	sOam_Swap_MenuHighlight
0x086106F0	rom	sOam_Swap_MonPicBgAnim
0x086106F8	rom	sAnim_Swap_Interface
0x08610700	rom	sAnim_Swap_MonPicBgAnim
0x08610708	rom	sAnim_Swap_Pokeball_Still
0x08610710	rom	sAnim_Swap_Pokeball_Moving
0x08610758	rom	sAnims_Swap_Interface
0x0861075C	rom	sAnims_Swap_MonPicBgAnim
0x08610760	rom	sAnims_Swap_Pokeball
0x08610768	rom	sAffineAnim_Swap_MonPicBg_Opening
0x086107C8	rom	sAffineAnim_Swap_MonPicBg_Closing
0x08610818	rom	sAffineAnim_Swap_MonPicBg_Open
0x08610828	rom	sAffineAnims_Swap_MonPicBgAnim
0x08610834	rom	sSpriteTemplate_Swap_Pokeball
0x0861084C	rom	sSpriteTemplate_Swap_Arrow
0x08610864	rom	sSpriteTemplate_Swap_MenuHighlightLeft
0x0861087C	rom	sSpriteTemplate_Swap_MenuHighlightRight
0x08610894	rom	sSpriteTemplate_Swap_MonPicBgAnim
0x086108AC	rom	sSwap_MenuOptionFuncs
0x086108B8	rom	sSwap_BgTemplates
0x086108C8	rom	sSwap_WindowTemplates
0x08610918	rom	sSwapText_Pal
0x08610922	rom	sSwapMenuOptionsTextColors
0x08610925	rom	sSwapSpeciesNameTextColors
0x08610928	rom	sSwap_PlayerScreenActions
0x08610948	rom	sSwap_EnemyScreenActions
0x08610970	rom	gApprentices
0x08610EF0	rom	sApprenticeFirstMeetingTexts
0x08610FF0	rom	sApprenticeWhichMonTexts
0x08611070	rom	sApprenticeHeldItemTexts
0x086111B0	rom	sApprenticeWhichMoveTexts
0x08611230	rom	sApprenticeWhichMonFirstTexts
0x086112B0	rom	sApprenticePickWinSpeechTexts
0x08611330	rom	sApprenticeChallengeTexts
0x08611370	rom	sValidApprenticeMoves
0x086114D3	rom	sQuestionPossibilities
0x086114E0	rom	sApprenticeFunctions
0x08611548	rom	sInitialApprenticeIds
0x08611550	rom	sFrontierBrainStreakAppearances
0x0861156C	rom	sFrontierBrainsMons
0x086118B4	rom	sBattlePointAwards
0x08611BFC	rom	sBattledBrainBitFlags
0x08611C18	rom	sFrontierUtilFuncs
0x08611C74	rom	sFrontierResultsWindowTemplate
0x08611C7C	rom	sLinkContestResultsWindowTemplate
0x08611C84	rom	sRankingHallRecordsWindowTemplate
0x08611C8C	rom	sFrontierBrainObjEventGfx
0x08611C9A	rom	gFrontierBannedSpecies
0x08611CB0	rom	sRecordsWindowChallengeTexts
0x08611D00	rom	sLevelModeText
0x08611D08	rom	sHallFacilityToRecordsText
0x08611D30	rom	sFrontierBrainTrainerIds
0x08611D40	rom	sFrontierBrainPlayerLostSilverTexts
0x08611D5C	rom	sFrontierBrainPlayerWonSilverTexts
0x08611D78	rom	sFrontierBrainPlayerLostGoldTexts
0x08611D94	rom	sFrontierBrainPlayerWonGoldTexts
0x08611DB0	rom	sFrontierBrainPlayerLostTexts
0x08611DB8	rom	sFrontierBrainPlayerWonTexts
0x08611DC0	rom	sMindRatings
0x08611F24	rom	sOam_JudgmentIcon
0x08611F2C	rom	sAnim_JudgmentIcon_X
0x08611F34	rom	sAnim_JudgmentIcon_Triangle
0x08611F3C	rom	sAnim_JudgmentIcon_Circle
0x08611F44	rom	sAnim_JudgmentIcon_Line
0x08611F4C	rom	sAnims_JudgmentIcon
0x08611F5C	rom	sSpriteTemplate_JudgmentIcon
0x08611F74	rom	sBattleArenaJudgmentSymbolsSpriteSheet
0x08611F84	rom	sArenaFunctions
0x08611FA0	rom	sShortStreakPrizeItems
0x08611FAC	rom	sLongStreakPrizeItems
0x08611FC0	rom	sRequiredMoveCounts
0x08611FC8	rom	sMoves_TotalPreparation
0x08612000	rom	sMoves_ImpossibleToPredict
0x0861201E	rom	sMoves_WeakeningTheFoe
0x08612046	rom	sMoves_HighRiskHighReturn
0x0861207C	rom	sMoves_Endurance
0x086120B4	rom	sMoves_SlowAndSteady
0x086120F6	rom	sMoves_DependsOnTheBattlesFlow
0x08612104	rom	sMoveStyles
0x08612120	rom	sBattleFactoryFunctions
0x08612164	rom	sWinStreakFlags
0x08612174	rom	sWinStreakMasks
0x08612184	rom	sFixedIVTable
0x08612194	rom	sInitialRentalMonRanges
0x086121D4	rom	sLvl50_Mons1
0x086121F8	rom	sLvl50_Mons2
0x0861221C	rom	sLvl50_Mons3
0x08612240	rom	sLvl50_Mons4
0x08612264	rom	sLvl50Mons
0x08612274	rom	sLvlOpen_Mons1
0x08612298	rom	sLvlOpen_Mons2
0x086122BC	rom	sLvlOpen_Mons3
0x086122E0	rom	sLvlOpen_Mons4
0x08612304	rom	sLvlOpenMons
0x08612314	rom	sWildMons
0x0861231C	rom	sNPCTable
0x086123E4	rom	sNPCSpeeches
0x086125DC	rom	sFrontierBrainStreakAppearances
0x086125F8	rom	sBattlePikeFunctions
0x0861266C	rom	sRoomTypeHints
0x08612675	rom	sNumMonsToHealBeforePikeQueen
0x08612688	rom	sStatusInflictionScreenFlashFuncs
0x08612690	rom	sWinStreakFlags
0x08612698	rom	sMovement_ShiftRight
0x0861269C	rom	sMovement_ShiftDown
0x086126A0	rom	sMovement_ShiftLeft
0x086126A4	rom	sMovement_ShiftUp
0x086126A8	rom	sMovement_FaceRight
0x086126AA	rom	sMovement_FaceDown
0x086126AC	rom	sMovement_FaceLeft
0x086126AE	rom	sMovement_FaceUp
0x086126B0	rom	sLevel50WildMons_Round1
0x08612710	rom	sLevel50WildMons_Round2
0x08612770	rom	sLevel50WildMons_Round3
0x086127D0	rom	sLevel50WildMons_Round4
0x08612830	rom	sLevel50WildMons_Round5
0x08612890	rom	sLevel50WildMons_Round6
0x086128F0	rom	sLevel50WildMons_Round7
0x08612950	rom	sLevel50WildMons_Round8
0x086129B0	rom	sLevel50WildMons_Round9
0x08612A10	rom	sLevel50WildMons_Round10
0x08612A70	rom	sLevel50WildMons_Round11
0x08612AD0	rom	sLevel50WildMons_Round12
0x08612B30	rom	sLevel50WildMons_Round13
0x08612B90	rom	sLevel50WildMons_Round14
0x08612BF0	rom	sLevel50WildMons_Round15
0x08612C50	rom	sLevel50WildMons_Round16
0x08612CB0	rom	sLevel50WildMons_Round17
0x08612D10	rom	sLevel50WildMons_Round18
0x08612D70	rom	sLevel50WildMons_Round19
0x08612DD0	rom	sLevel50WildMons_Round20
0x08612E30	rom	sLevel50WildMonPointers
0x08612E80	rom	sOpenLevelWildMons_Round1
0x08612EE0	rom	sOpenLevelWildMons_Round2
0x08612F40	rom	sOpenLevelWildMons_Round3
0x08612FA0	rom	sOpenLevelWildMons_Round4
0x08613000	rom	sOpenLevelWildMons_Round5
0x08613060	rom	sOpenLevelWildMons_Round6
0x086130C0	rom	sOpenLevelWildMons_Round7
0x08613120	rom	sOpenLevelWildMons_Round8
0x08613180	rom	sOpenLevelWildMons_Round9
0x086131E0	rom	sOpenLevelWildMons_Round10
0x08613240	rom	sOpenLevelWildMons_Round11
0x086132A0	rom	sOpenLevelWildMons_Round12
0x08613300	rom	sOpenLevelWildMons_Round13
0x08613360	rom	sOpenLevelWildMons_Round14
0x086133C0	rom	sOpenLevelWildMons_Round15
0x08613420	rom	sOpenLevelWildMons_Round16
0x08613480	rom	sOpenLevelWildMons_Round17
0x086134E0	rom	sOpenLevelWildMons_Round18
0x08613540	rom	sOpenLevelWildMons_Round19
0x086135A0	rom	sOpenLevelWildMons_Round20
0x08613600	rom	sOpenLevelWildMonPointers
0x08613650	rom	sPyramidFloorTemplates
0x08613750	rom	sPyramidFloorTemplateOptions
0x08613794	rom	sFloorTemplateOffsets
0x0861379C	rom	sPickupItemsLvl50
0x0861392C	rom	sPickupItemsLvlOpen
0x08613ABC	rom	sPickupItemSlots
0x08613B3A	rom	sPickupItemOffsets
0x08613B44	rom	sTrainerClassEncounterMusic
0x08613C1C	rom	sTrainerTextGroups
0x08613C80	rom	sExitDirectionHintTexts1
0x08613C90	rom	sRemainingItemsHintTexts1
0x08613CB4	rom	sRemainingTrainersHintTexts1
0x08613CD4	rom	sExitDirectionHintTexts2
0x08613CE4	rom	sRemainingItemsHintTexts2
0x08613D08	rom	sRemainingTrainersHintTexts2
0x08613D28	rom	sExitDirectionHintTexts3
0x08613D38	rom	sRemainingItemsHintTexts3
0x08613D5C	rom	sRemainingTrainersHintTexts3
0x08613D7C	rom	sExitDirectionHintTexts4
0x08613D8C	rom	sRemainingItemsHintTexts4
0x08613DB0	rom	sRemainingTrainersHintTexts4
0x08613DD0	rom	sExitDirectionHintTexts5
0x08613DE0	rom	sRemainingItemsHintTexts5
0x08613E04	rom	sRemainingTrainersHintTexts5
0x08613E24	rom	sExitDirectionHintTexts6
0x08613E34	rom	sRemainingItemsHintTexts6
0x08613E58	rom	sRemainingTrainersHintTexts6
0x08613E78	rom	sPostBattleHintTexts1
0x08613E84	rom	sPostBattleHintTexts2
0x08613E90	rom	sPostBattleHintTexts3
0x08613E9C	rom	sPostBattleHintTexts4
0x08613EA8	rom	sPostBattleHintTexts5
0x08613EB4	rom	sPostBattleHintTexts6
0x08613EC0	rom	sPostBattleTexts
0x08613ED8	rom	sHintTextTypes
0x08613EE0	rom	sBattlePyramidFunctions
0x08613F28	rom	sShortStreakRewardItems
0x08613F34	rom	sLongStreakRewardItems
0x08613F46	rom	sBorderedSquareIds
0x08613F86	rom	sPickupPercentages
0x08613F90	rom	sBgTemplates_ItemMenu
0x08613F9C	rom	sItemListMenu
0x08613FB4	rom	sItemMenuActions
0x0861402C	rom	sContextMenuItems_ItemsPocket
0x08614030	rom	sContextMenuItems_KeyItemsPocket
0x08614034	rom	sContextMenuItems_BallsPocket
0x08614038	rom	sContextMenuItems_TmHmPocket
0x0861403C	rom	sContextMenuItems_BerriesPocket
0x08614042	rom	sContextMenuItems_BattleUse
0x08614044	rom	sContextMenuItems_Give
0x08614046	rom	sContextMenuItems_Cancel
0x08614047	rom	sContextMenuItems_BerryBlenderCrush
0x0861404B	rom	sContextMenuItems_Apprentice
0x0861404D	rom	sContextMenuItems_FavorLady
0x0861404F	rom	sContextMenuItems_QuizLady
0x08614054	rom	sContextMenuFuncs
0x08614084	rom	sYesNoTossFunctions
0x0861408C	rom	sYesNoSellItemFunctions
0x08614094	rom	sBagScrollArrowsTemplate
0x086140A4	rom	sRegisteredSelect_Gfx
0x08614164	rom	sFontColorTable
0x08614174	rom	sDefaultBagWindows
0x086141AC	rom	sContextMenuWindowTemplates
0x086141FC	rom	sScrollIndicatorTemplates
0x0861420C	rom	sOamData_ScrollArrowIndicator
0x08614214	rom	sSpriteAnim_ScrollArrowIndicator0
0x0861421C	rom	sSpriteAnim_ScrollArrowIndicator1
0x08614224	rom	sSpriteAnim_ScrollArrowIndicator2
0x0861422C	rom	sSpriteAnim_ScrollArrowIndicator3
0x08614234	rom	sSpriteAnimTable_ScrollArrowIndicator
0x08614244	rom	sSpriteTemplate_ScrollArrowIndicator
0x0861425C	rom	sSubsprite_RedOutline1
0x08614260	rom	sSubsprite_RedOutline2
0x08614264	rom	sSubsprite_RedOutline3
0x08614268	rom	sSubsprite_RedOutline4
0x0861426C	rom	sSubsprite_RedOutline5
0x08614270	rom	sSubsprite_RedOutline6
0x08614274	rom	sSubsprite_RedOutline7
0x08614278	rom	sSubsprite_RedOutline8
0x0861427C	rom	sOamData_RedArrowCursor
0x08614284	rom	sSpriteAnim_RedArrowCursor
0x0861428C	rom	sSpriteAnimTable_RedArrowCursor
0x08614290	rom	sSpriteTemplate_RedArrowCursor
0x086142A8	rom	sRedInterface_Pal
0x086142C8	rom	sScrollIndicator_Gfx
0x08614338	rom	sOutlineCursor_Gfx
0x08614378	rom	sArrowCursor_Gfx
0x086143BC	rom	sSaveLocationPokeCenterList
0x0861440A	rom	sSaveLocationReloadLocList
0x0861440E	rom	sEmptyMapList
0x08614410	rom	gItemIconTable
0x08614FE0	rom	sOamData_ItemIcon
0x08614FE8	rom	sSpriteAnim_ItemIcon
0x08614FF0	rom	sSpriteAnimTable_ItemIcon
0x08614FF4	rom	gItemIconSpriteTemplate
0x0861500C	rom	gTutorMoves
0x08615048	rom	sTutorLearnsets
0x086156B8	rom	sPartyMenuBgTemplates
0x086156C4	rom	sPartyBoxInfoRects
0x08615704	rom	sPartyMenuSpriteCoords
0x086157C4	rom	sConfirmButton_Tilemap
0x086157E0	rom	sCancelButton_Tilemap
0x086157FC	rom	sFontColorTable
0x08615810	rom	sSinglePartyMenuWindowTemplate
0x08615850	rom	sDoublePartyMenuWindowTemplate
0x08615890	rom	sMultiPartyMenuWindowTemplate
0x086158D0	rom	sShowcaseMultiPartyMenuWindowTemplate
0x08615908	rom	sCancelButtonWindowTemplate
0x08615910	rom	sMultiCancelButtonWindowTemplate
0x08615918	rom	sConfirmButtonWindowTemplate
0x08615920	rom	sDefaultPartyMsgWindowTemplate
0x08615928	rom	sDoWhatWithMonMsgWindowTemplate
0x08615930	rom	sDoWhatWithItemMsgWindowTemplate
0x08615938	rom	sDoWhatWithMailMsgWindowTemplate
0x08615940	rom	sWhichMoveMsgWindowTemplate
0x08615948	rom	sAlreadyHoldingOneMsgWindowTemplate
0x08615950	rom	sItemGiveTakeWindowTemplate
0x08615958	rom	sMailReadTakeWindowTemplate
0x08615960	rom	sMoveSelectWindowTemplate
0x08615968	rom	sPartyMenuYesNoWindowTemplate
0x08615970	rom	sLevelUpStatsWindowTemplate
0x08615978	rom	sUnusedWindowTemplate1
0x08615980	rom	sUnusedWindowTemplate2
0x08615988	rom	sSlotTilemap_Main
0x086159CE	rom	sSlotTilemap_MainNoHP
0x08615A14	rom	sSlotTilemap_Wide
0x08615A4A	rom	sSlotTilemap_WideNoHP
0x08615A80	rom	sSlotTilemap_WideEmpty
0x08615AB6	rom	sGenderPalOffsets
0x08615AB8	rom	sHPBarPalOffsets
0x08615ABA	rom	sPartyBoxPalOffsets1
0x08615ABD	rom	sPartyBoxPalOffsets2
0x08615AC0	rom	sPartyBoxNoMonPalOffsets
0x08615AC3	rom	sGenderMalePalIds
0x08615AC5	rom	sGenderFemalePalIds
0x08615AC7	rom	sHPBarGreenPalIds
0x08615AC9	rom	sHPBarYellowPalIds
0x08615ACB	rom	sHPBarRedPalIds
0x08615ACD	rom	sPartyBoxEmptySlotPalIds1
0x08615AD0	rom	sPartyBoxMultiPalIds1
0x08615AD3	rom	sPartyBoxFaintedPalIds1
0x08615AD6	rom	sPartyBoxCurrSelectionPalIds1
0x08615AD9	rom	sPartyBoxCurrSelectionMultiPalIds
0x08615ADC	rom	sPartyBoxCurrSelectionFaintedPalIds
0x08615ADF	rom	sPartyBoxSelectedForActionPalIds1
0x08615AE2	rom	sPartyBoxEmptySlotPalIds2
0x08615AE5	rom	sPartyBoxMultiPalIds2
0x08615AE8	rom	sPartyBoxFaintedPalIds2
0x08615AEB	rom	sPartyBoxCurrSelectionPalIds2
0x08615AEE	rom	sPartyBoxSelectedForActionPalIds2
0x08615AF1	rom	sPartyBoxNoMonPalIds
0x08615AF4	rom	sActionStringTable
0x08615B60	rom	sDescriptionStringTable
0x08615B94	rom	sUnusedData
0x08615C08	rom	sCursorOptions
0x08615D10	rom	sPartyMenuAction_SummarySwitchCancel
0x08615D13	rom	sPartyMenuAction_ShiftSummaryCancel
0x08615D16	rom	sPartyMenuAction_SendOutSummaryCancel
0x08615D19	rom	sPartyMenuAction_SummaryCancel
0x08615D1B	rom	sPartyMenuAction_EnterSummaryCancel
0x08615D1E	rom	sPartyMenuAction_NoEntrySummaryCancel
0x08615D21	rom	sPartyMenuAction_StoreSummaryCancel
0x08615D24	rom	sPartyMenuAction_GiveTakeItemCancel
0x08615D27	rom	sPartyMenuAction_ReadTakeMailCancel
0x08615D2A	rom	sPartyMenuAction_RegisterSummaryCancel
0x08615D2D	rom	sPartyMenuAction_TradeSummaryCancel1
0x08615D30	rom	sPartyMenuAction_TradeSummaryCancel2
0x08615D33	rom	sPartyMenuAction_TakeItemTossCancel
0x08615D38	rom	sPartyMenuActions
0x08615D70	rom	sPartyMenuActionCounts
0x08615D7E	rom	sFieldMoves
0x08615D9C	rom	sFieldMoveCursorCallbacks
0x08615E0C	rom	sUnionRoomTradeMessages
0x08615E30	rom	sHeldItemGfx
0x08615E70	rom	sHeldItemPalette
0x08615E90	rom	sOamData_HeldItem
0x08615E98	rom	sSpriteAnim_HeldItem
0x08615EA0	rom	sSpriteAnim_HeldMail
0x08615EA8	rom	sSpriteAnimTable_HeldItem
0x08615EB0	rom	sSpriteSheet_HeldItem
0x08615EB8	rom	sSpritePalette_HeldItem
0x08615EC0	rom	sSpriteTemplate_HeldItem
0x08615ED8	rom	sOamData_MenuPokeball
0x08615EE0	rom	sPokeballAnim_Closed
0x08615EE8	rom	sPokeballAnim_Open
0x08615EF0	rom	sSpriteAnimTable_MenuPokeball
0x08615EF8	rom	sSpriteSheet_MenuPokeball
0x08615F00	rom	sSpritePalette_MenuPokeball
0x08615F08	rom	sSpriteTemplate_MenuPokeball
0x08615F20	rom	sOamData_MenuPokeballSmall
0x08615F28	rom	sSmallPokeballAnim_Closed
0x08615F30	rom	sSmallPokeballAnim_Open
0x08615F38	rom	sSmallPokeballAnim_Blank1
0x08615F40	rom	sSmallPokeballAnim_Blank2
0x08615F48	rom	sSmallPokeballAnim_Blank3
0x08615F50	rom	sSmallPokeballAnim_Blank4
0x08615F58	rom	sSpriteAnimTable_MenuPokeballSmall
0x08615F70	rom	sSpriteSheet_MenuPokeballSmall
0x08615F78	rom	sSpriteTemplate_MenuPokeballSmall
0x08615F90	rom	sOamData_StatusCondition
0x08615F98	rom	sSpriteAnim_StatusPoison
0x08615FA0	rom	sSpriteAnim_StatusParalyzed
0x08615FA8	rom	sSpriteAnim_StatusSleep
0x08615FB0	rom	sSpriteAnim_StatusFrozen
0x08615FB8	rom	sSpriteAnim_StatusBurn
0x08615FC0	rom	sSpriteAnim_StatusPokerus
0x08615FC8	rom	sSpriteAnim_StatusFaint
0x08615FD0	rom	sSpriteAnim_Blank
0x08615FD8	rom	sSpriteTemplate_StatusCondition
0x08615FF8	rom	sSpriteSheet_StatusIcons
0x08616000	rom	sSpritePalette_StatusIcons
0x08616008	rom	sSpriteTemplate_StatusIcons
0x08616020	rom	sMultiBattlePartnersPartyMask
0x08616028	rom	sUnused_StatStrings
0x08616040	rom	sTMHMMoves
0x086160B4	rom	sVerdanturfTentFuncs
0x086160D4	rom	sVerdanturfTentRewards
0x086160D8	rom	sFallarborTentFuncs
0x086160F4	rom	sFallarborTentRewards
0x086160F8	rom	sSlateportTentFuncs
0x08616120	rom	sSlateportTentRewards
0x08616124	rom	sScrollDistances
0x08616128	rom	sFont_Braille
0x08617128	rom	sBerryFixGraphics
0x08617170	rom	sPlayerPartnerBufferCommands
0x08617254	rom	sUnused
0x08617274	rom	sMirageTower_Gfx
0x08617B94	rom	sMirageTowerTilemap
0x08617C24	rom	sFossil_Pal
0x08617C44	rom	sFossil_Gfx
0x08617CC4	rom	sMirageTowerCrumbles_Gfx
0x08617D44	rom	sMirageTowerCrumbles_Palette
0x08617D64	rom	sCeilingCrumblePositions
0x08617D94	rom	sCeilingCrumbleSpriteSheets
0x08617DA4	rom	sInvisibleMirageTowerMetatiles
0x08617DEC	rom	sAnim_FallingFossil
0x08617DF4	rom	sOamData_FallingFossil
0x08617DFC	rom	sAnims_FallingFossil
0x08617E00	rom	sSpriteTemplate_FallingFossil
0x08617E18	rom	gMirageTowerPulseBlendSettings
0x08617E20	rom	sAnim_CeilingCrumbleSmall
0x08617E28	rom	sAnims_CeilingCrumbleSmall
0x08617E2C	rom	sOamData_CeilingCrumbleSmall
0x08617E34	rom	sSpriteTemplate_CeilingCrumbleSmall
0x08617E4C	rom	sAnim_CeilingCrumbleLarge
0x08617E54	rom	sAnims_CeilingCrumbleLarge
0x08617E58	rom	sOamData_CeilingCrumbleLarge
0x08617E60	rom	sSpriteTemplate_CeilingCrumbleLarge
0x08617E78	rom	sText_BerryProgramUpdate
0x08617E8D	rom	sText_RubySapphire
0x08617E9B	rom	sText_Emerald
0x08617EA3	rom	sText_BerryProgramWillBeUpdatedPressA
0x08617F07	rom	sText_EnsureGBAConnectionMatches
0x08617F97	rom	sText_TurnOffPowerHoldingStartSelect
0x08618020	rom	sText_TransmittingPleaseWait
0x08618092	rom	sText_PleaseFollowInstructionsOnScreen
0x086180D7	rom	sText_TransmissionFailureTryAgain
0x08618108	rom	sBerryFixBgTemplates
0x08618110	rom	sBerryFixWindowTemplates
0x08618138	rom	sText_Pal
0x08618158	rom	sBerryProgramTextColors
0x0861815B	rom	sGameTitleTextColors
0x08618160	rom	sBerryProgramTexts
0x08618178	rom	sBerryFixGraphics
0x086181C0	rom	sNullDescription
0x086181C1	rom	sPoundDescription
0x086181E7	rom	sKarateChopDescription
0x08618219	rom	sDoubleSlapDescription
0x08618240	rom	sCometPunchDescription
0x08618269	rom	sMegaPunchDescription
0x08618296	rom	sPayDayDescription
0x086182C9	rom	sFirePunchDescription
0x086182EE	rom	sIcePunchDescription
0x08618314	rom	sThunderPunchDescription
0x08618344	rom	sScratchDescription
0x08618368	rom	sViceGripDescription
0x08618397	rom	sGuillotineDescription
0x086183C9	rom	sRazorWindDescription
0x086183FD	rom	sSwordsDanceDescription
0x0861842A	rom	sCutDescription
0x08618457	rom	sGustDescription
0x08618490	rom	sWingAttackDescription
0x086184B8	rom	sWhirlwindDescription
0x086184EA	rom	sFlyDescription
0x08618522	rom	sBindDescription
0x0861854F	rom	sSlamDescription
0x0861857A	rom	sVineWhipDescription
0x086185A8	rom	sStompDescription
0x086185DF	rom	sDoubleKickDescription
0x08618613	rom	sMegaKickDescription
0x08618642	rom	sJumpKickDescription
0x08618677	rom	sRollingKickDescription
0x086186A0	rom	sSandAttackDescription
0x086186D8	rom	sHeadbuttDescription
0x08618703	rom	sHornAttackDescription
0x08618722	rom	sFuryAttackDescription
0x08618753	rom	sHornDrillDescription
0x08618786	rom	sTackleDescription
0x086187B0	rom	sBodySlamDescription
0x086187DB	rom	sWrapDescription
0x08618814	rom	sTakeDownDescription
0x08618847	rom	sThrashDescription
0x08618879	rom	sDoubleEdgeDescription
0x086188A9	rom	sTailWhipDescription
0x086188D3	rom	sPoisonStingDescription
0x08618905	rom	sTwineedleDescription
0x08618931	rom	sPinMissileDescription
0x0861895E	rom	sLeerDescription
0x0861898E	rom	sBiteDescription
0x086189BD	rom	sGrowlDescription
0x086189E7	rom	sRoarDescription
0x08618A0D	rom	sSingDescription
0x08618A40	rom	sSupersonicDescription
0x08618A74	rom	sSonicBoomDescription
0x08618AAB	rom	sDisableDescription
0x08618AD8	rom	sAcidDescription
0x08618B07	rom	sEmberDescription
0x08618B33	rom	sFlamethrowerDescription
0x08618B63	rom	sMistDescription
0x08618B95	rom	sWaterGunDescription
0x08618BB6	rom	sHydroPumpDescription
0x08618BE4	rom	sSurfDescription
0x08618C1A	rom	sIceBeamDescription
0x08618C4E	rom	sBlizzardDescription
0x08618C81	rom	sPsybeamDescription
0x08618CB0	rom	sBubbleBeamDescription
0x08618CE0	rom	sAuroraBeamDescription
0x08618D14	rom	sHyperBeamDescription
0x08618D4A	rom	sPeckDescription
0x08618D74	rom	sDrillPeckDescription
0x08618DAB	rom	sSubmissionDescription
0x08618DDA	rom	sLowKickDescription
0x08618E0C	rom	sCounterDescription
0x08618E3F	rom	sSeismicTossDescription
0x08618E6E	rom	sStrengthDescription
0x08618E99	rom	sAbsorbDescription
0x08618ECB	rom	sMegaDrainDescription
0x08618EFD	rom	sLeechSeedDescription
0x08618F31	rom	sGrowthDescription
0x08618F60	rom	sRazorLeafDescription
0x08618F95	rom	sSolarBeamDescription
0x08618FC8	rom	sPoisonPowderDescription
0x08618FF9	rom	sStunSporeDescription
0x08619026	rom	sSleepPowderDescription
0x08619059	rom	sPetalDanceDescription
0x0861908B	rom	sStringShotDescription
0x086190BA	rom	sDragonRageDescription
0x086190F1	rom	sFireSpinDescription
0x08619123	rom	sThunderShockDescription
0x08619153	rom	sThunderboltDescription
0x08619189	rom	sThunderWaveDescription
0x086191BC	rom	sThunderDescription
0x086191E9	rom	sRockThrowDescription
0x0861920F	rom	sEarthquakeDescription
0x08619243	rom	sFissureDescription
0x08619276	rom	sDigDescription
0x086192AD	rom	sToxicDescription
0x086192D9	rom	sConfusionDescription
0x08619304	rom	sPsychicDescription
0x08619336	rom	sHypnosisDescription
0x08619360	rom	sMeditateDescription
0x08619391	rom	sAgilityDescription
0x086193BA	rom	sQuickAttackDescription
0x086193EE	rom	sRageDescription
0x0861941D	rom	sTeleportDescription
0x0861944F	rom	sNightShadeDescription
0x0861947E	rom	sMimicDescription
0x086194AF	rom	sScreechDescription
0x086194E4	rom	sDoubleTeamDescription
0x08619512	rom	sRecoverDescription
0x0861953D	rom	sHardenDescription
0x0861956C	rom	sMinimizeDescription
0x0861959C	rom	sSmokescreenDescription
0x086195CD	rom	sConfuseRayDescription
0x086195F3	rom	sWithdrawDescription
0x0861962C	rom	sDefenseCurlDescription
0x0861965E	rom	sBarrierDescription
0x0861968D	rom	sLightScreenDescription
0x086196C1	rom	sHazeDescription
0x086196F8	rom	sReflectDescription
0x0861972F	rom	sFocusEnergyDescription
0x0861975E	rom	sBideDescription
0x0861978E	rom	sMetronomeDescription
0x086197C2	rom	sMirrorMoveDescription
0x086197F0	rom	sSelfDestructDescription
0x08619821	rom	sEggBombDescription
0x08619847	rom	sLickDescription
0x0861987E	rom	sSmogDescription
0x086198AA	rom	sSludgeDescription
0x086198DF	rom	sBoneClubDescription
0x0861990F	rom	sFireBlastDescription
0x08619944	rom	sWaterfallDescription
0x08619974	rom	sClampDescription
0x086199A1	rom	sSwiftDescription
0x086199CA	rom	sSkullBashDescription
0x086199FC	rom	sSpikeCannonDescription
0x08619A2C	rom	sConstrictDescription
0x08619A59	rom	sAmnesiaDescription
0x08619A8D	rom	sKinesisDescription
0x08619AB4	rom	sSoftBoiledDescription
0x08619ADF	rom	sHiJumpKickDescription
0x08619B14	rom	sGlareDescription
0x08619B46	rom	sDreamEaterDescription
0x08619B7D	rom	sPoisonGasDescription
0x08619BAE	rom	sBarrageDescription
0x08619BDB	rom	sLeechLifeDescription
0x08619C0C	rom	sLovelyKissDescription
0x08619C41	rom	sSkyAttackDescription
0x08619C76	rom	sTransformDescription
0x08619CAB	rom	sBubbleDescription
0x08619CDF	rom	sDizzyPunchDescription
0x08619D0A	rom	sSporeDescription
0x08619D3F	rom	sFlashDescription
0x08619D74	rom	sPsywaveDescription
0x08619DA6	rom	sSplashDescription
0x08619DD6	rom	sAcidArmorDescription
0x08619E0A	rom	sCrabhammerDescription
0x08619E40	rom	sExplosionDescription
0x08619E71	rom	sFurySwipesDescription
0x08619EA5	rom	sBonemerangDescription
0x08619ED1	rom	sRestDescription
0x08619F07	rom	sRockSlideDescription
0x08619F37	rom	sHyperFangDescription
0x08619F66	rom	sSharpenDescription
0x08619F93	rom	sConversionDescription
0x08619FC5	rom	sTriAttackDescription
0x08619FF2	rom	sSuperFangDescription
0x0861A027	rom	sSlashDescription
0x0861A05F	rom	sSubstituteDescription
0x0861A093	rom	sStruggleDescription
0x0861A0CF	rom	sSketchDescription
0x0861A0F7	rom	sTripleKickDescription
0x0861A12D	rom	sThiefDescription
0x0861A160	rom	sSpiderWebDescription
0x0861A197	rom	sMindReaderDescription
0x0861A1CE	rom	sNightmareDescription
0x0861A200	rom	sFlameWheelDescription
0x0861A22F	rom	sSnoreDescription
0x0861A261	rom	sCurseDescription
0x0861A28F	rom	sFlailDescription
0x0861A2C0	rom	sConversion2Description
0x0861A2F4	rom	sAeroblastDescription
0x0861A328	rom	sCottonSporeDescription
0x0861A359	rom	sReversalDescription
0x0861A38A	rom	sSpiteDescription
0x0861A3B9	rom	sPowderSnowDescription
0x0861A3EF	rom	sProtectDescription
0x0861A422	rom	sMachPunchDescription
0x0861A455	rom	sScaryFaceDescription
0x0861A48A	rom	sFaintAttackDescription
0x0861A4BA	rom	sSweetKissDescription
0x0861A4F0	rom	sBellyDrumDescription
0x0861A517	rom	sSludgeBombDescription
0x0861A54C	rom	sMudSlapDescription
0x0861A580	rom	sOctazookaDescription
0x0861A5B0	rom	sSpikesDescription
0x0861A5DB	rom	sZapCannonDescription
0x0861A611	rom	sForesightDescription
0x0861A644	rom	sDestinyBondDescription
0x0861A677	rom	sPerishSongDescription
0x0861A6A8	rom	sIcyWindDescription
0x0861A6D7	rom	sDetectDescription
0x0861A70A	rom	sBoneRushDescription
0x0861A73C	rom	sLockOnDescription
0x0861A76E	rom	sOutrageDescription
0x0861A7A0	rom	sSandstormDescription
0x0861A7D1	rom	sGigaDrainDescription
0x0861A802	rom	sEndureDescription
0x0861A837	rom	sCharmDescription
0x0861A866	rom	sRolloutDescription
0x0861A897	rom	sFalseSwipeDescription
0x0861A8C9	rom	sSwaggerDescription
0x0861A8FB	rom	sMilkDrinkDescription
0x0861A926	rom	sSparkDescription
0x0861A957	rom	sFuryCutterDescription
0x0861A98A	rom	sSteelWingDescription
0x0861A9B7	rom	sMeanLookDescription
0x0861A9EC	rom	sAttractDescription
0x0861AA1D	rom	sSleepTalkDescription
0x0861AA4B	rom	sHealBellDescription
0x0861AA7F	rom	sReturnDescription
0x0861AAB2	rom	sPresentDescription
0x0861AAE0	rom	sFrustrationDescription
0x0861AB17	rom	sSafeguardDescription
0x0861AB46	rom	sPainSplitDescription
0x0861AB7C	rom	sSacredFireDescription
0x0861ABAC	rom	sMagnitudeDescription
0x0861ABD9	rom	sDynamicPunchDescription
0x0861AC0F	rom	sMegahornDescription
0x0861AC3F	rom	sDragonBreathDescription
0x0861AC73	rom	sBatonPassDescription
0x0861ACA8	rom	sEncoreDescription
0x0861ACDE	rom	sPursuitDescription
0x0861AD12	rom	sRapidSpinDescription
0x0861AD42	rom	sSweetScentDescription
0x0861AD69	rom	sIronTailDescription
0x0861AD9B	rom	sMetalClawDescription
0x0861ADCB	rom	sVitalThrowDescription
0x0861ADFC	rom	sMorningSunDescription
0x0861AE2D	rom	sSynthesisDescription
0x0861AE5E	rom	sMoonlightDescription
0x0861AE8F	rom	sHiddenPowerDescription
0x0861AEB7	rom	sCrossChopDescription
0x0861AEEA	rom	sTwisterDescription
0x0861AF19	rom	sRainDanceDescription
0x0861AF4C	rom	sSunnyDayDescription
0x0861AF7E	rom	sCrunchDescription
0x0861AFAC	rom	sMirrorCoatDescription
0x0861AFE3	rom	sPsychUpDescription
0x0861B015	rom	sExtremeSpeedDescription
0x0861B03C	rom	sAncientPowerDescription
0x0861B060	rom	sShadowBallDescription
0x0861B095	rom	sFutureSightDescription
0x0861B0C4	rom	sRockSmashDescription
0x0861B0F3	rom	sWhirlpoolDescription
0x0861B12C	rom	sBeatUpDescription
0x0861B159	rom	sFakeOutDescription
0x0861B18C	rom	sUproarDescription
0x0861B1C2	rom	sStockpileDescription
0x0861B1E6	rom	sSpitUpDescription
0x0861B217	rom	sSwallowDescription
0x0861B241	rom	sHeatWaveDescription
0x0861B276	rom	sHailDescription
0x0861B2A3	rom	sTormentDescription
0x0861B2D8	rom	sFlatterDescription
0x0861B302	rom	sWillOWispDescription
0x0861B330	rom	sMementoDescription
0x0861B360	rom	sFacadeDescription
0x0861B393	rom	sFocusPunchDescription
0x0861B3C8	rom	sSmellingSaltDescription
0x0861B3FE	rom	sFollowMeDescription
0x0861B431	rom	sNaturePowerDescription
0x0861B466	rom	sChargeDescription
0x0861B49A	rom	sTauntDescription
0x0861B4C7	rom	sHelpingHandDescription
0x0861B4F2	rom	sTrickDescription
0x0861B51A	rom	sRolePlayDescription
0x0861B54C	rom	sWishDescription
0x0861B57C	rom	sAssistDescription
0x0861B5AE	rom	sIngrainDescription
0x0861B5E5	rom	sSuperpowerDescription
0x0861B614	rom	sMagicCoatDescription
0x0861B643	rom	sRecycleDescription
0x0861B66A	rom	sRevengeDescription
0x0861B69C	rom	sBrickBreakDescription
0x0861B6D1	rom	sYawnDescription
0x0861B706	rom	sKnockOffDescription
0x0861B73A	rom	sEndeavorDescription
0x0861B773	rom	sEruptionDescription
0x0861B7A5	rom	sSkillSwapDescription
0x0861B7D7	rom	sImprisonDescription
0x0861B809	rom	sRefreshDescription
0x0861B830	rom	sGrudgeDescription
0x0861B867	rom	sSnatchDescription
0x0861B89C	rom	sSecretPowerDescription
0x0861B8CA	rom	sDiveDescription
0x0861B901	rom	sArmThrustDescription
0x0861B938	rom	sCamouflageDescription
0x0861B96D	rom	sTailGlowDescription
0x0861B99A	rom	sLusterPurgeDescription
0x0861B9CC	rom	sMistBallDescription
0x0861B9FE	rom	sFeatherDanceDescription
0x0861BA33	rom	sTeeterDanceDescription
0x0861BA56	rom	sBlazeKickDescription
0x0861BA90	rom	sMudSportDescription
0x0861BAC7	rom	sIceBallDescription
0x0861BAFC	rom	sNeedleArmDescription
0x0861BB2B	rom	sSlackOffDescription
0x0861BB58	rom	sHyperVoiceDescription
0x0861BB87	rom	sPoisonFangDescription
0x0861BBB8	rom	sCrushClawDescription
0x0861BBEE	rom	sBlastBurnDescription
0x0861BC24	rom	sHydroCannonDescription
0x0861BC5A	rom	sMeteorMashDescription
0x0861BC87	rom	sAstonishDescription
0x0861BCB8	rom	sWeatherBallDescription
0x0861BCEB	rom	sAromatherapyDescription
0x0861BD1C	rom	sFakeTearsDescription
0x0861BD4E	rom	sAirCutterDescription
0x0861BD82	rom	sOverheatDescription
0x0861BDBA	rom	sOdorSleuthDescription
0x0861BDED	rom	sRockTombDescription
0x0861BE22	rom	sSilverWindDescription
0x0861BE4D	rom	sMetalSoundDescription
0x0861BE83	rom	sGrassWhistleDescription
0x0861BEB4	rom	sTickleDescription
0x0861BEE5	rom	sCosmicPowerDescription
0x0861BF15	rom	sWaterSpoutDescription
0x0861BF44	rom	sSignalBeamDescription
0x0861BF74	rom	sShadowPunchDescription
0x0861BFA6	rom	sExtrasensoryDescription
0x0861BFDA	rom	sSkyUppercutDescription
0x0861C009	rom	sSandTombDescription
0x0861C040	rom	sSheerColdDescription
0x0861C073	rom	sMuddyWaterDescription
0x0861C0A1	rom	sBulletSeedDescription
0x0861C0D1	rom	sAerialAceDescription
0x0861C0FD	rom	sIcicleSpearDescription
0x0861C130	rom	sIronDefenseDescription
0x0861C165	rom	sBlockDescription
0x0861C18D	rom	sHowlDescription
0x0861C1BA	rom	sDragonClawDescription
0x0861C1DC	rom	sFrenzyPlantDescription
0x0861C212	rom	sBulkUpDescription
0x0861C246	rom	sBounceDescription
0x0861C279	rom	sMudShotDescription
0x0861C2A1	rom	sPoisonTailDescription
0x0861C2D1	rom	sCovetDescription
0x0861C300	rom	sVoltTackleDescription
0x0861C334	rom	sMagicalLeafDescription
0x0861C367	rom	sWaterSportDescription
0x0861C39C	rom	sCalmMindDescription
0x0861C3CD	rom	sLeafBladeDescription
0x0861C401	rom	sDragonDanceDescription
0x0861C42D	rom	sRockBlastDescription
0x0861C45E	rom	sShockWaveDescription
0x0861C486	rom	sWaterPulseDescription
0x0861C4BA	rom	sDoomDesireDescription
0x0861C4EB	rom	sPsychoBoostDescription
0x0861C524	rom	gMoveDescriptionPointers
0x0861CAAC	rom	sHardyNatureName
0x0861CAB2	rom	sLonelyNatureName
0x0861CAB9	rom	sBraveNatureName
0x0861CABF	rom	sAdamantNatureName
0x0861CAC7	rom	sNaughtyNatureName
0x0861CACF	rom	sBoldNatureName
0x0861CAD4	rom	sDocileNatureName
0x0861CADB	rom	sRelaxedNatureName
0x0861CAE3	rom	sImpishNatureName
0x0861CAEA	rom	sLaxNatureName
0x0861CAEE	rom	sTimidNatureName
0x0861CAF4	rom	sHastyNatureName
0x0861CAFA	rom	sSeriousNatureName
0x0861CB02	rom	sJollyNatureName
0x0861CB08	rom	sNaiveNatureName
0x0861CB0E	rom	sModestNatureName
0x0861CB15	rom	sMildNatureName
0x0861CB1A	rom	sQuietNatureName
0x0861CB20	rom	sBashfulNatureName
0x0861CB28	rom	sRashNatureName
0x0861CB2D	rom	sCalmNatureName
0x0861CB32	rom	sGentleNatureName
0x0861CB39	rom	sSassyNatureName
0x0861CB3F	rom	sCarefulNatureName
0x0861CB47	rom	sQuirkyNatureName
0x0861CB50	rom	gNatureNamePointers
0x0861CBB4	rom	sBgTemplates
0x0861CBC4	rom	sStatusTilemap
0x0861CBEC	rom	sStatusSlidingWindow1
0x0861CBF8	rom	sStatusSlidingWindow2
0x0861CC04	rom	sPowerAccSlidingWindow
0x0861CC10	rom	sAppealJamSlidingWindow
0x0861CC1C	rom	sMultiBattleOrder
0x0861CC24	rom	sSummaryTemplate
0x0861CCCC	rom	sPageInfoTemplate
0x0861CCEC	rom	sPageSkillsTemplate
0x0861CD14	rom	sPageMovesTemplate
0x0861CD2C	rom	sTextColors
0x0861CD53	rom	sButtons_Gfx
0x0861CE54	rom	sTextPrinterFunctions
0x0861CE64	rom	sTextPrinterTasks
0x0861CE74	rom	sMemoNatureTextColor
0x0861CE7B	rom	sMemoMiscTextColor
0x0861CE82	rom	sStatsLeftColumnLayout
0x0861CE8E	rom	sStatsRightColumnLayout
0x0861CE97	rom	sMovesPPLayout
0x0861CEA0	rom	sOamData_MoveTypes
0x0861CEA8	rom	sSpriteAnim_TypeNormal
0x0861CEB0	rom	sSpriteAnim_TypeFighting
0x0861CEB8	rom	sSpriteAnim_TypeFlying
0x0861CEC0	rom	sSpriteAnim_TypePoison
0x0861CEC8	rom	sSpriteAnim_TypeGround
0x0861CED0	rom	sSpriteAnim_TypeRock
0x0861CED8	rom	sSpriteAnim_TypeBug
0x0861CEE0	rom	sSpriteAnim_TypeGhost
0x0861CEE8	rom	sSpriteAnim_TypeSteel
0x0861CEF0	rom	sSpriteAnim_TypeMystery
0x0861CEF8	rom	sSpriteAnim_TypeFire
0x0861CF00	rom	sSpriteAnim_TypeWater
0x0861CF08	rom	sSpriteAnim_TypeGrass
0x0861CF10	rom	sSpriteAnim_TypeElectric
0x0861CF18	rom	sSpriteAnim_TypePsychic
0x0861CF20	rom	sSpriteAnim_TypeIce
0x0861CF28	rom	sSpriteAnim_TypeDragon
0x0861CF30	rom	sSpriteAnim_TypeDark
0x0861CF38	rom	sSpriteAnim_CategoryCool
0x0861CF40	rom	sSpriteAnim_CategoryBeauty
0x0861CF48	rom	sSpriteAnim_CategoryCute
0x0861CF50	rom	sSpriteAnim_CategorySmart
0x0861CF58	rom	sSpriteAnim_CategoryTough
0x0861CF60	rom	sSpriteAnimTable_MoveTypes
0x0861CFBC	rom	sSpriteSheet_MoveTypes
0x0861CFC4	rom	sSpriteTemplate_MoveTypes
0x0861CFDC	rom	sMoveTypeToOamPaletteNum
0x0861CFF4	rom	sOamData_MoveSelector
0x0861CFFC	rom	sSpriteAnim_MoveSelector0
0x0861D004	rom	sSpriteAnim_MoveSelector1
0x0861D00C	rom	sSpriteAnim_MoveSelector2
0x0861D014	rom	sSpriteAnim_MoveSelector3
0x0861D01C	rom	sSpriteAnim_MoveSelectorLeft
0x0861D024	rom	sSpriteAnim_MoveSelectorRight
0x0861D02C	rom	sSpriteAnim_MoveSelectorMiddle
0x0861D034	rom	sSpriteAnim_MoveSelector7
0x0861D03C	rom	sSpriteAnim_MoveSelector8
0x0861D044	rom	sSpriteAnim_MoveSelector9
0x0861D04C	rom	sSpriteAnimTable_MoveSelector
0x0861D074	rom	sMoveSelectorSpriteSheet
0x0861D07C	rom	sMoveSelectorSpritePal
0x0861D084	rom	sMoveSelectorSpriteTemplate
0x0861D09C	rom	sOamData_StatusCondition
0x0861D0A4	rom	sSpriteAnim_StatusPoison
0x0861D0AC	rom	sSpriteAnim_StatusParalyzed
0x0861D0B4	rom	sSpriteAnim_StatusSleep
0x0861D0BC	rom	sSpriteAnim_StatusFrozen
0x0861D0C4	rom	sSpriteAnim_StatusBurn
0x0861D0CC	rom	sSpriteAnim_StatusPokerus
0x0861D0D4	rom	sSpriteAnim_StatusFaint
0x0861D0DC	rom	sSpriteAnimTable_StatusCondition
0x0861D0F8	rom	sStatusIconsSpriteSheet
0x0861D100	rom	sStatusIconsSpritePalette
0x0861D108	rom	sSpriteTemplate_StatusCondition
0x0861D120	rom	sMarkings_Pal
0x0861D140	rom	sPokedexAreaMap_Pal
0x0861D1A0	rom	sPokedexAreaMap_Gfx
0x0861DEF4	rom	sPokedexAreaMap_Tilemap
0x0861E208	rom	sPokedexAreaMapAffine_Gfx
0x0861EF64	rom	sPokedexAreaMapAffine_Tilemap
0x0861F2B4	rom	sBgTemplates
0x0861F2C0	rom	sListMenuTemplate
0x0861F2D8	rom	sMenuActions
0x0861F308	rom	sMenuActionIds_Field
0x0861F30C	rom	sMenuActionIds_ChooseToss
0x0861F30E	rom	sMenuActionIds_Battle
0x0861F310	rom	sMenuActionIds_BattleCannotUse
0x0861F314	rom	sYesNoTossFuncions
0x0861F31C	rom	sTextColors
0x0861F328	rom	sWindowTemplates
0x0861F350	rom	sWindowTemplates_MenuActions
0x0861F378	rom	sOamData_PyramidBag
0x0861F380	rom	sAnim_PyramidBag
0x0861F388	rom	sAnims_PyramidBag
0x0861F38C	rom	sAffineAnim_PyramidBag_Still
0x0861F39C	rom	sAffineAnim_PyramidBag_Shake
0x0861F3C4	rom	sAffineAnims_PyramidBag
0x0861F3CC	rom	sSpriteSheet_PyramidBag
0x0861F3D4	rom	sSpriteTemplate_PyramidBag
0x0861F3EC	rom	PokenavMenuCallbacks
0x0861F590	rom	sSpinningPokenav_Pal
0x0861F5B0	rom	sSpinningPokenav_Gfx
0x0861F994	rom	sBlueLightCopy
0x0861FA04	rom	gPokenavMainMenuBgTemplates
0x0861FA08	rom	sHelpBarWindowTemplate
0x0861FA18	rom	sHelpBarTexts
0x0861FA48	rom	sHelpBarTextColors
0x0861FA4C	rom	sSpinningPokenavSpriteSheet
0x0861FA54	rom	sSpinningNavgearPalettes
0x0861FA64	rom	sMenuLeftHeaderSpriteSheet
0x0861FA6C	rom	sMenuLeftHeaderSpriteSheets
0x0861FA9C	rom	sPokenavSubMenuLeftHeaderSpriteSheets
0x0861FAD4	rom	sSpinningPokenavSpriteOam
0x0861FADC	rom	sSpinningPokenavAnims
0x0861FB00	rom	sSpinningPokenavAnimTable
0x0861FB04	rom	sSpinningPokenavSpriteTemplate
0x0861FB1C	rom	sOamData_LeftHeader
0x0861FB24	rom	sOamData_SubmenuLeftHeader
0x0861FB2C	rom	sLeftHeaderSpriteTemplate
0x0861FB44	rom	sSubmenuLeftHeaderSpriteTemplate
0x0861FB5C	rom	sListArrow_Pal
0x0861FB7C	rom	sListArrow_Gfx
0x0861FBF7	rom	lineOffsets.111
0x0861FBFC	rom	sListArrowSpriteSheets
0x0861FC04	rom	sListArrowPalettes
0x0861FC14	rom	sOamData_RightArrow
0x0861FC1C	rom	sSpriteTemplate_RightArrow
0x0861FC34	rom	sOamData_UpDownArrow
0x0861FC3C	rom	sSpriteTemplate_UpDownArrow
0x0861FC54	rom	sLastCursorPositions
0x0861FC59	rom	sMenuItems
0x0861FC78	rom	sPokenavBgDotsPal
0x0861FC98	rom	sPokenavBgDotsTiles
0x0861FCAC	rom	sPokenavBgDotsTilemap
0x0861FD4C	rom	sPokenavDeviceBgPal
0x0861FD6C	rom	sPokenavDeviceBgTiles
0x0861FFF4	rom	sPokenavDeviceBgTilemap
0x08620104	rom	sMatchCallBlueLightPal
0x08620124	rom	sMatchCallBlueLightTiles
0x08620194	rom	sPokenavMainMenuBgTemplates
0x086201A0	rom	sMenuHandlerLoopTaskFuncs
0x086201C4	rom	sPokenavOptionsSpriteSheets
0x086201D4	rom	sPokenavOptionsSpritePalettes
0x0862020C	rom	sOptionsLabelGfx_RegionMap
0x08620210	rom	sOptionsLabelGfx_Condition
0x08620214	rom	sOptionsLabelGfx_MatchCall
0x08620218	rom	sOptionsLabelGfx_Ribbons
0x0862021C	rom	sOptionsLabelGfx_SwitchOff
0x08620220	rom	sOptionsLabelGfx_Party
0x08620224	rom	sOptionsLabelGfx_Search
0x08620228	rom	sOptionsLabelGfx_Cool
0x0862022C	rom	sOptionsLabelGfx_Beauty
0x08620230	rom	sOptionsLabelGfx_Cute
0x08620234	rom	sOptionsLabelGfx_Smart
0x08620238	rom	sOptionsLabelGfx_Tough
0x0862023C	rom	sOptionsLabelGfx_Cancel
0x08620240	rom	sPokenavMenuOptionLabelGfx
0x086202CC	rom	sOptionDescWindowTemplate
0x086202D4	rom	sPageDescriptions
0x0862030C	rom	sOptionDescTextColors
0x0862030F	rom	sOptionDescTextColors2
0x08620314	rom	sOamData_MenuOption
0x0862031C	rom	sAffineAnim_MenuOption_Normal
0x0862032C	rom	sAffineAnim_MenuOption_Zoom
0x08620344	rom	sAffineAnims_MenuOption
0x0862034C	rom	sMenuOptionSpriteTemplate
0x08620364	rom	sBlueLightOamData
0x0862036C	rom	sMatchCallBlueLightSpriteTemplate
0x08620384	rom	sPokenavMainMenuScanlineEffectParams
0x08620390	rom	gText_MatchCallAromaLady_Rose_Strategy
0x086203AA	rom	gText_MatchCallAromaLady_Rose_Pokemon
0x086203C2	rom	gText_MatchCallAromaLady_Rose_Intro1
0x086203DB	rom	gText_MatchCallAromaLady_Rose_Intro2
0x086203F2	rom	gText_MatchCallRuinManiac_Andres_Strategy
0x0862040D	rom	gText_MatchCallRuinManiac_Andres_Pokemon
0x08620428	rom	gText_MatchCallRuinManiac_Andres_Intro1
0x08620444	rom	gText_MatchCallRuinManiac_Andres_Intro2
0x08620456	rom	gText_MatchCallRuinManiac_Dusty_Strategy
0x0862046C	rom	gText_MatchCallRuinManiac_Dusty_Pokemon
0x08620481	rom	gText_MatchCallRuinManiac_Dusty_Intro1
0x0862049C	rom	gText_MatchCallRuinManiac_Dusty_Intro2
0x086204B0	rom	gText_MatchCallTuber_Lola_Strategy
0x086204C7	rom	gText_MatchCallTuber_Lola_Pokemon
0x086204DD	rom	gText_MatchCallTuber_Lola_Intro1
0x086204F9	rom	gText_MatchCallTuber_Lola_Intro2
0x0862050E	rom	gText_MatchCallTuber_Ricky_Strategy
0x0862052B	rom	gText_MatchCallTuber_Ricky_Pokemon
0x08620546	rom	gText_MatchCallTuber_Ricky_Intro1
0x08620562	rom	gText_MatchCallTuber_Ricky_Intro2
0x0862057D	rom	gText_MatchCallSisAndBro_LilaAndRoy_Strategy
0x08620592	rom	gText_MatchCallSisAndBro_LilaAndRoy_Pokemon
0x086205AC	rom	gText_MatchCallSisAndBro_LilaAndRoy_Intro1
0x086205C6	rom	gText_MatchCallSisAndBro_LilaAndRoy_Intro2
0x086205DD	rom	gText_MatchCallCooltrainer_Cristin_Strategy
0x086205F8	rom	gText_MatchCallCooltrainer_Cristin_Pokemon
0x08620612	rom	gText_MatchCallCooltrainer_Cristin_Intro1
0x0862062F	rom	gText_MatchCallCooltrainer_Cristin_Intro2
0x08620638	rom	gText_MatchCallCooltrainer_Brooke_Strategy
0x08620654	rom	gText_MatchCallCooltrainer_Brooke_Pokemon
0x08620668	rom	gText_MatchCallCooltrainer_Brooke_Intro1
0x08620681	rom	gText_MatchCallCooltrainer_Brooke_Intro2
0x08620693	rom	gText_MatchCallCooltrainer_Wilton_Strategy
0x086206A7	rom	gText_MatchCallCooltrainer_Wilton_Pokemon
0x086206BC	rom	gText_MatchCallCooltrainer_Wilton_Intro1
0x086206D5	rom	gText_MatchCallCooltrainer_Wilton_Intro2
0x086206E7	rom	gText_MatchCallHexManiac_Valerie_Strategy
0x086206FF	rom	gText_MatchCallHexManiac_Valerie_Pokemon
0x08620717	rom	gText_MatchCallHexManiac_Valerie_Intro1
0x08620730	rom	gText_MatchCallHexManiac_Valerie_Intro2
0x0862073D	rom	gText_MatchCallLady_Cindy_Strategy
0x0862074E	rom	gText_MatchCallLady_Cindy_Pokemon
0x0862075D	rom	gText_MatchCallLady_Cindy_Intro1
0x08620779	rom	gText_MatchCallLady_Cindy_Intro2
0x0862078D	rom	gText_MatchCallBeauty_Thalia_Strategy
0x086207A9	rom	gText_MatchCallBeauty_Thalia_Pokemon
0x086207BC	rom	gText_MatchCallBeauty_Thalia_Intro1
0x086207D7	rom	gText_MatchCallBeauty_Thalia_Intro2
0x086207F4	rom	gText_MatchCallBeauty_Jessica_Strategy
0x0862080A	rom	gText_MatchCallBeauty_Jessica_Pokemon
0x0862081B	rom	gText_MatchCallBeauty_Jessica_Intro1
0x08620833	rom	gText_MatchCallBeauty_Jessica_Intro2
0x0862084B	rom	gText_MatchCallRichBoy_Winston_Strategy
0x08620863	rom	gText_MatchCallRichBoy_Winston_Pokemon
0x0862087C	rom	gText_MatchCallRichBoy_Winston_Intro1
0x08620896	rom	gText_MatchCallRichBoy_Winston_Intro2
0x086208AA	rom	gText_MatchCallPokeManiac_Steve_Strategy
0x086208C3	rom	gText_MatchCallPokeManiac_Steve_Pokemon
0x086208DC	rom	gText_MatchCallPokeManiac_Steve_Intro1
0x086208F1	rom	gText_MatchCallPokeManiac_Steve_Intro2
0x08620909	rom	gText_MatchCallSwimmer_Tony_Strategy
0x0862091C	rom	gText_MatchCallSwimmer_Tony_Pokemon
0x0862092E	rom	gText_MatchCallSwimmer_Tony_Intro1
0x0862094A	rom	gText_MatchCallSwimmer_Tony_Intro2
0x08620963	rom	gText_MatchCallBlackBelt_Nob_Strategy
0x08620979	rom	gText_MatchCallBlackBelt_Nob_Pokemon
0x08620988	rom	gText_MatchCallBlackBelt_Nob_Intro1
0x086209A4	rom	gText_MatchCallBlackBelt_Nob_Intro2
0x086209B4	rom	gText_MatchCallBlackBelt_Koji_Strategy
0x086209CA	rom	gText_MatchCallBlackBelt_Koji_Pokemon
0x086209E3	rom	gText_MatchCallBlackBelt_Koji_Intro1
0x086209FD	rom	gText_MatchCallBlackBelt_Koji_Intro2
0x08620A18	rom	gText_MatchCallGuitarist_Fernando_Strategy
0x08620A31	rom	gText_MatchCallGuitarist_Fernando_Pokemon
0x08620A4B	rom	gText_MatchCallGuitarist_Fernando_Intro1
0x08620A66	rom	gText_MatchCallGuitarist_Fernando_Intro2
0x08620A78	rom	gText_MatchCallGuitarist_Dalton_Strategy
0x08620A8C	rom	gText_MatchCallGuitarist_Dalton_Pokemon
0x08620A9E	rom	gText_MatchCallGuitarist_Dalton_Intro1
0x08620AB8	rom	gText_MatchCallGuitarist_Dalton_Intro2
0x08620AD2	rom	gText_MatchCallKindler_Bernie_Strategy
0x08620AE4	rom	gText_MatchCallKindler_Bernie_Pokemon
0x08620AFB	rom	gText_MatchCallKindler_Bernie_Intro1
0x08620B16	rom	gText_MatchCallKindler_Bernie_Intro2
0x08620B32	rom	gText_MatchCallCamper_Ethan_Strategy
0x08620B4C	rom	gText_MatchCallCamper_Ethan_Pokemon
0x08620B64	rom	gText_MatchCallCamper_Ethan_Intro1
0x08620B7F	rom	gText_MatchCallCamper_Ethan_Intro2
0x08620B8C	rom	gText_MatchCallOldCouple_JohnAndJay_Strategy
0x08620BA6	rom	gText_MatchCallOldCouple_JohnAndJay_Pokemon
0x08620BC0	rom	gText_MatchCallOldCouple_JohnAndJay_Intro1
0x08620BD8	rom	gText_MatchCallOldCouple_JohnAndJay_Intro2
0x08620BF2	rom	gText_MatchCallBugManiac_Jeffrey_Strategy
0x08620C03	rom	gText_MatchCallBugManiac_Jeffrey_Pokemon
0x08620C19	rom	gText_MatchCallBugManiac_Jeffrey_Intro1
0x08620C34	rom	gText_MatchCallBugManiac_Jeffrey_Intro2
0x08620C4E	rom	gText_MatchCallPsychic_Cameron_Strategy
0x08620C60	rom	gText_MatchCallPsychic_Cameron_Pokemon
0x08620C78	rom	gText_MatchCallPsychic_Cameron_Intro1
0x08620C92	rom	gText_MatchCallPsychic_Cameron_Intro2
0x08620CA8	rom	gText_MatchCallPsychic_Jacki_Strategy
0x08620CBE	rom	gText_MatchCallPsychic_Jacki_Pokemon
0x08620CD9	rom	gText_MatchCallPsychic_Jacki_Intro1
0x08620CF5	rom	gText_MatchCallPsychic_Jacki_Intro2
0x08620D06	rom	gText_MatchCallGentleman_Walter_Strategy
0x08620D1A	rom	gText_MatchCallGentleman_Walter_Pokemon
0x08620D32	rom	gText_MatchCallGentleman_Walter_Intro1
0x08620D49	rom	gText_MatchCallGentleman_Walter_Intro2
0x08620D63	rom	gText_MatchCallSchoolKid_Karen_Strategy
0x08620D7C	rom	gText_MatchCallSchoolKid_Karen_Pokemon
0x08620D98	rom	gText_MatchCallSchoolKid_Karen_Intro1
0x08620DB3	rom	gText_MatchCallSchoolKid_Karen_Intro2
0x08620DCA	rom	gText_MatchCallSchoolKid_Jerry_Strategy
0x08620DDE	rom	gText_MatchCallSchoolKid_Jerry_Pokemon
0x08620DF1	rom	gText_MatchCallSchoolKid_Jerry_Intro1
0x08620E08	rom	gText_MatchCallSchoolKid_Jerry_Intro2
0x08620E22	rom	gText_MatchCallSrAndJr_AnnaAndMeg_Strategy
0x08620E39	rom	gText_MatchCallSrAndJr_AnnaAndMeg_Pokemon
0x08620E54	rom	gText_MatchCallSrAndJr_AnnaAndMeg_Intro1
0x08620E6C	rom	gText_MatchCallSrAndJr_AnnaAndMeg_Intro2
0x08620E83	rom	gText_MatchCallPokefan_Isabel_Strategy
0x08620E98	rom	gText_MatchCallPokefan_Isabel_Pokemon
0x08620EB5	rom	gText_MatchCallPokefan_Isabel_Intro1
0x08620ECC	rom	gText_MatchCallPokefan_Isabel_Intro2
0x08620EE2	rom	gText_MatchCallPokefan_Miguel_Strategy
0x08620EF6	rom	gText_MatchCallPokefan_Miguel_Pokemon
0x08620F12	rom	gText_MatchCallPokefan_Miguel_Intro1
0x08620F2A	rom	gText_MatchCallPokefan_Miguel_Intro2
0x08620F43	rom	gText_MatchCallExpert_Timothy_Strategy
0x08620F5D	rom	gText_MatchCallExpert_Timothy_Pokemon
0x08620F76	rom	gText_MatchCallExpert_Timothy_Intro1
0x08620F90	rom	gText_MatchCallExpert_Timothy_Intro2
0x08620FA2	rom	gText_MatchCallExpert_Shelby_Strategy
0x08620FBA	rom	gText_MatchCallExpert_Shelby_Pokemon
0x08620FCD	rom	gText_MatchCallExpert_Shelby_Intro1
0x08620FE6	rom	gText_MatchCallExpert_Shelby_Intro2
0x08620FF9	rom	gText_MatchCallYoungster_Calvin_Strategy
0x0862100A	rom	gText_MatchCallYoungster_Calvin_Pokemon
0x08621021	rom	gText_MatchCallYoungster_Calvin_Intro1
0x0862103B	rom	gText_MatchCallYoungster_Calvin_Intro2
0x08621056	rom	gText_MatchCallFisherman_Elliot_Strategy
0x0862106A	rom	gText_MatchCallFisherman_Elliot_Pokemon
0x08621083	rom	gText_MatchCallFisherman_Elliot_Intro1
0x0862109F	rom	gText_MatchCallFisherman_Elliot_Intro2
0x086210B5	rom	gText_MatchCallTriathlete_Isaiah_Strategy
0x086210CE	rom	gText_MatchCallTriathlete_Isaiah_Pokemon
0x086210E7	rom	gText_MatchCallTriathlete_Isaiah_Intro1
0x08621101	rom	gText_MatchCallTriathlete_Isaiah_Intro2
0x08621114	rom	gText_MatchCallTriathlete_Maria_Strategy
0x08621125	rom	gText_MatchCallTriathlete_Maria_Pokemon
0x0862113D	rom	gText_MatchCallTriathlete_Maria_Intro1
0x08621157	rom	gText_MatchCallTriathlete_Maria_Intro2
0x0862116E	rom	gText_MatchCallTriathlete_Abigail_Strategy
0x08621182	rom	gText_MatchCallTriathlete_Abigail_Pokemon
0x08621197	rom	gText_MatchCallTriathlete_Abigail_Intro1
0x086211B3	rom	gText_MatchCallTriathlete_Abigail_Intro2
0x086211CC	rom	gText_MatchCallTriathlete_Dylan_Strategy
0x086211E4	rom	gText_MatchCallTriathlete_Dylan_Pokemon
0x086211FC	rom	gText_MatchCallTriathlete_Dylan_Intro1
0x08621216	rom	gText_MatchCallTriathlete_Dylan_Intro2
0x08621230	rom	gText_MatchCallTriathlete_Katelyn_Strategy
0x08621243	rom	gText_MatchCallTriathlete_Katelyn_Pokemon
0x08621257	rom	gText_MatchCallTriathlete_Katelyn_Intro1
0x08621270	rom	gText_MatchCallTriathlete_Katelyn_Intro2
0x0862127B	rom	gText_MatchCallTriathlete_Benjamin_Strategy
0x08621290	rom	gText_MatchCallTriathlete_Benjamin_Pokemon
0x086212A7	rom	gText_MatchCallTriathlete_Benjamin_Intro1
0x086212BF	rom	gText_MatchCallTriathlete_Benjamin_Intro2
0x086212DA	rom	gText_MatchCallTriathlete_Pablo_Strategy
0x086212F3	rom	gText_MatchCallTriathlete_Pablo_Pokemon
0x0862130C	rom	gText_MatchCallTriathlete_Pablo_Intro1
0x08621326	rom	gText_MatchCallTriathlete_Pablo_Intro2
0x08621342	rom	gText_MatchCallDragonTamer_Nicolas_Strategy
0x0862135C	rom	gText_MatchCallDragonTamer_Nicolas_Pokemon
0x08621376	rom	gText_MatchCallDragonTamer_Nicolas_Intro1
0x08621393	rom	gText_MatchCallDragonTamer_Nicolas_Intro2
0x086213A6	rom	gText_MatchCallBirdKeeper_Robert_Strategy
0x086213C2	rom	gText_MatchCallBirdKeeper_Robert_Pokemon
0x086213DC	rom	gText_MatchCallBirdKeeper_Robert_Intro1
0x086213F8	rom	gText_MatchCallBirdKeeper_Robert_Intro2
0x0862140B	rom	gText_MatchCallNinjaBoy_Lao_Strategy
0x08621426	rom	gText_MatchCallNinjaBoy_Lao_Pokemon
0x08621439	rom	gText_MatchCallNinjaBoy_Lao_Intro1
0x08621451	rom	gText_MatchCallNinjaBoy_Lao_Intro2
0x0862146C	rom	gText_MatchCallBattleGirl_Cyndy_Strategy
0x08621483	rom	gText_MatchCallBattleGirl_Cyndy_Pokemon
0x08621499	rom	gText_MatchCallBattleGirl_Cyndy_Intro1
0x086214AD	rom	gText_MatchCallBattleGirl_Cyndy_Intro2
0x086214C6	rom	gText_MatchCallParasolLady_Madeline_Strategy
0x086214DA	rom	gText_MatchCallParasolLady_Madeline_Pokemon
0x086214EF	rom	gText_MatchCallParasolLady_Madeline_Intro1
0x08621507	rom	gText_MatchCallParasolLady_Madeline_Intro2
0x0862151D	rom	gText_MatchCallSwimmer_Jenny_Strategy
0x08621527	rom	gText_MatchCallSwimmer_Jenny_Pokemon
0x0862153B	rom	gText_MatchCallSwimmer_Jenny_Intro1
0x08621551	rom	gText_MatchCallSwimmer_Jenny_Intro2
0x0862156A	rom	gText_MatchCallPicnicker_Diana_Strategy
0x08621585	rom	gText_MatchCallPicnicker_Diana_Pokemon
0x08621599	rom	gText_MatchCallPicnicker_Diana_Intro1
0x086215AF	rom	gText_MatchCallPicnicker_Diana_Intro2
0x086215BC	rom	gText_MatchCallTwins_AmyAndLiv_Strategy
0x086215D0	rom	gText_MatchCallTwins_AmyAndLiv_Pokemon
0x086215E3	rom	gText_MatchCallTwins_AmyAndLiv_Intro1
0x086215FD	rom	gText_MatchCallTwins_AmyAndLiv_Intro2
0x08621615	rom	gText_MatchCallSailor_Ernest_Strategy
0x08621630	rom	gText_MatchCallSailor_Ernest_Pokemon
0x0862164A	rom	gText_MatchCallSailor_Ernest_Intro1
0x08621664	rom	gText_MatchCallSailor_Ernest_Intro2
0x08621674	rom	gText_MatchCallSailor_Cory_Strategy
0x0862168C	rom	gText_MatchCallSailor_Cory_Pokemon
0x086216A8	rom	gText_MatchCallSailor_Cory_Intro1
0x086216C3	rom	gText_MatchCallSailor_Cory_Intro2
0x086216E0	rom	gText_MatchCallCollector_Edwin_Strategy
0x086216FB	rom	gText_MatchCallCollector_Edwin_Pokemon
0x08621710	rom	gText_MatchCallCollector_Edwin_Intro1
0x0862172A	rom	gText_MatchCallCollector_Edwin_Intro2
0x08621740	rom	gText_MatchCallPkmnBreeder_Lydia_Strategy
0x08621752	rom	gText_MatchCallPkmnBreeder_Lydia_Pokemon
0x0862176B	rom	gText_MatchCallPkmnBreeder_Lydia_Intro1
0x08621782	rom	gText_MatchCallPkmnBreeder_Lydia_Intro2
0x08621799	rom	gText_MatchCallPkmnBreeder_Isaac_Strategy
0x086217A9	rom	gText_MatchCallPkmnBreeder_Isaac_Pokemon
0x086217C2	rom	gText_MatchCallPkmnBreeder_Isaac_Intro1
0x086217D9	rom	gText_MatchCallPkmnBreeder_Isaac_Intro2
0x086217F5	rom	gText_MatchCallPkmnBreeder_Gabrielle_Strategy
0x08621810	rom	gText_MatchCallPkmnBreeder_Gabrielle_Pokemon
0x08621826	rom	gText_MatchCallPkmnBreeder_Gabrielle_Intro1
0x0862183E	rom	gText_MatchCallPkmnBreeder_Gabrielle_Intro2
0x08621851	rom	gText_MatchCallPkmnRanger_Catherine_Strategy
0x0862186A	rom	gText_MatchCallPkmnRanger_Catherine_Pokemon
0x08621881	rom	gText_MatchCallPkmnRanger_Catherine_Intro1
0x08621899	rom	gText_MatchCallPkmnRanger_Catherine_Intro2
0x086218AF	rom	gText_MatchCallPkmnRanger_Jackson_Strategy
0x086218C0	rom	gText_MatchCallPkmnRanger_Jackson_Pokemon
0x086218D7	rom	gText_MatchCallPkmnRanger_Jackson_Intro1
0x086218F0	rom	gText_MatchCallPkmnRanger_Jackson_Intro2
0x08621908	rom	gText_MatchCallLass_Haley_Strategy
0x08621921	rom	gText_MatchCallLass_Haley_Pokemon
0x0862193C	rom	gText_MatchCallLass_Haley_Intro1
0x08621955	rom	gText_MatchCallLass_Haley_Intro2
0x0862196C	rom	gText_MatchCallBugCatcher_James_Strategy
0x08621983	rom	gText_MatchCallBugCatcher_James_Pokemon
0x0862199D	rom	gText_MatchCallBugCatcher_James_Intro1
0x086219B6	rom	gText_MatchCallBugCatcher_James_Intro2
0x086219CE	rom	gText_MatchCallHiker_Trent_Strategy
0x086219E3	rom	gText_MatchCallHiker_Trent_Pokemon
0x086219F8	rom	gText_MatchCallHiker_Trent_Intro1
0x08621A13	rom	gText_MatchCallHiker_Trent_Intro2
0x08621A25	rom	gText_MatchCallHiker_Sawyer_Strategy
0x08621A34	rom	gText_MatchCallHiker_Sawyer_Pokemon
0x08621A41	rom	gText_MatchCallHiker_Sawyer_Intro1
0x08621A5C	rom	gText_MatchCallHiker_Sawyer_Intro2
0x08621A72	rom	gText_MatchCallYoungCouple_LoisAndHal_Strategy
0x08621A88	rom	gText_MatchCallYoungCouple_LoisAndHal_Pokemon
0x08621A9D	rom	gText_MatchCallYoungCouple_LoisAndHal_Intro1
0x08621AB0	rom	gText_MatchCallYoungCouple_LoisAndHal_Intro2
0x08621AC5	rom	gText_MatchCallPkmnTrainer_Wally_Strategy
0x08621ADD	rom	gText_MatchCallPkmnTrainer_Wally_Pokemon
0x08621AF7	rom	gText_MatchCallPkmnTrainer_Wally_Intro1
0x08621B10	rom	gText_MatchCallPkmnTrainer_Wally_Intro2
0x08621B23	rom	gText_MatchCallRockinWhiz_Roxanne_Strategy
0x08621B3B	rom	gText_MatchCallRockinWhiz_Roxanne_Pokemon
0x08621B57	rom	gText_MatchCallRockinWhiz_Roxanne_Intro1
0x08621B73	rom	gText_MatchCallRockinWhiz_Roxanne_Intro2
0x08621B8C	rom	gText_MatchCallTheBigHit_Brawly_Strategy
0x08621BA4	rom	gText_MatchCallTheBigHit_Brawly_Pokemon
0x08621BBB	rom	gText_MatchCallTheBigHit_Brawly_Intro1
0x08621BD6	rom	gText_MatchCallTheBigHit_Brawly_Intro2
0x08621BE5	rom	gText_MatchCallSwellShock_Wattson_Strategy
0x08621BFC	rom	gText_MatchCallSwellShock_Wattson_Pokemon
0x08621C18	rom	gText_MatchCallSwellShock_Wattson_Intro1
0x08621C2F	rom	gText_MatchCallSwellShock_Wattson_Intro2
0x08621C47	rom	gText_MatchCallPassionBurn_Flannery_Strategy
0x08621C5C	rom	gText_MatchCallPassionBurn_Flannery_Pokemon
0x08621C6F	rom	gText_MatchCallPassionBurn_Flannery_Intro1
0x08621C8A	rom	gText_MatchCallPassionBurn_Flannery_Intro2
0x08621CA2	rom	gText_MatchCallReliableOne_Dad_Strategy
0x08621CBD	rom	gText_MatchCallReliableOne_Dad_Pokemon
0x08621CD9	rom	gText_MatchCallReliableOne_Dad_Intro1
0x08621CF4	rom	gText_MatchCallReliableOne_Dad_Intro2
0x08621D0C	rom	gText_MatchCallSkyTamer_Winona_Strategy
0x08621D27	rom	gText_MatchCallSkyTamer_Winona_Pokemon
0x08621D3D	rom	gText_MatchCallSkyTamer_Winona_Intro1
0x08621D56	rom	gText_MatchCallSkyTamer_Winona_Intro2
0x08621D6F	rom	gText_MatchCallMysticDuo_TateAndLiza_Strategy
0x08621D89	rom	gText_MatchCallMysticDuo_TateAndLiza_Pokemon
0x08621DA2	rom	gText_MatchCallMysticDuo_TateAndLiza_Intro1
0x08621DBB	rom	gText_MatchCallMysticDuo_TateAndLiza_Intro2
0x08621DD0	rom	gText_MatchCallDandyCharm_Juan_Strategy
0x08621DEB	rom	gText_MatchCallDandyCharm_Juan_Pokemon
0x08621E00	rom	gText_MatchCallDandyCharm_Juan_Intro1
0x08621E1B	rom	gText_MatchCallDandyCharm_Juan_Intro2
0x08621E38	rom	gText_MatchCallEliteFour_Sidney_Strategy
0x08621E4E	rom	gText_MatchCallEliteFour_Sidney_Pokemon
0x08621E68	rom	gText_MatchCallEliteFour_Sidney_Intro1
0x08621E84	rom	gText_MatchCallEliteFour_Sidney_Intro2
0x08621E9F	rom	gText_MatchCallEliteFour_Phoebe_Strategy
0x08621EB5	rom	gText_MatchCallEliteFour_Phoebe_Pokemon
0x08621ECF	rom	gText_MatchCallEliteFour_Phoebe_Intro1
0x08621EEA	rom	gText_MatchCallEliteFour_Phoebe_Intro2
0x08621EFD	rom	gText_MatchCallEliteFour_Glacia_Strategy
0x08621F13	rom	gText_MatchCallEliteFour_Glacia_Pokemon
0x08621F30	rom	gText_MatchCallEliteFour_Glacia_Intro1
0x08621F4B	rom	gText_MatchCallEliteFour_Glacia_Intro2
0x08621F65	rom	gText_MatchCallEliteFour_Drake_Strategy
0x08621F7F	rom	gText_MatchCallEliteFour_Drake_Pokemon
0x08621F99	rom	gText_MatchCallEliteFour_Drake_Intro1
0x08621FB2	rom	gText_MatchCallEliteFour_Drake_Intro2
0x08621FC9	rom	gText_MatchCallChampion_Wallace_Strategy
0x08621FDE	rom	gText_MatchCallChampion_Wallace_Pokemon
0x08621FF9	rom	gText_MatchCallChampion_Wallace_Intro1
0x0862200F	rom	gText_MatchCallChampion_Wallace_Intro2
0x08622028	rom	gMatchCallFlavorTexts
0x08622508	rom	sMatchCallOptionsNoCheckPage
0x0862250A	rom	sMatchCallOptionsHasCheckPage
0x08622510	rom	sMatchCallUI_Pal
0x08622530	rom	sMatchCallUI_Gfx
0x086225D4	rom	sMatchCallUI_Tilemap
0x08622698	rom	sOptionsCursor_Pal
0x086226B8	rom	sOptionsCursor_Gfx
0x086226E0	rom	sCallWindow_Pal
0x08622700	rom	sListWindow_Pal
0x08622720	rom	sPokeball_Pal
0x08622760	rom	sPokeball_Gfx
0x0862278C	rom	sMatchCallBgTemplates
0x08622798	rom	sMatchCallLoopTaskFuncs
0x086227D8	rom	sMatchCallLocationWindowTemplate
0x086227E0	rom	sMatchCallInfoBoxWindowTemplate
0x086227E8	rom	sMatchCallOptionTexts
0x086227F4	rom	sText_CallingDots
0x08622808	rom	sCallMsgBoxWindowTemplate
0x08622810	rom	sOptionsCursorSpriteSheets
0x08622818	rom	sOptionsCursorSpritePalettes
0x08622828	rom	sOptionsCursorOamData
0x08622830	rom	sOptionsCursorSpriteTemplate
0x08622848	rom	sTrainerPicOamData
0x08622850	rom	sTrainerPicSpriteTemplate
0x08622868	rom	sMapSecInfoWindow_Pal
0x08622888	rom	sRegionMapCityZoomTiles_Gfx
0x08622A7C	rom	gPokenavCityMap_Lavaridge_0
0x08622AC0	rom	gPokenavCityMap_Fallarbor_0
0x08622B08	rom	gPokenavCityMap_Fortree_0
0x08622B58	rom	gPokenavCityMap_Slateport_0
0x08622BB8	rom	gPokenavCityMap_Slateport_1
0x08622C04	rom	gPokenavCityMap_Rustboro_0
0x08622C58	rom	gPokenavCityMap_Rustboro_1
0x08622CAC	rom	gPokenavCityMap_Pacifidlog_0
0x08622CEC	rom	gPokenavCityMap_Mauville_1
0x08622D44	rom	gPokenavCityMap_Mauville_0
0x08622D98	rom	gPokenavCityMap_Oldale_0
0x08622DC8	rom	gPokenavCityMap_Lilycove_1
0x08622E14	rom	gPokenavCityMap_Lilycove_0
0x08622E6C	rom	gPokenavCityMap_Littleroot_0
0x08622E9C	rom	gPokenavCityMap_Dewford_0
0x08622ED4	rom	gPokenavCityMap_Sootopolis_0
0x08622F14	rom	gPokenavCityMap_EverGrande_0
0x08622F5C	rom	gPokenavCityMap_EverGrande_1
0x08622FA0	rom	gPokenavCityMap_Verdanturf_0
0x08622FD8	rom	gPokenavCityMap_Mossdeep_1
0x08623020	rom	gPokenavCityMap_Mossdeep_0
0x0862307C	rom	gPokenavCityMap_Petalburg_0
0x086230D8	rom	sRegionMapBgTemplates
0x086230E4	rom	sRegionMapLoopTaskFuncs
0x086230F8	rom	sCityZoomTextSpriteSheet
0x08623100	rom	sCityZoomTilesSpritePalette
0x08623110	rom	sMapSecInfoWindowTemplate
0x08623118	rom	sPokenavCityMaps
0x086231C8	rom	sCityZoomTextSprite_OamData
0x086231D0	rom	sCityZoomTextSpriteTemplate
0x086231E8	rom	gConditionGraphData_Pal
0x08623208	rom	gConditionText_Pal
0x08623228	rom	sConditionGraphData_Gfx
0x0862323C	rom	sConditionGraphData_Tilemap
0x08623338	rom	sMonMarkings_Pal
0x08623358	rom	sMenuBgTemplates
0x08623364	rom	sMonNameGenderWindowTemplate
0x0862336C	rom	sListIndexWindowTemplate
0x08623374	rom	sUnusedWindowTemplate1
0x0862337C	rom	sUnusedWindowTemplate2
0x08623384	rom	sLoopedTaskFuncs
0x086233A0	rom	sSearchMonDataIds
0x086233B4	rom	sConditionSearchLoopedTaskFuncs
0x086233C4	rom	sConditionSearchResultFramePal
0x086233E4	rom	sConditionSearchResultTiles
0x086234AC	rom	sConditionSearchResultTilemap
0x08623570	rom	sListBg_Pal
0x08623590	rom	sConditionSearchResultBgTemplates
0x08623598	rom	sSearchResultLoopTaskFuncs
0x086235B4	rom	sSearchResultListMenuWindowTemplate
0x086235BC	rom	sText_MaleSymbol
0x086235C8	rom	sText_FemaleSymbol
0x086235D4	rom	sText_NoGenderSymbol
0x086235D8	rom	sMonRibbonListLoopTaskFuncs
0x086235E4	rom	sMonRibbonListFramePal
0x08623604	rom	sMonRibbonListFrameTiles
0x086236CC	rom	sMonRibbonListFrameTilemap
0x08623790	rom	sMonRibbonListUi_Pal
0x086237B0	rom	sMonRibbonListBgTemplates
0x086237B8	rom	sRibbonsMonMenuLoopTaskFuncs
0x086237D4	rom	sRibbonsMonListWindowTemplate
0x086237DC	rom	sText_MaleSymbol
0x086237E8	rom	sText_FemaleSymbol
0x086237F4	rom	sText_NoGenderSymbol
0x086237F8	rom	sRibbonData
0x0862383C	rom	gRibbonDescriptionPart1_Champion
0x08623853	rom	gRibbonDescriptionPart2_Champion
0x08623869	rom	gRibbonDescriptionPart1_CoolContest
0x08623876	rom	gRibbonDescriptionPart1_BeautyContest
0x08623885	rom	gRibbonDescriptionPart1_CuteContest
0x08623892	rom	gRibbonDescriptionPart1_SmartContest
0x086238A0	rom	gRibbonDescriptionPart1_ToughContest
0x086238AE	rom	gRibbonDescriptionPart2_NormalRank
0x086238C2	rom	gRibbonDescriptionPart2_SuperRank
0x086238D5	rom	gRibbonDescriptionPart2_HyperRank
0x086238E8	rom	gRibbonDescriptionPart2_MasterRank
0x086238FC	rom	gRibbonDescriptionPart1_Winning
0x0862390E	rom	gRibbonDescriptionPart2_Winning
0x08623923	rom	gRibbonDescriptionPart1_Victory
0x0862393B	rom	gRibbonDescriptionPart2_Victory
0x08623950	rom	gRibbonDescriptionPart1_Artist
0x08623968	rom	gRibbonDescriptionPart2_Artist
0x08623981	rom	gRibbonDescriptionPart1_Effort
0x08623994	rom	gRibbonDescriptionPart2_Effort
0x086239AC	rom	gRibbonDescriptionPointers
0x08623A74	rom	gGiftRibbonDescriptionPart1_2003RegionalTourney
0x08623A8A	rom	gGiftRibbonDescriptionPart2_Champion
0x08623A9A	rom	gGiftRibbonDescriptionPart1_2003NationalTourney
0x08623AB0	rom	gGiftRibbonDescriptionPart1_2003GlobalCup
0x08623AC0	rom	gGiftRibbonDescriptionPart2_RunnerUp
0x08623AD1	rom	gGiftRibbonDescriptionPart2_Semifinalist
0x08623AE5	rom	gGiftRibbonDescriptionPart1_2004RegionalTourney
0x08623AFB	rom	gGiftRibbonDescriptionPart1_2004NationalTourney
0x08623B11	rom	gGiftRibbonDescriptionPart1_2004GlobalCup
0x08623B21	rom	gGiftRibbonDescriptionPart1_2005RegionalTourney
0x08623B37	rom	gGiftRibbonDescriptionPart1_2005NationalTourney
0x08623B4D	rom	gGiftRibbonDescriptionPart1_2005GlobalCup
0x08623B5D	rom	gGiftRibbonDescriptionPart1_PokemonBattleCup
0x08623B70	rom	gGiftRibbonDescriptionPart2_Participation
0x08623B85	rom	gGiftRibbonDescriptionPart1_PokemonLeague
0x08623B94	rom	gGiftRibbonDescriptionPart1_AdvanceCup
0x08623BA0	rom	gGiftRibbonDescriptionPart1_PokemonTournament
0x08623BB3	rom	gGiftRibbonDescriptionPart2_Participation2
0x08623BC8	rom	gGiftRibbonDescriptionPart1_PokemonEvent
0x08623BD6	rom	gGiftRibbonDescriptionPart1_PokemonFestival
0x08623BE7	rom	gGiftRibbonDescriptionPart1_DifficultyClearing
0x08623BFB	rom	gGiftRibbonDescriptionPart2_Commemorative
0x08623C10	rom	gGiftRibbonDescriptionPart1_ClearingAllChallenges
0x08623C23	rom	gGiftRibbonDescriptionPart2_ClearingAllChallenges
0x08623C3C	rom	gGiftRibbonDescriptionPart1_100StraightWin
0x08623C4D	rom	gGiftRibbonDescriptionPart1_DarknessTower
0x08623C62	rom	gGiftRibbonDescriptionPart1_RedTower
0x08623C72	rom	gGiftRibbonDescriptionPart1_BlackironTower
0x08623C88	rom	gGiftRibbonDescriptionPart1_FinalTower
0x08623C9A	rom	gGiftRibbonDescriptionPart1_LegendMaking
0x08623CA8	rom	gGiftRibbonDescriptionPart1_PokemonCenterTokyo
0x08623CBD	rom	gGiftRibbonDescriptionPart1_PokemonCenterOsaka
0x08623CD2	rom	gGiftRibbonDescriptionPart1_PokemonCenterNagoya
0x08623CE8	rom	gGiftRibbonDescriptionPart1_PokemonCenterNY
0x08623CFA	rom	gGiftRibbonDescriptionPart1_SummerHolidays
0x08623D11	rom	gGiftRibbonDescriptionPart2_EmptyString
0x08623D12	rom	gGiftRibbonDescriptionPart1_WinterHolidays
0x08623D29	rom	gGiftRibbonDescriptionPart1_SpringHolidays
0x08623D40	rom	gGiftRibbonDescriptionPart1_Evergreen
0x08623D51	rom	gGiftRibbonDescriptionPart1_SpecialHoliday
0x08623D68	rom	gGiftRibbonDescriptionPart1_HardWorker
0x08623D7B	rom	gGiftRibbonDescriptionPart1_LotsOfFriends
0x08623D92	rom	gGiftRibbonDescriptionPart1_FullOfEnergy
0x08623DA8	rom	gGiftRibbonDescriptionPart1_LovedPokemon
0x08623DBF	rom	gGiftRibbonDescriptionPart2_LovedPokemon
0x08623DD4	rom	gGiftRibbonDescriptionPart1_LoveForPokemon
0x08623DE6	rom	gGiftRibbonDescriptionPart2_LoveForPokemon
0x08623DF8	rom	gGiftRibbonDescriptionPointers
0x08623FF8	rom	sRibbonIcons1_Pal
0x08624018	rom	sRibbonIcons2_Pal
0x08624038	rom	sRibbonIcons3_Pal
0x08624058	rom	sRibbonIcons4_Pal
0x08624078	rom	sRibbonIcons5_Pal
0x08624098	rom	sMonInfo_Pal
0x086240B8	rom	sRibbonIconsSmall_Gfx
0x08624280	rom	sRibbonIconsBig_Gfx
0x08624B98	rom	sBgTemplates
0x08624BA0	rom	sRibbonsSummaryMenuLoopTaskFuncs
0x08624BB8	rom	sRibbonCountWindowTemplate
0x08624BC4	rom	sRibbonSummaryMonNameWindowTemplate
0x08624BCC	rom	sText_MaleSymbol
0x08624BD8	rom	sText_FemaleSymbol
0x08624BE4	rom	sGenderlessIconString
0x08624BE8	rom	sRibbonMonListIndexWindowTemplate
0x08624BF8	rom	sRibbonGfxData
0x08624C78	rom	sSpriteSheet_RibbonIconsBig
0x08624C80	rom	sSpritePalettes_RibbonIcons
0x08624CB0	rom	sOamData_RibbonIconBig
0x08624CB8	rom	sAffineAnim_RibbonIconBig_Normal
0x08624CC8	rom	sAffineAnim_RibbonIconBig_ZoomIn
0x08624CE0	rom	sAffineAnim_RibbonIconBig_ZoomOut
0x08624CF8	rom	sAffineAnims_RibbonIconBig
0x08624D04	rom	sSpriteTemplate_RibbonIconBig
0x08624D1C	rom	sMrStoneTextScripts
0x08624D7C	rom	sMrStoneMatchCallHeader
0x08624D8C	rom	sNormanTextScripts
0x08624DDC	rom	sNormanMatchCallHeader
0x08624DF0	rom	sProfBirchMatchCallHeader
0x08624DFC	rom	sMomTextScripts
0x08624E1C	rom	sMomMatchCallHeader
0x08624E2C	rom	sStevenTextScripts
0x08624E6C	rom	sStevenMatchCallHeader
0x08624E7C	rom	sMayTextScripts
0x08624EFC	rom	sMayMatchCallHeader
0x08624F0C	rom	sBrendanTextScripts
0x08624F8C	rom	sBrendanMatchCallHeader
0x08624F9C	rom	sWallyTextScripts
0x08624FDC	rom	sWallyLocationData
0x08624FEC	rom	sWallyMatchCallHeader
0x08625000	rom	sScottTextScripts
0x08625040	rom	sScottMatchCallHeader
0x08625050	rom	sRoxanneTextScripts
0x08625078	rom	sRoxanneMatchCallHeader
0x0862508C	rom	sBrawlyTextScripts
0x086250B4	rom	sBrawlyMatchCallHeader
0x086250C8	rom	sWattsonTextScripts
0x086250F0	rom	sWattsonMatchCallHeader
0x08625104	rom	sFlanneryTextScripts
0x0862512C	rom	sFlanneryMatchCallHeader
0x08625140	rom	sWinonaTextScripts
0x08625168	rom	sWinonaMatchCallHeader
0x0862517C	rom	sTateLizaTextScripts
0x086251A4	rom	sTateLizaMatchCallHeader
0x086251B8	rom	sJuanTextScripts
0x086251E0	rom	sJuanMatchCallHeader
0x086251F4	rom	sSidneyTextScripts
0x08625204	rom	sSidneyMatchCallHeader
0x08625218	rom	sPhoebeTextScripts
0x08625228	rom	sPhoebeMatchCallHeader
0x0862523C	rom	sGlaciaTextScripts
0x0862524C	rom	sGlaciaMatchCallHeader
0x08625260	rom	sDrakeTextScripts
0x08625270	rom	sDrakeMatchCallHeader
0x08625284	rom	sWallaceTextScripts
0x08625294	rom	sWallaceMatchCallHeader
0x086252A8	rom	sMatchCallHeaders
0x086252FC	rom	sMatchCallGetEnabledFuncs
0x08625310	rom	sMatchCallGetMapSecFuncs
0x08625324	rom	sMatchCall_IsRematchableFunctions
0x08625338	rom	sMatchCall_HasCheckPageFunctions
0x0862534C	rom	sMatchCall_GetRematchTableIdxFunctions
0x08625360	rom	sMatchCall_GetMessageFunctions
0x08625374	rom	sMatchCall_GetNameAndDescFunctions
0x08625388	rom	sCheckPageOverrides
0x086253E8	rom	sWindowTemplates_MailboxMenu
0x08625400	rom	sPlayerNameTextColors
0x08625403	rom	sEmptyItemName
0x08625404	rom	sConditionGraphScanline
0x08625410	rom	sConditionToLineLength
0x08625510	rom	sMoveRelearnerWindowTemplates
0x08625540	rom	sMoveRelearnerYesNoMenuTemplate
0x08625548	rom	sMoveRelearnerMovesListTemplate
0x08625560	rom	sConditionPokeball_Gfx
0x08625660	rom	sConditionPokeballPlaceholder_Gfx
0x08625680	rom	sConditionSparkle_Gfx
0x086256A0	rom	sConditionSparkle_Pal
0x08625A20	rom	sOam_ConditionMonPic
0x08625A28	rom	sOam_ConditionSelectionIcon
0x08625A30	rom	sAnim_ConditionSelectionIcon_Selected
0x08625A38	rom	sAnim_ConditionSelectionIcon_Unselected
0x08625A40	rom	sAnims_ConditionSelectionIcon
0x08625AD0	rom	sOam_ConditionSparkle
0x08625AD8	rom	sAnim_ConditionSparkle
0x08625AF8	rom	sAnims_ConditionSparkle
0x08625B14	rom	sSpriteTemplate_ConditionSparkle
0x08625B2C	rom	sConditionSparkleCoords
0x08625B54	rom	sLvlUpStatStrings
0x08625B6C	rom	sTrainerHillTrainerTemplates_JP
0x0862608C	rom	sFarawayIslandRockCoords
0x0862609C	rom	sChallenge_JPDefault
0x086260A4	rom	sFloors_JPDefault
0x08626814	rom	sChallenge_Normal
0x0862681C	rom	sFloors_Normal
0x086276FC	rom	sChallenge_Variety
0x08627704	rom	sFloors_Variety
0x086285E4	rom	sChallenge_Unique
0x086285EC	rom	sFloors_Unique
0x086294CC	rom	sChallenge_Expert
0x086294D4	rom	sFloors_Expert
0x0862A3B4	rom	sTrainerClassesAndMusic
0x0862A48C	rom	sPrizeListRareCandy1
0x0862A498	rom	sPrizeListLuxuryBall1
0x0862A4A4	rom	sPrizeListMaxRevive1
0x0862A4B0	rom	sPrizeListMaxEther1
0x0862A4BC	rom	sPrizeListElixir1
0x0862A4C8	rom	sPrizeListRoar
0x0862A4D4	rom	sPrizeListSludgeBomb
0x0862A4E0	rom	sPrizeListToxic
0x0862A4EC	rom	sPrizeListSunnyDay
0x0862A4F8	rom	sPrizeListEarthQuake
0x0862A504	rom	sPrizeListRareCandy2
0x0862A510	rom	sPrizeListLuxuryBall2
0x0862A51C	rom	sPrizeListMaxRevive2
0x0862A528	rom	sPrizeListMaxEther2
0x0862A534	rom	sPrizeListElixir2
0x0862A540	rom	sPrizeListBrickBreak
0x0862A54C	rom	sPrizeListTorment
0x0862A558	rom	sPrizeListSkillSwap
0x0862A564	rom	sPrizeListGigaDrain
0x0862A570	rom	sPrizeListAttract
0x0862A57C	rom	sPrizeLists1
0x0862A5A4	rom	sPrizeLists2
0x0862A5CC	rom	sPrizeListSets
0x0862A5D4	rom	sEReader_Pal
0x0862A5F4	rom	sRecordWinColors
0x0862A5F8	rom	sChallengeData
0x0862A608	rom	sFloorStrings
0x0862A618	rom	sHillFunctions
0x0862A660	rom	sModeStrings
0x0862A670	rom	sTrainerObjectEventTemplate
0x0862A688	rom	sNextFloorMapNum
0x0862A698	rom	sTrainerPartySlots
0x0862A6A0	rom	sTasksForAnimations
0x0862A6BC	rom	sOam_64x64
0x0862A6C4	rom	sOam_32x32
0x0862A6CC	rom	sOam_64x32
0x0862A6D4	rom	sOam_32x16
0x0862A6DC	rom	sOam_16x8
0x0862A6E4	rom	sOam_16x32
0x0862A6EC	rom	sOam_16x16
0x0862A6F4	rom	sOam_32x8
0x0862A6FC	rom	sAnim_DuoFightPre_Groudon_Head
0x0862A710	rom	sAnim_DuoFightPre_Groudon_Body
0x0862A724	rom	sAnims_DuoFightPre_Groudon
0x0862A72C	rom	sSpriteTemplate_DuoFightPre_Groudon
0x0862A744	rom	sAnim_DuoFightPre_GroudonShoulderKyogreDorsalFin
0x0862A74C	rom	sAnims_DuoFightPre_GroudonShoulderKyogreDorsalFin
0x0862A750	rom	sSpriteTemplate_DuoFightPre_GroudonShoulder
0x0862A768	rom	sAnim_DuoFightPre_GroudonClaw
0x0862A770	rom	sAnims_DuoFightPre_GroudonClaw
0x0862A774	rom	sSpriteTemplate_DuoFightPre_GroudonClaw
0x0862A78C	rom	sAnim_DuoFightPre_Kyogre_TopLeft
0x0862A794	rom	sAnim_DuoFightPre_Kyogre_TopRight
0x0862A79C	rom	sAnim_DuoFightPre_Kyogre_FaceLeft
0x0862A7A4	rom	sAnim_DuoFightPre_Kyogre_FaceRight
0x0862A7AC	rom	sAnim_DuoFightPre_Kyogre_ChinLeft
0x0862A7B4	rom	sAnim_DuoFightPre_Kyogre_ChinRight
0x0862A7BC	rom	sAnim_DuoFightPre_Kyogre_LeftPectoralFin
0x0862A7D0	rom	sAnim_DuoFightPre_Kyogre_LeftShoulder
0x0862A7E4	rom	sAnim_DuoFightPre_Kyogre_RightShoulder
0x0862A7F8	rom	sAnims_DuoFightPre_Kyogre
0x0862A81C	rom	sSpriteTemplate_DuoFightPre_Kyogre
0x0862A834	rom	sAnim_DuoFightPre_KyogrePectoralFin
0x0862A848	rom	sAnims_DuoFightPre_KyogrePectoralFin
0x0862A84C	rom	sSpriteTemplate_DuoFightPre_KyogrePectoralFin
0x0862A864	rom	sSpriteTemplate_DuoFightPre_KyogreDorsalFin
0x0862A87C	rom	sScanlineParams_DuoFight_Clouds
0x0862A888	rom	sBgTemplates_DuoFight
0x0862A894	rom	sAnim_DuoFight_Groudon_Head
0x0862A8A8	rom	sAnim_DuoFight_Groudon_Body
0x0862A8BC	rom	sAnims_DuoFight_Groudon
0x0862A8C4	rom	sSpriteSheet_DuoFight_Groudon
0x0862A8CC	rom	sSpritePal_DuoFight_Groudon
0x0862A8D4	rom	sSpriteTemplate_DuoFight_Groudon
0x0862A8EC	rom	sAnim_DuoFight_GroudonShoulderKyogreDorsalFin
0x0862A8F4	rom	sAnims_DuoFight_GroudonShoulderKyogreDorsalFin
0x0862A8F8	rom	sSpriteSheet_DuoFight_GroudonShoulder
0x0862A900	rom	sSpriteTemplate_DuoFight_GroudonShoulder
0x0862A918	rom	sAnim_DuoFight_GroudonClaw
0x0862A920	rom	sAnims_DuoFight_GroudonClaw
0x0862A924	rom	sSpriteSheet_DuoFight_GroudonClaw
0x0862A92C	rom	sSpriteTemplate_DuoFight_GroudonClaw
0x0862A944	rom	sAnim_DuoFight_Kyogre_TopLeft
0x0862A94C	rom	sAnim_DuoFight_Kyogre_TopRight
0x0862A954	rom	sAnim_DuoFight_Kyogre_FaceLeft
0x0862A95C	rom	sAnim_DuoFight_Kyogre_FaceRight
0x0862A964	rom	sAnim_DuoFight_Kyogre_ChinLeft
0x0862A96C	rom	sAnim_DuoFight_Kyogre_ChinRight
0x0862A974	rom	sAnim_DuoFight_Kyogre_LeftPectoralFin
0x0862A988	rom	sAnim_DuoFight_Kyogre_LeftShoulder
0x0862A99C	rom	sAnim_DuoFight_Kyogre_RightShoulder
0x0862A9B0	rom	sAnims_DuoFight_Kyogre
0x0862A9D4	rom	sSpriteSheet_DuoFight_Kyogre
0x0862A9DC	rom	sSpritePal_DuoFight_Kyogre
0x0862A9E4	rom	sSpriteTemplate_DuoFight_Kyogre
0x0862A9FC	rom	sAnim_DuoFight_KyogrePectoralFin
0x0862AA10	rom	sAnims_DuoFight_KyogrePectoralFin
0x0862AA14	rom	sSpriteSheet_DuoFight_KyogrePectoralFin
0x0862AA1C	rom	sSpriteTemplate_DuoFight_KyogrePectoralFin
0x0862AA34	rom	sSpriteSheet_DuoFight_KyogreDorsalFin
0x0862AA3C	rom	sSpriteTemplate_DuoFight_KyogreDorsalFin
0x0862AA54	rom	sBgTemplates_TakesFlight
0x0862AA60	rom	sAnim_TakesFlight_Smoke
0x0862AA68	rom	sAnims_TakesFlight_Smoke
0x0862AA6C	rom	sAffineAnim_TakesFlight_Smoke
0x0862AA8C	rom	sAffineAnims_TakesFlight_Smoke
0x0862AA90	rom	sSpriteSheet_TakesFlight_Smoke
0x0862AA98	rom	sSpritePal_TakesFlight_Smoke
0x0862AAA0	rom	sSpriteTemplate_TakesFlight_Smoke
0x0862AAB8	rom	sTakesFlight_SmokeCoords
0x0862AACC	rom	sBgTemplates_Descends
0x0862AADC	rom	sAnim_Descends_Rayquaza
0x0862AAE8	rom	sAnims_Descends_Rayquaza
0x0862AAEC	rom	sAnim_Descends_RayquazaTail
0x0862AAF8	rom	sAnims_Descends_RayquazaTail
0x0862AAFC	rom	sSpriteSheet_Descends_Rayquaza
0x0862AB04	rom	sSpriteSheet_Descends_RayquazaTail
0x0862AB0C	rom	sSpritePal_Descends_Rayquaza
0x0862AB14	rom	sSpriteTemplate_Descends_Rayquaza
0x0862AB2C	rom	sSpriteTemplate_Descends_RayquazaTail
0x0862AB44	rom	sBgTemplates_Charges
0x0862AB54	rom	sAnim_ChasesAway_Groudon_Still
0x0862AB5C	rom	sAnim_ChasesAway_Groudon_Moving
0x0862AB70	rom	sAnims_ChasesAway_Groudon
0x0862AB78	rom	sAnim_ChasesAway_GroudonTail
0x0862AB80	rom	sAnims_ChasesAway_GroudonTail
0x0862AB84	rom	sAnim_ChasesAway_Kyogre_Front
0x0862AB8C	rom	sAnim_ChasesAway_Kyogre_Back
0x0862AB94	rom	sAnim_ChasesAway_Kyogre_Tail
0x0862AB9C	rom	sAnims_ChasesAway_Kyogre
0x0862ABA8	rom	sAnim_ChasesAway_Rayquaza_FlyingDown
0x0862ABB0	rom	sAnim_ChasesAway_Rayquaza_Arriving
0x0862ABB8	rom	sAnim_ChasesAway_Rayquaza_Floating
0x0862ABC0	rom	sAnim_ChasesAway_Rayquaza_Shouting
0x0862ABC8	rom	sAnims_ChasesAway_Rayquaza
0x0862ABD8	rom	sAnim_ChasesAway_RayquazaTail_FlyingDown
0x0862ABE0	rom	sAnim_ChasesAway_RayquazaTail_Arriving
0x0862ABE8	rom	sAnim_ChasesAway_RayquazaTail_Floating
0x0862ABF0	rom	sAnim_ChasesAway_RayquazaTail_Shouting
0x0862ABF8	rom	sAnims_ChasesAway_RayquazaTail
0x0862AC08	rom	sAnim_ChasesAway_KyogreSplash
0x0862AC24	rom	sAnims_ChasesAway_KyogreSplash
0x0862AC28	rom	sSpriteSheet_ChasesAway_Groudon
0x0862AC30	rom	sSpriteSheet_ChasesAway_GroudonTail
0x0862AC38	rom	sSpriteSheet_ChasesAway_Kyogre
0x0862AC40	rom	sSpriteSheet_ChasesAway_Rayquaza
0x0862AC48	rom	sSpriteSheet_ChasesAway_RayquazaTail
0x0862AC50	rom	sSpriteSheet_ChasesAway_KyogreSplash
0x0862AC58	rom	sSpritePal_ChasesAway_Groudon
0x0862AC60	rom	sSpritePal_ChasesAway_Kyogre
0x0862AC68	rom	sSpritePal_ChasesAway_Rayquaza
0x0862AC70	rom	sSpritePal_ChasesAway_KyogreSplash
0x0862AC78	rom	sSpriteTemplate_ChasesAway_Groudon
0x0862AC90	rom	sSpriteTemplate_ChasesAway_GroudonTail
0x0862ACA8	rom	sSpriteTemplate_ChasesAway_Kyogre
0x0862ACC0	rom	sSpriteTemplate_ChasesAway_Rayquaza
0x0862ACD8	rom	sSpriteTemplate_ChasesAway_RayquazaTail
0x0862ACF0	rom	sSpriteTemplate_ChasesAway_KyogreSplash
0x0862AD08	rom	sBgTemplates_ChasesAway
0x0862AD14	rom	sWaldaLettersTable
0x0862AD34	rom	GymLeaderRematches_AfterNewMauville
0x0862AD44	rom	GymLeaderRematches_BeforeNewMauville
0x0862AD54	rom	sLogoCenter_Gfx
0x0862AF30	rom	sLogoCenter_Tilemap
0x0862B0DC	rom	sLogoCircles_Gfx
0x0862B53C	rom	sLogo_Pal
0x0862B55C	rom	sFiller
0x0862B71C	rom	sOamData_LogoCircles
0x0862B724	rom	sSpriteSheet_LogoCircles
0x0862B72C	rom	sSpritePalette_LogoCircles
0x0862B734	rom	sAnim_LogoCircle_Top
0x0862B73C	rom	sAnim_LogoCircle_Left
0x0862B744	rom	sAnim_LogoCircle_Right
0x0862B74C	rom	sAnimTable_LogoCircles
0x0862B758	rom	sSpriteTemplate_LogoCircles
0x0862B770	rom	sFrontierCirclesMeet_Funcs
0x0862B784	rom	sFrontierCirclesCross_Funcs
0x0862B798	rom	sFrontierCirclesAsymmetricSpiral_Funcs
0x0862B7AC	rom	sFrontierCirclesSymmetricSpiral_Funcs
0x0862B7C0	rom	sFrontierCirclesMeetInSeq_Funcs
0x0862B7D4	rom	sFrontierCirclesCrossInSeq_Funcs
0x0862B7E8	rom	sFrontierCirclesAsymmetricSpiralInSeq_Funcs
0x0862B7FC	rom	sFrontierCirclesSymmetricSpiralInSeq_Funcs
0x0862B810	rom	gText_EasyChatKeyboard_ABCDEFothers
0x0862B832	rom	gText_EasyChatKeyboard_GHIJKL
0x0862B84B	rom	gText_EasyChatKeyboard_MNOPQRS
0x0862B86C	rom	gText_EasyChatKeyboard_TUVWXYZ
0x0862B88D	rom	gText_NamingScreenKeyboard_abcdef
0x0862B8AE	rom	gText_NamingScreenKeyboard_ghijkl
0x0862B8CF	rom	gText_NamingScreenKeyboard_mnopqrs
0x0862B8F0	rom	gText_NamingScreenKeyboard_tuvwxyz
0x0862B911	rom	gText_NamingScreenKeyboard_ABCDEF
0x0862B932	rom	gText_NamingScreenKeyboard_GHIJKL
0x0862B953	rom	gText_NamingScreenKeyboard_MNOPQRS
0x0862B974	rom	gText_NamingScreenKeyboard_TUVWXYZ
0x0862B995	rom	gText_NamingScreenKeyboard_01234
0x0862B9AE	rom	gText_NamingScreenKeyboard_56789
0x0862B9C7	rom	gText_NamingScreenKeyboard_Symbols1
0x0862B9E0	rom	gText_NamingScreenKeyboard_Symbols2
0x0862B9F9	rom	gText_UnionRoomChatKeyboard_ABCDE
0x0862B9FF	rom	gText_UnionRoomChatKeyboard_FGHIJ
0x0862BA05	rom	gText_UnionRoomChatKeyboard_KLMNO
0x0862BA0B	rom	gText_UnionRoomChatKeyboard_PQRST
0x0862BA11	rom	gText_UnionRoomChatKeyboard_UVWXY
0x0862BA17	rom	gText_UnionRoomChatKeyboard_Z
0x0862BA1D	rom	gText_UnionRoomChatKeyboard_01234Upper
0x0862BA23	rom	gText_UnionRoomChatKeyboard_56789Upper
0x0862BA29	rom	gText_UnionRoomChatKeyboard_PunctuationUpper
0x0862BA2F	rom	gText_UnionRoomChatKeyboard_SymbolsUpper
0x0862BA35	rom	gText_UnionRoomChatKeyboard_abcde
0x0862BA3B	rom	gText_UnionRoomChatKeyboard_fghij
0x0862BA41	rom	gText_UnionRoomChatKeyboard_klmno
0x0862BA47	rom	gText_UnionRoomChatKeyboard_pqrst
0x0862BA4D	rom	gText_UnionRoomChatKeyboard_uvwxy
0x0862BA53	rom	gText_UnionRoomChatKeyboard_z
0x0862BA59	rom	gText_UnionRoomChatKeyboard_01234Lower
0x0862BA5F	rom	gText_UnionRoomChatKeyboard_56789Lower
0x0862BA65	rom	gText_UnionRoomChatKeyboard_PunctuationLower
0x0862BA6B	rom	gText_UnionRoomChatKeyboard_SymbolsLower
0x0862BA71	rom	gText_EmptyTextInput1
0x0862BA72	rom	gText_EmptyTextInput2
0x0862BA73	rom	gText_EmptyTextInput3
0x0862BA74	rom	gText_EmptyTextInput4
0x0862BA75	rom	gText_EmptyTextInput5
0x0862BA76	rom	gText_EmptyTextInput6
0x0862BA77	rom	gText_EmptyTextInput7
0x0862BA78	rom	gText_EmptyTextInput8
0x0862BA79	rom	gText_UnionRoomChatKeyboard_Emoji1
0x0862BA84	rom	gText_UnionRoomChatKeyboard_Emoji2
0x0862BA8F	rom	gText_UnionRoomChatKeyboard_Emoji3
0x0862BA9A	rom	gText_UnionRoomChatKeyboard_Emoji4
0x0862BAA3	rom	gText_UnionRoomChatKeyboard_Emoji5
0x0862BAAE	rom	gText_UnionRoomChatKeyboard_Emoji6
0x0862BAB9	rom	gText_UnionRoomChatKeyboard_Emoji7
0x0862BAC4	rom	gText_UnionRoomChatKeyboard_Emoji8
0x0862BACF	rom	gText_UnionRoomChatKeyboard_Emoji9
0x0862BADA	rom	gText_UnionRoomChatKeyboard_Emoji10
0x0862BAE4	rom	gFontSmallNarrowLatinGlyphs
0x08633AE4	rom	gFontSmallNarrowLatinGlyphWidths
0x08633CE4	rom	gFontSmallLatinGlyphs
0x0863BCE4	rom	gFontSmallLatinGlyphWidths
0x0863BEE4	rom	gFontNarrowLatinGlyphs
0x08643EE4	rom	gFontNarrowLatinGlyphWidths
0x086440E4	rom	gFontShortLatinGlyphs
0x0864C0E4	rom	gFontShortLatinGlyphWidths
0x0864C2E4	rom	gFontNormalLatinGlyphs
0x086542E4	rom	gFontNormalLatinGlyphWidths
0x086544E4	rom	gFontSmallJapaneseGlyphs
0x086584E4	rom	gFontNormalJapaneseGlyphs
0x0865C4E4	rom	gFontFRLGMaleJapaneseGlyphs
0x086644E4	rom	gFontFRLGMaleJapaneseGlyphWidths
0x086646E4	rom	gFontFRLGFemaleJapaneseGlyphs
0x0866C6E4	rom	gFontFRLGFemaleJapaneseGlyphWidths
0x0866C8E4	rom	gFontShortJapaneseGlyphs
0x086748E4	rom	gFontShortJapaneseGlyphWidths
0x08674AE4	rom	gText_MysteryEventBerry
0x08674B16	rom	gText_MysteryEventBerryTransform
0x08674B42	rom	gText_MysteryEventBerryObtained
0x08674B6A	rom	gText_MysteryEventSpecialRibbon
0x08674B9E	rom	gText_MysteryEventNationalDex
0x08674BD4	rom	gText_MysteryEventRareWord
0x08674BF0	rom	gText_MysteryEventSentOver
0x08674C02	rom	gText_MysteryEventFullParty
0x08674C31	rom	gText_MysteryEventNewTrainer
0x08674C55	rom	gText_MysteryEventNewAdversaryInBattleTower
0x08674C86	rom	gText_MysteryEventCantBeUsed
0x086759E0	rom	gMPlayJumpTableTemplate
0x08675A70	rom	gDeltaEncodingTable
0x08675A80	rom	gScaleTable
0x08675B34	rom	gFreqTable
0x08675B64	rom	gPcmSamplesPerVBlankTable
0x08675B7C	rom	gCgbScaleTable
0x08675C00	rom	gCgbFreqTable
0x08675C18	rom	gNoiseTable
0x08675C54	rom	gCgb3Vol
0x08675C64	rom	gClockTable
0x08675C98	rom	gPokemonCrySongTemplate
0x08675CCC	rom	gXcmdTable
0x089A30C0	rom	AgbLibFlashVersion
0x089A30D0	rom	sSetupInfos
0x089A3104	rom	mxMaxTime
0x089A311C	rom	MX29L010
0x089A314C	rom	DefaultFlash
0x089A31A0	rom	leMaxTime
0x089A31B8	rom	LE26FV10N1TS
0x089A31E8	rom	AgbLibRtcVersion
0x089A3220	rom	llsf_struct
0x089A3240	rom	version_string
0x089A324C	rom	str_checkMbootLL
0x089A3258	rom	Sio32ConnectionData
0x089A3260	rom	Sio32IDLib_Var
0x089A3270	rom	__clz_tab
0x089A3370	rom	__clz_tab
0x08B00000	rom	gMonFrontPic_CircledQuestionMark
0x08B00338	rom	gMonFrontPic_Bulbasaur
0x08B007B0	rom	gMonFrontPic_Ivysaur
0x08B00E10	rom	gMonFrontPic_Venusaur
0x08B017CC	rom	gMonFrontPic_Charmander
0x08B01C7C	rom	gMonFrontPic_Charmeleon
0x08B02368	rom	gMonFrontPic_Charizard
0x08B02D68	rom	gMonFrontPic_Squirtle
0x08B03260	rom	gMonFrontPic_Wartortle
0x08B03944	rom	gMonFrontPic_Blastoise
0x08B04280	rom	gMonFrontPic_Caterpie
0x08B046FC	rom	gMonFrontPic_Metapod
0x08B04AA8	rom	gMonFrontPic_Butterfree
0x08B05080	rom	gMonFrontPic_Weedle
0x08B05444	rom	gMonFrontPic_Kakuna
0x08B05820	rom	gMonFrontPic_Beedrill
0x08B05F38	rom	gMonFrontPic_Pidgey
0x08B0644C	rom	gMonFrontPic_Pidgeotto
0x08B06B24	rom	gMonFrontPic_Pidgeot
0x08B073DC	rom	gMonFrontPic_Rattata
0x08B07828	rom	gMonFrontPic_Raticate
0x08B07EA4	rom	gMonFrontPic_Spearow
0x08B08388	rom	gMonFrontPic_Fearow
0x08B08BC4	rom	gMonFrontPic_Ekans
0x08B0918C	rom	gMonFrontPic_Arbok
0x08B09964	rom	gMonFrontPic_Pikachu
0x08B09E3C	rom	gMonFrontPic_Raichu
0x08B0A554	rom	gMonFrontPic_Sandshrew
0x08B0AA6C	rom	gMonFrontPic_Sandslash
0x08B0B1C4	rom	gMonFrontPic_NidoranF
0x08B0B628	rom	gMonFrontPic_Nidorina
0x08B0BC5C	rom	gMonFrontPic_Nidoqueen
0x08B0C4E8	rom	gMonFrontPic_NidoranM
0x08B0CA54	rom	gMonFrontPic_Nidorino
0x08B0D10C	rom	gMonFrontPic_Nidoking
0x08B0D9A8	rom	gMonFrontPic_Clefairy
0x08B0DE24	rom	gMonFrontPic_Clefable
0x08B0E3A4	rom	gMonFrontPic_Vulpix
0x08B0EA08	rom	gMonFrontPic_Ninetales
0x08B0F1CC	rom	gMonFrontPic_Jigglypuff
0x08B0F67C	rom	gMonFrontPic_Wigglytuff
0x08B0FCD0	rom	gMonFrontPic_Zubat
0x08B10188	rom	gMonFrontPic_Golbat
0x08B10780	rom	gMonFrontPic_Oddish
0x08B10B78	rom	gMonFrontPic_Gloom
0x08B111B0	rom	gMonFrontPic_Vileplume
0x08B11750	rom	gMonFrontPic_Paras
0x08B11BAC	rom	gMonFrontPic_Parasect
0x08B121BC	rom	gMonFrontPic_Venonat
0x08B127A8	rom	gMonFrontPic_Venomoth
0x08B12F74	rom	gMonFrontPic_Diglett
0x08B13338	rom	gMonFrontPic_Dugtrio
0x08B137CC	rom	gMonFrontPic_Meowth
0x08B13CB4	rom	gMonFrontPic_Persian
0x08B1439C	rom	gMonFrontPic_Psyduck
0x08B14904	rom	gMonFrontPic_Golduck
0x08B14F9C	rom	gMonFrontPic_Mankey
0x08B15550	rom	gMonFrontPic_Primeape
0x08B15BFC	rom	gMonFrontPic_Growlithe
0x08B161E8	rom	gMonFrontPic_Arcanine
0x08B16BF4	rom	gMonFrontPic_Poliwag
0x08B170C8	rom	gMonFrontPic_Poliwhirl
0x08B176B4	rom	gMonFrontPic_Poliwrath
0x08B17D38	rom	gMonFrontPic_Abra
0x08B18144	rom	gMonFrontPic_Kadabra
0x08B18910	rom	gMonFrontPic_Alakazam
0x08B190CC	rom	gMonFrontPic_Machop
0x08B194FC	rom	gMonFrontPic_Machoke
0x08B19BB4	rom	gMonFrontPic_Machamp
0x08B1A2C0	rom	gMonFrontPic_Bellsprout
0x08B1A798	rom	gMonFrontPic_Weepinbell
0x08B1AD20	rom	gMonFrontPic_Victreebel
0x08B1B474	rom	gMonFrontPic_Tentacool
0x08B1B8F4	rom	gMonFrontPic_Tentacruel
0x08B1C018	rom	gMonFrontPic_Geodude
0x08B1C4A8	rom	gMonFrontPic_Graveler
0x08B1CA7C	rom	gMonFrontPic_Golem
0x08B1D160	rom	gMonFrontPic_Ponyta
0x08B1D820	rom	gMonFrontPic_Rapidash
0x08B1E188	rom	gMonFrontPic_Slowpoke
0x08B1E650	rom	gMonFrontPic_Slowbro
0x08B1EDC8	rom	gMonFrontPic_Magnemite
0x08B1F160	rom	gMonFrontPic_Magneton
0x08B1F814	rom	gMonFrontPic_Farfetchd
0x08B1FD9C	rom	gMonFrontPic_Doduo
0x08B20398	rom	gMonFrontPic_Dodrio
0x08B20CAC	rom	gMonFrontPic_Seel
0x08B211F4	rom	gMonFrontPic_Dewgong
0x08B21894	rom	gMonFrontPic_Grimer
0x08B21E1C	rom	gMonFrontPic_Muk
0x08B22538	rom	gMonFrontPic_Shellder
0x08B2298C	rom	gMonFrontPic_Cloyster
0x08B23138	rom	gMonFrontPic_Gastly
0x08B237DC	rom	gMonFrontPic_Haunter
0x08B23ED0	rom	gMonFrontPic_Gengar
0x08B2456C	rom	gMonFrontPic_Onix
0x08B24DEC	rom	gMonFrontPic_Drowzee
0x08B253D4	rom	gMonFrontPic_Hypno
0x08B25A20	rom	gMonFrontPic_Krabby
0x08B25EE4	rom	gMonFrontPic_Kingler
0x08B267F4	rom	gMonFrontPic_Voltorb
0x08B26B68	rom	gMonFrontPic_Electrode
0x08B26F7C	rom	gMonFrontPic_Exeggcute
0x08B27614	rom	gMonFrontPic_Exeggutor
0x08B27E24	rom	gMonFrontPic_Cubone
0x08B282A8	rom	gMonFrontPic_Marowak
0x08B28948	rom	gMonFrontPic_Hitmonlee
0x08B29068	rom	gMonFrontPic_Hitmonchan
0x08B29678	rom	gMonFrontPic_Lickitung
0x08B29D50	rom	gMonFrontPic_Koffing
0x08B2A368	rom	gMonFrontPic_Weezing
0x08B2ABC8	rom	gMonFrontPic_Rhyhorn
0x08B2B2A4	rom	gMonFrontPic_Rhydon
0x08B2BBA4	rom	gMonFrontPic_Chansey
0x08B2C128	rom	gMonFrontPic_Tangela
0x08B2C800	rom	gMonFrontPic_Kangaskhan
0x08B2D0B4	rom	gMonFrontPic_Horsea
0x08B2D4D0	rom	gMonFrontPic_Seadra
0x08B2DBB4	rom	gMonFrontPic_Goldeen
0x08B2E18C	rom	gMonFrontPic_Seaking
0x08B2E930	rom	gMonFrontPic_Staryu
0x08B2EE64	rom	gMonFrontPic_Starmie
0x08B2F4D0	rom	gMonFrontPic_MrMime
0x08B2FB0C	rom	gMonFrontPic_Scyther
0x08B3034C	rom	gMonFrontPic_Jynx
0x08B30BE0	rom	gMonFrontPic_Electabuzz
0x08B313C8	rom	gMonFrontPic_Magmar
0x08B31C40	rom	gMonFrontPic_Pinsir
0x08B323D8	rom	gMonFrontPic_Tauros
0x08B32C7C	rom	gMonFrontPic_Magikarp
0x08B332A4	rom	gMonFrontPic_Gyarados
0x08B33B74	rom	gMonFrontPic_Lapras
0x08B341D4	rom	gMonFrontPic_Ditto
0x08B34548	rom	gMonFrontPic_Eevee
0x08B34A68	rom	gMonFrontPic_Vaporeon
0x08B35098	rom	gMonFrontPic_Jolteon
0x08B35774	rom	gMonFrontPic_Flareon
0x08B35DB8	rom	gMonFrontPic_Porygon
0x08B36248	rom	gMonFrontPic_Omanyte
0x08B36670	rom	gMonFrontPic_Omastar
0x08B36CB4	rom	gMonFrontPic_Kabuto
0x08B37088	rom	gMonFrontPic_Kabutops
0x08B377DC	rom	gMonFrontPic_Aerodactyl
0x08B37F64	rom	gMonFrontPic_Snorlax
0x08B3868C	rom	gMonFrontPic_Articuno
0x08B39004	rom	gMonFrontPic_Zapdos
0x08B39800	rom	gMonFrontPic_Moltres
0x08B3A0A8	rom	gMonFrontPic_Dratini
0x08B3A5B4	rom	gMonFrontPic_Dragonair
0x08B3AC44	rom	gMonFrontPic_Dragonite
0x08B3B56C	rom	gMonFrontPic_Mewtwo
0x08B3BD14	rom	gMonFrontPic_Mew
0x08B3C1F4	rom	gMonFrontPic_Chikorita
0x08B3C68C	rom	gMonFrontPic_Bayleef
0x08B3CCA0	rom	gMonFrontPic_Meganium
0x08B3D5D4	rom	gMonFrontPic_Cyndaquil
0x08B3DA94	rom	gMonFrontPic_Quilava
0x08B3E080	rom	gMonFrontPic_Typhlosion
0x08B3E798	rom	gMonFrontPic_Totodile
0x08B3EC60	rom	gMonFrontPic_Croconaw
0x08B3F2BC	rom	gMonFrontPic_Feraligatr
0x08B3FB90	rom	gMonFrontPic_Sentret
0x08B4005C	rom	gMonFrontPic_Furret
0x08B40650	rom	gMonFrontPic_Hoothoot
0x08B40A4C	rom	gMonFrontPic_Noctowl
0x08B41100	rom	gMonFrontPic_Ledyba
0x08B4161C	rom	gMonFrontPic_Ledian
0x08B41AEC	rom	gMonFrontPic_Spinarak
0x08B41F34	rom	gMonFrontPic_Ariados
0x08B42628	rom	gMonFrontPic_Crobat
0x08B42BFC	rom	gMonFrontPic_Chinchou
0x08B43100	rom	gMonFrontPic_Lanturn
0x08B43748	rom	gMonFrontPic_Pichu
0x08B43B00	rom	gMonFrontPic_Cleffa
0x08B43EBC	rom	gMonFrontPic_Igglybuff
0x08B44228	rom	gMonFrontPic_Togepi
0x08B4454C	rom	gMonFrontPic_Togetic
0x08B449DC	rom	gMonFrontPic_Natu
0x08B44D08	rom	gMonFrontPic_Xatu
0x08B4529C	rom	gMonFrontPic_Mareep
0x08B45744	rom	gMonFrontPic_Flaaffy
0x08B45C34	rom	gMonFrontPic_Ampharos
0x08B462C0	rom	gMonFrontPic_Bellossom
0x08B46758	rom	gMonFrontPic_Marill
0x08B46C84	rom	gMonFrontPic_Azumarill
0x08B47228	rom	gMonFrontPic_Sudowoodo
0x08B477E4	rom	gMonFrontPic_Politoed
0x08B47DEC	rom	gMonFrontPic_Hoppip
0x08B482B4	rom	gMonFrontPic_Skiploom
0x08B486F8	rom	gMonFrontPic_Jumpluff
0x08B48C78	rom	gMonFrontPic_Aipom
0x08B49178	rom	gMonFrontPic_Sunkern
0x08B49518	rom	gMonFrontPic_Sunflora
0x08B49AB0	rom	gMonFrontPic_Yanma
0x08B4A03C	rom	gMonFrontPic_Wooper
0x08B4A3FC	rom	gMonFrontPic_Quagsire
0x08B4AA80	rom	gMonFrontPic_Espeon
0x08B4B060	rom	gMonFrontPic_Umbreon
0x08B4B610	rom	gMonFrontPic_Murkrow
0x08B4BB6C	rom	gMonFrontPic_Slowking
0x08B4C234	rom	gMonFrontPic_Misdreavus
0x08B4C730	rom	gMonFrontPic_UnownA
0x08B4C9F4	rom	gMonFrontPic_Wobbuffet
0x08B4CFC4	rom	gMonFrontPic_Girafarig
0x08B4D75C	rom	gMonFrontPic_Pineco
0x08B4DBE4	rom	gMonFrontPic_Forretress
0x08B4E1E8	rom	gMonFrontPic_Dunsparce
0x08B4E73C	rom	gMonFrontPic_Gligar
0x08B4EE6C	rom	gMonFrontPic_Steelix
0x08B4F73C	rom	gMonFrontPic_Snubbull
0x08B4FC2C	rom	gMonFrontPic_Granbull
0x08B502CC	rom	gMonFrontPic_Qwilfish
0x08B50780	rom	gMonFrontPic_Scizor
0x08B5100C	rom	gMonFrontPic_Shuckle
0x08B51470	rom	gMonFrontPic_Heracross
0x08B51B04	rom	gMonFrontPic_Sneasel
0x08B52114	rom	gMonFrontPic_Teddiursa
0x08B524C0	rom	gMonFrontPic_Ursaring
0x08B52C4C	rom	gMonFrontPic_Slugma
0x08B5307C	rom	gMonFrontPic_Magcargo
0x08B536DC	rom	gMonFrontPic_Swinub
0x08B53A7C	rom	gMonFrontPic_Piloswine
0x08B53FB8	rom	gMonFrontPic_Corsola
0x08B5450C	rom	gMonFrontPic_Remoraid
0x08B54960	rom	gMonFrontPic_Octillery
0x08B54EE4	rom	gMonFrontPic_Delibird
0x08B55514	rom	gMonFrontPic_Mantine
0x08B55D60	rom	gMonFrontPic_Skarmory
0x08B5656C	rom	gMonFrontPic_Houndour
0x08B56A70	rom	gMonFrontPic_Houndoom
0x08B57164	rom	gMonFrontPic_Kingdra
0x08B57900	rom	gMonFrontPic_Phanpy
0x08B57D74	rom	gMonFrontPic_Donphan
0x08B5846C	rom	gMonFrontPic_Porygon2
0x08B588E8	rom	gMonFrontPic_Stantler
0x08B5905C	rom	gMonFrontPic_Smeargle
0x08B5970C	rom	gMonFrontPic_Tyrogue
0x08B59BD4	rom	gMonFrontPic_Hitmontop
0x08B5A1B4	rom	gMonFrontPic_Smoochum
0x08B5A5A4	rom	gMonFrontPic_Elekid
0x08B5AB58	rom	gMonFrontPic_Magby
0x08B5B004	rom	gMonFrontPic_Miltank
0x08B5B6C0	rom	gMonFrontPic_Blissey
0x08B5BD2C	rom	gMonFrontPic_Raikou
0x08B5C738	rom	gMonFrontPic_Entei
0x08B5CFCC	rom	gMonFrontPic_Suicune
0x08B5DA34	rom	gMonFrontPic_Larvitar
0x08B5DEC0	rom	gMonFrontPic_Pupitar
0x08B5E308	rom	gMonFrontPic_Tyranitar
0x08B5EC68	rom	gMonFrontPic_Lugia
0x08B5F4FC	rom	gMonFrontPic_HoOh
0x08B60090	rom	gMonFrontPic_Celebi
0x08B60544	rom	gMonFrontPic_DoubleQuestionMark
0x08B607B4	rom	gMonFrontPic_Treecko
0x08B60D28	rom	gMonFrontPic_Grovyle
0x08B6157C	rom	gMonFrontPic_Sceptile
0x08B61C9C	rom	gMonFrontPic_Torchic
0x08B6218C	rom	gMonFrontPic_Combusken
0x08B62964	rom	gMonFrontPic_Blaziken
0x08B630B0	rom	gMonFrontPic_Mudkip
0x08B635E4	rom	gMonFrontPic_Marshtomp
0x08B63BF4	rom	gMonFrontPic_Swampert
0x08B64564	rom	gMonFrontPic_Poochyena
0x08B64AC0	rom	gMonFrontPic_Mightyena
0x08B65294	rom	gMonFrontPic_Zigzagoon
0x08B659B0	rom	gMonFrontPic_Linoone
0x08B65F9C	rom	gMonFrontPic_Wurmple
0x08B66498	rom	gMonFrontPic_Silcoon
0x08B66830	rom	gMonFrontPic_Beautifly
0x08B66DBC	rom	gMonFrontPic_Cascoon
0x08B67130	rom	gMonFrontPic_Dustox
0x08B67734	rom	gMonFrontPic_Lotad
0x08B67B7C	rom	gMonFrontPic_Lombre
0x08B68120	rom	gMonFrontPic_Ludicolo
0x08B688F0	rom	gMonFrontPic_Seedot
0x08B68DB4	rom	gMonFrontPic_Nuzleaf
0x08B69278	rom	gMonFrontPic_Shiftry
0x08B69878	rom	gMonFrontPic_Nincada
0x08B69D04	rom	gMonFrontPic_Ninjask
0x08B6A23C	rom	gMonFrontPic_Shedinja
0x08B6A81C	rom	gMonFrontPic_Taillow
0x08B6AD5C	rom	gMonFrontPic_Swellow
0x08B6B2C8	rom	gMonFrontPic_Shroomish
0x08B6B690	rom	gMonFrontPic_Breloom
0x08B6BD3C	rom	gMonFrontPic_Spinda
0x08B6C130	rom	gMonFrontPic_Wingull
0x08B6C514	rom	gMonFrontPic_Pelipper
0x08B6CB0C	rom	gMonFrontPic_Surskit
0x08B6CEB0	rom	gMonFrontPic_Masquerain
0x08B6D4F0	rom	gMonFrontPic_Wailmer
0x08B6D9A4	rom	gMonFrontPic_Wailord
0x08B6E01C	rom	gMonFrontPic_Skitty
0x08B6E588	rom	gMonFrontPic_Delcatty
0x08B6EBE0	rom	gMonFrontPic_Kecleon
0x08B6F274	rom	gMonFrontPic_Baltoy
0x08B6F62C	rom	gMonFrontPic_Claydol
0x08B6FD08	rom	gMonFrontPic_Nosepass
0x08B70268	rom	gMonFrontPic_Torkoal
0x08B70A58	rom	gMonFrontPic_Sableye
0x08B70EF8	rom	gMonFrontPic_Barboach
0x08B71400	rom	gMonFrontPic_Whiscash
0x08B7197C	rom	gMonFrontPic_Luvdisc
0x08B71CB0	rom	gMonFrontPic_Corphish
0x08B721E4	rom	gMonFrontPic_Crawdaunt
0x08B72920	rom	gMonFrontPic_Feebas
0x08B72E30	rom	gMonFrontPic_Milotic
0x08B736FC	rom	gMonFrontPic_Carvanha
0x08B73D1C	rom	gMonFrontPic_Sharpedo
0x08B7434C	rom	gMonFrontPic_Trapinch
0x08B74720	rom	gMonFrontPic_Vibrava
0x08B74DB0	rom	gMonFrontPic_Flygon
0x08B75614	rom	gMonFrontPic_Makuhita
0x08B75AD0	rom	gMonFrontPic_Hariyama
0x08B763D0	rom	gMonFrontPic_Electrike
0x08B768A0	rom	gMonFrontPic_Manectric
0x08B76E9C	rom	gMonFrontPic_Numel
0x08B773B8	rom	gMonFrontPic_Camerupt
0x08B779DC	rom	gMonFrontPic_Spheal
0x08B77E0C	rom	gMonFrontPic_Sealeo
0x08B78484	rom	gMonFrontPic_Walrein
0x08B78C54	rom	gMonFrontPic_Cacnea
0x08B7916C	rom	gMonFrontPic_Cacturne
0x08B79928	rom	gMonFrontPic_Snorunt
0x08B79E44	rom	gMonFrontPic_Glalie
0x08B7A568	rom	gMonFrontPic_Lunatone
0x08B7AA90	rom	gMonFrontPic_Solrock
0x08B7B264	rom	gMonFrontPic_Azurill
0x08B7B7B4	rom	gMonFrontPic_Spoink
0x08B7BBA0	rom	gMonFrontPic_Grumpig
0x08B7C258	rom	gMonFrontPic_Plusle
0x08B7C6F4	rom	gMonFrontPic_Minun
0x08B7CB14	rom	gMonFrontPic_Mawile
0x08B7D2A4	rom	gMonFrontPic_Meditite
0x08B7D6E4	rom	gMonFrontPic_Medicham
0x08B7DC3C	rom	gMonFrontPic_Swablu
0x08B7E128	rom	gMonFrontPic_Altaria
0x08B7E844	rom	gMonFrontPic_Wynaut
0x08B7ECB8	rom	gMonFrontPic_Duskull
0x08B7F228	rom	gMonFrontPic_Dusclops
0x08B7F8D8	rom	gMonFrontPic_Roselia
0x08B7FEE8	rom	gMonFrontPic_Slakoth
0x08B802D8	rom	gMonFrontPic_Vigoroth
0x08B80A88	rom	gMonFrontPic_Slaking
0x08B81134	rom	gMonFrontPic_Gulpin
0x08B814E4	rom	gMonFrontPic_Swalot
0x08B81A78	rom	gMonFrontPic_Tropius
0x08B8239C	rom	gMonFrontPic_Whismur
0x08B82808	rom	gMonFrontPic_Loudred
0x08B82F00	rom	gMonFrontPic_Exploud
0x08B83908	rom	gMonFrontPic_Clamperl
0x08B83DB4	rom	gMonFrontPic_Huntail
0x08B844A8	rom	gMonFrontPic_Gorebyss
0x08B84A50	rom	gMonFrontPic_Absol
0x08B851C0	rom	gMonFrontPic_Shuppet
0x08B855C0	rom	gMonFrontPic_Banette
0x08B85ACC	rom	gMonFrontPic_Seviper
0x08B8625C	rom	gMonFrontPic_Zangoose
0x08B86978	rom	gMonFrontPic_Relicanth
0x08B86EBC	rom	gMonFrontPic_Aron
0x08B87260	rom	gMonFrontPic_Lairon
0x08B87878	rom	gMonFrontPic_Aggron
0x08B8824C	rom	gMonFrontPic_Castform
0x08B88CD4	rom	gMonFrontPic_Volbeat
0x08B892EC	rom	gMonFrontPic_Illumise
0x08B8996C	rom	gMonFrontPic_Lileep
0x08B89F64	rom	gMonFrontPic_Cradily
0x08B8A6B4	rom	gMonFrontPic_Anorith
0x08B8ACA0	rom	gMonFrontPic_Armaldo
0x08B8B618	rom	gMonFrontPic_Ralts
0x08B8BA24	rom	gMonFrontPic_Kirlia
0x08B8BF74	rom	gMonFrontPic_Gardevoir
0x08B8C4A8	rom	gMonFrontPic_Bagon
0x08B8C93C	rom	gMonFrontPic_Shelgon
0x08B8CEA8	rom	gMonFrontPic_Salamence
0x08B8D608	rom	gMonFrontPic_Beldum
0x08B8DA6C	rom	gMonFrontPic_Metang
0x08B8E23C	rom	gMonFrontPic_Metagross
0x08B8E920	rom	gMonFrontPic_Regirock
0x08B8F1E8	rom	gMonFrontPic_Regice
0x08B8F994	rom	gMonFrontPic_Registeel
0x08B90170	rom	gMonFrontPic_Kyogre
0x08B90948	rom	gMonFrontPic_Groudon
0x08B9135C	rom	gMonFrontPic_Rayquaza
0x08B91CF0	rom	gMonFrontPic_Latias
0x08B92378	rom	gMonFrontPic_Latios
0x08B92BA8	rom	gMonFrontPic_Jirachi
0x08B93154	rom	gMonFrontPic_Deoxys
0x08B938C0	rom	gMonFrontPic_Chimecho
0x08B93D08	rom	gMonFrontPic_Egg
0x08B93FC4	rom	gMonFrontPic_UnownB
0x08B9428C	rom	gMonFrontPic_UnownC
0x08B94590	rom	gMonFrontPic_UnownD
0x08B94878	rom	gMonFrontPic_UnownE
0x08B94B20	rom	gMonFrontPic_UnownF
0x08B94E08	rom	gMonFrontPic_UnownG
0x08B950D4	rom	gMonFrontPic_UnownH
0x08B9540C	rom	gMonFrontPic_UnownI
0x08B95698	rom	gMonFrontPic_UnownJ
0x08B95950	rom	gMonFrontPic_UnownK
0x08B95C10	rom	gMonFrontPic_UnownL
0x08B95EB4	rom	gMonFrontPic_UnownM
0x08B961C8	rom	gMonFrontPic_UnownN
0x08B964B0	rom	gMonFrontPic_UnownO
0x08B967DC	rom	gMonFrontPic_UnownP
0x08B96A6C	rom	gMonFrontPic_UnownQ
0x08B96D14	rom	gMonFrontPic_UnownR
0x08B96FA8	rom	gMonFrontPic_UnownS
0x08B97284	rom	gMonFrontPic_UnownT
0x08B97528	rom	gMonFrontPic_UnownU
0x08B97834	rom	gMonFrontPic_UnownV
0x08B97B0C	rom	gMonFrontPic_UnownW
0x08B97DD4	rom	gMonFrontPic_UnownX
0x08B98088	rom	gMonFrontPic_UnownY
0x08B98350	rom	gMonFrontPic_UnownZ
0x08B985F4	rom	gMonFrontPic_UnownExclamationMark
0x08B98878	rom	gMonFrontPic_UnownQuestionMark
0x08C00000	rom	gBattleTextboxTiles
0x08C004E0	rom	gBattleTextboxPalette
0x08C00524	rom	gBattleTextboxTilemap
0x08C00750	rom	gMonStillFrontPic_CircledQuestionMark
0x08C00998	rom	gMonBackPic_CircledQuestionMark
0x08C00BE0	rom	gMonPalette_CircledQuestionMark
0x08C00BF8	rom	gMonShinyPalette_CircledQuestionMark
0x08C00C10	rom	gUnusedGfx_OldCharmap
0x08C013E8	rom	gUnusedTimemap_OldCharmap
0x08C0161C	rom	gUnusedPal_OldCharmap
0x08C01644	rom	gSmokescreenImpactTiles
0x08C01724	rom	gSmokescreenImpactPalette
0x08C0173C	rom	gBallGfx_Poke
0x08C017F8	rom	gBallPal_Poke
0x08C01818	rom	gBallGfx_Great
0x08C018D4	rom	gBallPal_Great
0x08C018F8	rom	gBallGfx_Safari
0x08C019BC	rom	gBallPal_Safari
0x08C019E0	rom	gBallGfx_Ultra
0x08C01A94	rom	gBallPal_Ultra
0x08C01AB4	rom	gBallGfx_Master
0x08C01B74	rom	gBallPal_Master
0x08C01B98	rom	gBallGfx_Net
0x08C01C58	rom	gBallPal_Net
0x08C01C78	rom	gBallGfx_Dive
0x08C01D8C	rom	gBallPal_Dive
0x08C01DB4	rom	gBallGfx_Nest
0x08C01E78	rom	gBallPal_Nest
0x08C01E9C	rom	gBallGfx_Repeat
0x08C01F5C	rom	gBallPal_Repeat
0x08C01F80	rom	gBallGfx_Timer
0x08C02078	rom	gBallPal_Timer
0x08C0209C	rom	gBallGfx_Luxury
0x08C021C8	rom	gBallPal_Luxury
0x08C021F0	rom	gBallGfx_Premier
0x08C022E0	rom	gBallPal_Premier
0x08C02300	rom	gOpenPokeballGfx
0x08C0237C	rom	gBlankGfxCompressed
0x08C02478	rom	gBattleAnimSpriteGfx_Bubble
0x08C02538	rom	gBattleAnimSpriteGfx_Bone
0x08C025E8	rom	gBattleAnimSpriteGfx_AirWave
0x08C0265C	rom	gBattleAnimSpriteGfx_Orb
0x08C0270C	rom	gBattleAnimSpriteGfx_Sword
0x08C027E0	rom	gBattleAnimSpriteGfx_Seed
0x08C028AC	rom	gBattleAnimSpritePal_RainDrops
0x08C028CC	rom	gBattleAnimSpritePal_Bone
0x08C028F0	rom	gBattleAnimSpritePal_AirWave
0x08C02918	rom	gBattleAnimSpritePal_Orb
0x08C0292C	rom	gBattleAnimSpritePal_Sword
0x08C02954	rom	gBattleAnimSpritePal_Seed
0x08C0297C	rom	gBattleAnimSpriteGfx_Needle
0x08C029A4	rom	gBattleAnimSpritePal_Needle
0x08C029CC	rom	gBattleAnimSpriteGfx_Explosion6
0x08C02B48	rom	gBattleAnimSpritePal_Explosion6
0x08C02B68	rom	gBattleAnimSpriteGfx_PinkOrb
0x08C02B88	rom	gBattleAnimSpritePal_PinkOrb
0x08C02BA4	rom	gBattleAnimSpritePal_IceCube
0x08C02BC4	rom	gBattleAnimSpriteGfx_IceCube
0x08C02FA4	rom	gBattleAnimSpriteGfx_Gust
0x08C0328C	rom	gBattleAnimSpritePal_Gust
0x08C032AC	rom	gBattleAnimSpriteGfx_Spark2
0x08C03324	rom	gBattleAnimSpritePal_Spark2
0x08C0334C	rom	gBattleAnimSpriteGfx_Orange
0x08C033B4	rom	gBattleAnimSpritePal_Orange
0x08C033CC	rom	gBattleAnimSpriteGfx_Spikes
0x08C03414	rom	gBattleAnimSpritePal_Spikes
0x08C03438	rom	gBattleAnimSpriteGfx_YellowBall
0x08C0346C	rom	gBattleAnimSpritePal_YellowBall
0x08C03484	rom	gBattleAnimSpriteGfx_TiedBag
0x08C034F0	rom	gBattleAnimSpritePal_TiedBag
0x08C03518	rom	gBattleAnimSpriteGfx_BlackSmoke
0x08C03588	rom	gBattleAnimSpritePal_BlackSmoke
0x08C03598	rom	gBattleAnimSpriteGfx_BlackBall
0x08C035B8	rom	gBattleAnimSpritePal_BlackBall
0x08C035DC	rom	gBattleAnimSpritePal_Glass
0x08C035F8	rom	gBattleAnimSpriteGfx_Glass
0x08C036B8	rom	gBattleAnimSpriteGfx_HornHit
0x08C03784	rom	gBattleAnimSpritePal_HornHit
0x08C037AC	rom	gBattleAnimSpritePal_BlueShards
0x08C037D4	rom	gBattleAnimSpriteGfx_BlueShards
0x08C038DC	rom	gBattleAnimUnusedPal_MusicNotes
0x08C03904	rom	gBattleAnimUnusedGfx_MusicNotes
0x08C03A00	rom	gBattleAnimSpritePal_Hit
0x08C03A28	rom	gBattleAnimSpriteGfx_Hit
0x08C03D60	rom	gBattleAnimSpritePal_Hit2
0x08C03D88	rom	gBattleAnimSpritePal_WavingHand
0x08C03DB0	rom	gBattleAnimSpriteGfx_WavingHand
0x08C03EA0	rom	gBattleAnimSpriteGfx_ClosingEye
0x08C03F6C	rom	gBattleAnimSpritePal_ClosingEye
0x08C03F80	rom	gBattleAnimSpriteGfx_BlueStar
0x08C04360	rom	gBattleAnimSpritePal_BlueStar
0x08C04380	rom	gBattleAnimSpritePal_BubbleBurst
0x08C043A8	rom	gBattleAnimSpriteGfx_BubbleBurst
0x08C04494	rom	gBattleAnimSpriteGfx_HitDuplicate
0x08C047CC	rom	gBattleAnimSpritePal_HitDuplicate
0x08C047F4	rom	gBattleAnimSpritePal_Leer
0x08C0481C	rom	gBattleAnimSpriteGfx_Leer
0x08C04B18	rom	gBattleAnimSpritePal_BlueBurst
0x08C04B40	rom	gBattleAnimSpriteGfx_BlueBurst
0x08C04E90	rom	gBattleAnimSpriteGfx_SmallEmber
0x08C05148	rom	gBattleAnimSpritePal_SmallEmber
0x08C05170	rom	gBattleAnimSpriteGfx_GraySmoke
0x08C05530	rom	gBattleAnimSpritePal_GraySmoke
0x08C05554	rom	gBattleAnimSpritePal_Fire
0x08C0557C	rom	gBattleAnimSpriteGfx_Fire
0x08C05EEC	rom	gBattleAnimSpriteGfx_SpinningFire
0x08C062B8	rom	gBattleAnimSpriteGfx_FirePlume
0x08C06650	rom	gBattleAnimSpritePal_Lightning2
0x08C06678	rom	gBattleAnimSpriteGfx_Lightning2
0x08C06A4C	rom	gBattleAnimSpriteGfx_Lightning
0x08C06D98	rom	gBattleAnimSpriteGfx_SpinningBall
0x08C06DDC	rom	gBattleAnimSpritePal_SpinningBall
0x08C06DF0	rom	gBattleAnimSpritePal_SpinningBall2
0x08C06E24	rom	gOldBattleInterfaceGfx
0x08C07188	rom	gOldBattleInterfacePal_1_2_3
0x08C071CC	rom	gOldBattleInterfacePal4
0x08C071E4	rom	gOldBattleInterfacePal_5_6_7
0x08C0723C	rom	gOldBattleInterfaceGfx2
0x08C07804	rom	gOldBattleInterfaceTilemap
0x08C07914	rom	gBattleAnimSpritePal_ClawSlash2
0x08C0793C	rom	gBattleAnimSpritePal_ClawSlash
0x08C07964	rom	gBattleAnimSpriteGfx_ClawSlash2
0x08C07B88	rom	gBattleAnimSpriteGfx_ClawSlash
0x08C07E84	rom	gBattleAnimSpriteGfx_Scratch3
0x08C08090	rom	gBattleAnimSpriteGfx_Scratch2
0x08C08230	rom	gUnusedHpBar_Gfx
0x08C082C4	rom	gBattleAnimSpriteGfx_BubbleBurst2
0x08C08594	rom	gBattleAnimSpritePal_BubbleBurst2
0x08C085BC	rom	gBattleAnimSpriteGfx_IceChunk
0x08C089BC	rom	gBattleAnimSpritePal_IceChunk
0x08C089E4	rom	gBattleAnimSpritePal_Glass2
0x08C08A0C	rom	gBattleAnimSpriteGfx_Glass2
0x08C08C78	rom	gBattleAnimSpritePal_PinkHeart2
0x08C08CA0	rom	gBattleAnimSpriteGfx_PinkHeart2
0x08C08F0C	rom	gBattleInterfaceGfx_UnusedWindow1
0x08C093C8	rom	gBattleInterfacePal_UnusedWindow1
0x08C093F0	rom	gBattleInterfaceGfx_BattleBar
0x08C09604	rom	gBattleAnimSpriteGfx_SapDrip
0x08C099E4	rom	gBattleAnimSpritePal_SapDrip
0x08C09A04	rom	gBattleAnimSpritePal_SapDrip2
0x08C09A28	rom	gBattleInterfaceGfx_UnusedWindow2
0x08C09CC4	rom	gBattleInterfaceGfx_UnusedWindow2Bar
0x08C09CF0	rom	gBattleAnimSpriteGfx_Sparkle1
0x08C09F88	rom	gBattleAnimSpritePal_Sparkle1
0x08C09FB0	rom	gBattleAnimSpritePal_Sparkle2
0x08C09FD8	rom	gBattleAnimSpritePal_HumanoidFoot
0x08C09FFC	rom	gBattleAnimSpriteGfx_HumanoidFoot
0x08C0A09C	rom	gBattleAnimSpriteGfx_MonsterFoot
0x08C0A148	rom	gBattleAnimSpriteGfx_HumanoidHand
0x08C0A214	rom	gBattleAnimSpriteGfx_LineSketch
0x08C0A398	rom	gBattleAnimSpritePal_LineSketch
0x08C0A3A8	rom	gBattleAnimSpriteGfx_YellowUnk
0x08C0A3D4	rom	gBattleAnimSpritePal_YellowUnk
0x08C0A3EC	rom	gBattleAnimSpriteGfx_SlamHit
0x08C0A894	rom	gBattleAnimSpritePal_SlamHit
0x08C0A8BC	rom	gBattleAnimSpriteGfx_RedFist
0x08C0A980	rom	gBattleAnimSpriteGfx_Ring
0x08C0AA08	rom	gBattleAnimSpritePal_Ring
0x08C0AA2C	rom	gBattleAnimSpriteGfx_Rocks
0x08C0AE94	rom	gBattleAnimSpritePal_Rocks
0x08C0AEBC	rom	gBattleAnimSpriteGfx_Z
0x08C0AF1C	rom	gBattleAnimSpritePal_Z
0x08C0AF38	rom	gBattleAnimSpriteGfx_YellowUnk2
0x08C0AF60	rom	gBattleAnimSpritePal_YellowUnk2
0x08C0AF7C	rom	gBattleAnimSpriteGfx_AirSlash
0x08C0B02C	rom	gBattleAnimSpritePal_AirSlash
0x08C0B04C	rom	gBattleAnimSpriteGfx_SpinningGreenOrbs
0x08C0B41C	rom	gBattleAnimSpritePal_SpinningGreenOrbs
0x08C0B444	rom	gBattleAnimSpriteGfx_Leaf
0x08C0B600	rom	gBattleAnimSpritePal_Leaf
0x08C0B628	rom	gBattleAnimSpriteGfx_MetronomeSmallHand
0x08C0B698	rom	gBattleAnimSpritePal_Clapping
0x08C0B6BC	rom	gBattleAnimSpriteGfx_PoisonPowder
0x08C0B7D0	rom	gBattleAnimSpritePal_PoisonPowder
0x08C0B7F0	rom	gBattleAnimSpriteGfx_BrownTriangle
0x08C0B83C	rom	gBattleAnimSpritePal_BrownTriangle
0x08C0B864	rom	gBattleAnimSpriteGfx_Sparkle3
0x08C0B8E4	rom	gBattleAnimSpritePal_Sparkle3
0x08C0B90C	rom	gBattleAnimSpriteGfx_Sparkle4
0x08C0BB38	rom	gBattleAnimSpriteGfx_MusicNotes
0x08C0BC08	rom	gBattleAnimSpritePal_MusicNotes
0x08C0BC20	rom	gBattleAnimSpriteGfx_Duck
0x08C0BD3C	rom	gBattleAnimSpritePal_Duck
0x08C0BD5C	rom	gBattleAnimSpriteGfx_Alert
0x08C0BFD8	rom	gBattleAnimSpritePal_Alert
0x08C0BFFC	rom	gBattleAnimSpriteGfx_Shock4
0x08C0C194	rom	gBattleAnimSpritePal_Shock4
0x08C0C1BC	rom	gBattleAnimSpriteGfx_Shock
0x08C0C5EC	rom	gBattleAnimSpriteGfx_Bell2
0x08C0C950	rom	gBattleAnimSpritePal_Bell2
0x08C0C974	rom	gBattleAnimSpriteGfx_PinkGlove
0x08C0C9F8	rom	gBattleAnimSpritePal_PinkGlove
0x08C0CA1C	rom	gBattleAnimUnused_Unknown1
0x08C0CA40	rom	gBattleAnimUnused_Unknown2
0x08C0CA64	rom	gBattleAnimUnused_Unknown3
0x08C0CA88	rom	gBattleAnimUnusedGfx_LineSketch2
0x08C0CAE0	rom	gBattleAnimUnusedPal_LineSketch2
0x08C0CB00	rom	gBattleAnimUnusedTilemap_LineSketch2
0x08C0CB90	rom	gBattleAnimSpriteGfx_BlueLines
0x08C0CBB4	rom	gBattleAnimSpritePal_BlueLines
0x08C0CBC8	rom	gBattleAnimSpritePal_Impact3
0x08C0CBF0	rom	gBattleAnimSpritePal_Impact2
0x08C0CC18	rom	gBattleAnimSpritePal_Reticle
0x08C0CC30	rom	gBattleAnimSpritePal_Breath
0x08C0CC58	rom	gBattleAnimSpritePal_Snowball
0x08C0CC74	rom	gBattleAnimSpritePal_Vine
0x08C0CC9C	rom	gBattleAnimSpritePal_Sword2
0x08C0CCC0	rom	gBattleAnimSpritePal_RedTube
0x08C0CCDC	rom	gBattleAnimSpritePal_Amnesia
0x08C0CD04	rom	gBattleAnimSpritePal_String2
0x08C0CD24	rom	gBattleAnimUnused_Unknown4
0x08C0CD44	rom	gBattleAnimSpritePal_Pencil2
0x08C0CD6C	rom	gBattleAnimSpritePal_Petal
0x08C0CD88	rom	gBattleAnimSpritePal_BentSpoon
0x08C0CDB0	rom	gBattleAnimSpritePal_Coin
0x08C0CDCC	rom	gBattleAnimSpritePal_CrackedEgg
0x08C0CDF4	rom	gBattleAnimSpritePal_FreshEgg
0x08C0CE18	rom	gBattleAnimSpriteGfx_Impact3
0x08C0D2BC	rom	gBattleAnimSpriteGfx_Impact2
0x08C0D680	rom	gBattleAnimSpriteGfx_Reticle
0x08C0D738	rom	gBattleAnimSpriteGfx_Breath
0x08C0D8A8	rom	gBattleAnimSpriteGfx_Snowball
0x08C0D8F8	rom	gBattleAnimSpriteGfx_Vine
0x08C0DB6C	rom	gBattleAnimSpriteGfx_Sword2
0x08C0DBFC	rom	gBattleAnimSpriteGfx_Clapping
0x08C0DD30	rom	gBattleAnimSpriteGfx_RedTube
0x08C0DDAC	rom	gBattleAnimSpriteGfx_Amnesia
0x08C0E47C	rom	gBattleAnimSpriteGfx_String2
0x08C0E620	rom	gBattleAnimSpriteGfx_Pencil2
0x08C0E6D0	rom	gBattleAnimSpriteGfx_Petal
0x08C0E840	rom	gBattleAnimSpriteGfx_BentSpoon
0x08C0EA20	rom	gBattleAnimSpriteGfx_Web
0x08C0EB58	rom	gBattleAnimSpriteGfx_Coin
0x08C0EC58	rom	gBattleAnimSpriteGfx_CrackedEgg
0x08C0ED88	rom	gBattleAnimSpriteGfx_HatchedEgg
0x08C0EF20	rom	gBattleAnimSpriteGfx_FreshEgg
0x08C0EF8C	rom	gBattleAnimSpriteGfx_Fangs
0x08C0F14C	rom	gBattleAnimSpritePal_Fangs
0x08C0F174	rom	gBattleAnimSpriteGfx_Explosion2
0x08C0F6F8	rom	gBattleAnimSpritePal_Explosion2
0x08C0F720	rom	gBattleAnimSpriteGfx_Explosion3
0x08C0F810	rom	gBattleAnimSpriteGfx_WaterDroplet
0x08C0FBBC	rom	gBattleAnimSpritePal_WaterDroplet
0x08C0FBE4	rom	gBattleAnimSpriteGfx_WaterDroplet2
0x08C0FF68	rom	gBattleAnimSpriteGfx_Seed2
0x08C0FF90	rom	gBattleAnimSpritePal_Seed2
0x08C0FFB8	rom	gBattleAnimSpriteGfx_Sprout
0x08C1039C	rom	gBattleAnimSpriteGfx_RedWand
0x08C103E0	rom	gBattleAnimSpritePal_RedWand
0x08C10404	rom	gBattleAnimSpriteGfx_PurpleGreenUnk
0x08C1072C	rom	gBattleAnimSpritePal_PurpleGreenUnk
0x08C10754	rom	gBattleAnimSpriteGfx_WaterColumn
0x08C109C0	rom	gBattleAnimSpritePal_WaterColumn
0x08C109E8	rom	gBattleAnimSpriteGfx_MudUnk
0x08C10ADC	rom	gBattleAnimSpritePal_MudUnk
0x08C10B04	rom	gUnusedTilemap_BlueFrame
0x08C10C1C	rom	gUnusedTilemap_RedYellowGreenFrame
0x08C1101C	rom	gUnusedGfx_ColorFrames
0x08C115BC	rom	gUnusedPal_ColorFrames
0x08C115E4	rom	gBattleAnimSpriteGfx_RainDrops
0x08C11714	rom	gBattleAnimUnusedGfx_WaterSplash
0x08C1189C	rom	gBattleAnimUnusedTilemap_WaterSplash
0x08C1197C	rom	gBattleAnimUnusedPal_WaterSplash
0x08C119DC	rom	gUnusedGfx_BasicFrame
0x08C11A68	rom	gUnusedPal_BasicFrame
0x08C11A90	rom	gUnusedTilemap_BasicFrame
0x08C11B9C	rom	gBattleInterface_BallStatusBarPal
0x08C11BBC	rom	gBattleInterface_BallDisplayPal
0x08C11BDC	rom	gHealthboxElementsGfxTable
0x08C12A9C	rom	gBattleInterfaceGfx_UnusedWindow3
0x08C12BD8	rom	gBattleInterfaceGfx_UnusedWindow4
0x08C12E88	rom	gBattleAnimSpriteGfx_FurySwipes
0x08C13134	rom	gBattleAnimSpritePal_FurySwipes
0x08C1315C	rom	gBattleAnimSpriteGfx_Vine2
0x08C13398	rom	gBattleAnimSpritePal_Vine2
0x08C133B4	rom	gBattleAnimSpriteGfx_Teeth
0x08C1354C	rom	gBattleAnimSpritePal_Teeth
0x08C13568	rom	gBattleAnimSpriteGfx_Bone2
0x08C137F8	rom	gBattleAnimSpritePal_Bone2
0x08C13820	rom	gBattleAnimSpriteGfx_WhiteBag
0x08C13914	rom	gBattleAnimSpritePal_WhiteBag
0x08C1393C	rom	gBattleAnimSpriteGfx_Unknown
0x08C13968	rom	gBattleAnimSpritePal_Unknown
0x08C1398C	rom	gBattleAnimSpriteGfx_PurpleCoral
0x08C13A88	rom	gBattleAnimSpritePal_PurpleCoral
0x08C13AA4	rom	gBattleAnimSpriteGfx_PurpleDroplet
0x08C13BE0	rom	gBattleAnimSpriteGfx_Shock2
0x08C13E78	rom	gBattleAnimSpritePal_Shock2
0x08C13EA0	rom	gBattleAnimSpriteGfx_ClosingEye2
0x08C13F8C	rom	gBattleAnimSpritePal_ClosingEye2
0x08C13FB4	rom	gBattleAnimSpriteGfx_MetalBall
0x08C1401C	rom	gBattleAnimSpritePal_MetalBall
0x08C1403C	rom	gBattleAnimSpriteGfx_MonsterDoll
0x08C141DC	rom	gBattleAnimSpritePal_MonsterDoll
0x08C14200	rom	gBattleAnimSpriteGfx_Whirlwind
0x08C1446C	rom	gBattleAnimSpritePal_Whirlwind
0x08C1448C	rom	gBattleAnimSpriteGfx_Whirlwind2
0x08C144F0	rom	gBattleAnimSpriteGfx_Explosion4
0x08C148C0	rom	gBattleAnimSpritePal_Explosion4
0x08C148E8	rom	gBattleAnimSpriteGfx_Explosion5
0x08C14A58	rom	gBattleAnimSpriteGfx_Tongue
0x08C14B58	rom	gBattleAnimSpritePal_Tongue
0x08C14B78	rom	gBattleAnimSpriteGfx_Smoke
0x08C14BF4	rom	gBattleAnimSpritePal_Smoke
0x08C14C1C	rom	gBattleAnimSpriteGfx_Smoke2
0x08C14CEC	rom	gBattleAnimSpriteGfx_BlueFlames
0x08C14F28	rom	gBattleAnimSpritePal_BlueFlames
0x08C14F50	rom	gBattleAnimSpriteGfx_BlueFlames2
0x08C15024	rom	gJPContestGfx1
0x08C15938	rom	gJPContestPal
0x08C15A3C	rom	gJPContestBgTilemap
0x08C15BC0	rom	gJPContestWindowsTilemap
0x08C15E80	rom	gJPContestGfx2
0x08C16E90	rom	gContestInterfaceAudiencePalette
0x08C16FA8	rom	gContestAudienceTilemap
0x08C17170	rom	gContestInterfaceTilemap
0x08C17410	rom	gJPContestInterfaceTilemap
0x08C1751C	rom	gJPContestAudienceTilemap
0x08C17980	rom	gContestCurtainTilemap
0x08C17AB0	rom	gContestInterfaceGfx
0x08C1850C	rom	gContestAudienceGfx
0x08C19168	rom	gContestFaces_Gfx
0x08C19284	rom	gContestJudgeSymbolsGfx
0x08C19428	rom	gContestJudgeSymbolsPal
0x08C19450	rom	gContestSliderHeart_Gfx
0x08C19470	rom	gJPContestVoltageGfx
0x08C19560	rom	gJPContestVoltagePal
0x08C19588	rom	gContestResults_Gfx
0x08C19EEC	rom	gContestResults_WinnerBanner_Tilemap
0x08C1A000	rom	gContestResults_Interface_Tilemap
0x08C1A12C	rom	gContestResults_Bg_Tilemap
0x08C1A2B4	rom	gContestResults_Pal
0x08C1A3A0	rom	gBattleAnimSpriteGfx_Impact
0x08C1A478	rom	gBattleAnimSpritePal_Impact
0x08C1A490	rom	gBattleAnimSpriteGfx_Particles
0x08C1A540	rom	gBattleAnimSpriteGfx_CircleImpact
0x08C1A564	rom	gBattleAnimSpritePal_CircleImpact
0x08C1A58C	rom	gBattleAnimSpriteGfx_Scratch
0x08C1A790	rom	gBattleAnimSpriteGfx_SharpTeeth
0x08C1A980	rom	gBattleAnimSpritePal_SharpTeeth
0x08C1A9A0	rom	gBattleAnimSpriteGfx_Clamp
0x08C1AB40	rom	gBattleAnimSpriteGfx_Cut
0x08C1AC8C	rom	gBattleAnimSpriteGfx_RainbowRings
0x08C1AD0C	rom	gBattleAnimSpritePal_RainbowRings
0x08C1AD2C	rom	gBattleAnimSpriteGfx_IceCrystals
0x08C1AE34	rom	gBattleAnimSpritePal_IceCrystals
0x08C1AE54	rom	gBattleAnimSpriteGfx_IceSpikes
0x08C1AEB4	rom	gBattleAnimSpriteGfx_OldBeatUp
0x08C1AF50	rom	gBattleAnimSpritePal_OldBeatUp
0x08C1AF6C	rom	gBattleAnimSpriteGfx_Orbs
0x08C1B080	rom	gBattleAnimSpritePal_Orbs
0x08C1B0A8	rom	gBattleAnimSpriteGfx_WaterOrb
0x08C1B178	rom	gBattleAnimSpriteGfx_WaterImpact
0x08C1B25C	rom	gBattleAnimSpritePal_WaterImpact
0x08C1B27C	rom	gBattleAnimSpritePal_BrownOrb
0x08C1B29C	rom	gBattleAnimSpriteGfx_MudSand
0x08C1B304	rom	gBattleAnimSpritePal_MudSand
0x08C1B328	rom	gBattleAnimSpriteGfx_PoisonBubble
0x08C1B3FC	rom	gBattleAnimSpritePal_PoisonBubble
0x08C1B418	rom	gBattleAnimSpriteGfx_ToxicBubble
0x08C1B510	rom	gBattleAnimSpriteGfx_HornHit2
0x08C1B57C	rom	gBattleAnimSpritePal_HornHit2
0x08C1B594	rom	gBattleAnimSpriteGfx_AirWave2
0x08C1B640	rom	gBattleAnimSpritePal_AirWave2
0x08C1B660	rom	gBattleAnimSpriteGfx_SmallBubbles
0x08C1B728	rom	gBattleAnimSpritePal_SmallBubbles
0x08C1B748	rom	gBattleAnimSpriteGfx_RoundShadow
0x08C1B960	rom	gBattleAnimSpritePal_RoundShadow
0x08C1B988	rom	gBattleAnimSpriteGfx_Sunlight
0x08C1B9EC	rom	gBattleAnimSpritePal_Sunlight
0x08C1BA04	rom	gBattleAnimSpriteGfx_Spore
0x08C1BACC	rom	gBattleAnimSpritePal_Spore
0x08C1BAF0	rom	gBattleAnimSpriteGfx_Flower
0x08C1BB6C	rom	gBattleAnimSpritePal_Flower
0x08C1BB94	rom	gBattleAnimSpriteGfx_RazorLeaf
0x08C1BC3C	rom	gBattleAnimSpritePal_RazorLeaf
0x08C1BC64	rom	gBattleAnimSpriteGfx_MistCloud
0x08C1BCDC	rom	gBattleAnimSpritePal_MistCloud
0x08C1BCFC	rom	gBattleAnimUnusedGfx_Lights
0x08C1BD24	rom	gBattleAnimUnusedPal_Lights
0x08C1BD3C	rom	gBattleAnimUnusedTilemap_Lights
0x08C1BE40	rom	gBattleAnimSpriteGfx_WhirlwindLines
0x08C1BEC4	rom	gBattleAnimSpritePal_WhirlwindLines
0x08C1BEE4	rom	gBattleAnimSpriteGfx_GoldRing
0x08C1BF44	rom	gBattleAnimSpritePal_GoldRing
0x08C1BF5C	rom	gBattleAnimSpritePal_BlueRing2
0x08C1BF74	rom	gBattleAnimSpritePal_PurpleRing
0x08C1BF8C	rom	gBattleAnimSpritePal_BlueRing
0x08C1BFA4	rom	gBattleAnimSpriteGfx_GreenLightWall
0x08C1C2B0	rom	gBattleAnimSpritePal_GreenLightWall
0x08C1C2D0	rom	gBattleAnimSpritePal_BlueLightWall
0x08C1C2F0	rom	gBattleAnimSpritePal_RedLightWall
0x08C1C310	rom	gBattleAnimSpritePal_GrayLightWall
0x08C1C330	rom	gBattleAnimSpritePal_OrangeLightWall
0x08C1C350	rom	gBattleAnimSpriteGfx_BlackBall2
0x08C1C39C	rom	gBattleAnimSpritePal_BlackBall2
0x08C1C3C4	rom	gBattleAnimSpritePal_PurpleGasCloud
0x08C1C3E4	rom	gContestJudgeGfx
0x08C1C6B8	rom	gContest2Pal
0x08C1C6E0	rom	gBattleAnimSpriteGfx_Spark
0x08C1C794	rom	gBattleAnimSpritePal_Spark
0x08C1C7BC	rom	gBattleAnimSpriteGfx_SparkH
0x08C1C844	rom	gBattleAnimBgImage_Dark
0x08C1CE3C	rom	gBattleAnimBgPalette_Dark
0x08C1CE5C	rom	gBattleAnimBgTilemap_Dark
0x08C1D0AC	rom	gMetalShineGfx
0x08C1D1E8	rom	gMetalShinePalette
0x08C1D210	rom	gMetalShineTilemap
0x08C1D384	rom	gUnusedGfx_Goosuto
0x08C1D494	rom	gUnusedPal_Goosuto
0x08C1D4AC	rom	gUnusedTilemap_Goosuto
0x08C1D5FC	rom	gBattleAnimSpriteGfx_YellowStar
0x08C1D69C	rom	gBattleAnimSpritePal_YellowStar
0x08C1D6C4	rom	gBattleAnimSpriteGfx_LargeFreshEgg
0x08C1D728	rom	gBattleAnimSpritePal_LargeFreshEgg
0x08C1D750	rom	gBattleAnimSpriteGfx_ShadowBall
0x08C1D8A8	rom	gBattleAnimSpritePal_ShadowBall
0x08C1D8D0	rom	gBattleAnimSpriteGfx_Lick
0x08C1D994	rom	gBattleAnimSpritePal_Lick
0x08C1D9AC	rom	gBattleAnimSpriteGfx_VoidLines
0x08C1DB14	rom	gBattleAnimSpritePal_VoidLines
0x08C1DB3C	rom	gBattleAnimSpritePal_String
0x08C1DB64	rom	gBattleAnimSpriteGfx_String
0x08C1DC40	rom	gBattleAnimSpriteGfx_WebThread
0x08C1DC58	rom	gBattleAnimSpriteGfx_SpiderWeb
0x08C1DFE8	rom	gBattleAnimSpriteGfx_Lightbulb
0x08C1E08C	rom	gBattleAnimSpritePal_Lightbulb
0x08C1E0B4	rom	gBattleAnimSpriteGfx_Slash
0x08C1E32C	rom	gBattleAnimSpritePal_Slash
0x08C1E354	rom	gBattleAnimSpriteGfx_FocusEnergy
0x08C1E4A8	rom	gBattleAnimSpritePal_FocusEnergy
0x08C1E4D0	rom	gBattleAnimSpriteGfx_SphereToCube
0x08C1E8E4	rom	gBattleAnimSpritePal_SphereToCube
0x08C1E90C	rom	gBattleAnimBgImage_Psychic
0x08C1EADC	rom	gBattleAnimBgPalette_Psychic
0x08C1EB00	rom	gBattleAnimBgTilemap_Psychic
0x08C1EBC8	rom	gBattleAnimSpriteGfx_Eye
0x08C1EDB8	rom	gBattleAnimSpritePal_Eye
0x08C1EDD8	rom	gBattleAnimSpriteGfx_Tendrils
0x08C1F1A4	rom	gBattleAnimSpritePal_Tendrils
0x08C1F1C8	rom	gHealthboxSinglesPlayerGfx
0x08C1F46C	rom	gHealthboxSinglesOpponentGfx
0x08C1F5E8	rom	gHealthboxDoublesPlayerGfx
0x08C1F76C	rom	gHealthboxDoublesOpponentGfx
0x08C1F8E8	rom	gHealthboxSafariGfx
0x08C1FB60	rom	gUnusedGfx_Shadow
0x08C1FBC0	rom	gUnusedPal_Shadow
0x08C1FBD4	rom	gBattleAnimSpriteGfx_LockOn
0x08C1FC68	rom	gBattleAnimSpritePal_LockOn
0x08C1FC84	rom	gBattleAnimSpriteGfx_OpeningEye
0x08C1FEE0	rom	gBattleAnimSpritePal_OpeningEye
0x08C1FF04	rom	gBattleAnimSpriteGfx_RoundWhiteHalo
0x08C20170	rom	gBattleAnimSpritePal_RoundWhiteHalo
0x08C20198	rom	gBattleAnimSpriteGfx_TealAlert
0x08C2021C	rom	gBattleAnimSpritePal_TealAlert
0x08C2023C	rom	gBattleAnimSpriteGfx_FangAttack
0x08C204BC	rom	gBattleAnimSpritePal_FangAttack
0x08C204E4	rom	gBattleAnimSpriteGfx_PurpleHandOutline
0x08C20640	rom	gBattleAnimSpritePal_PurpleHandOutline
0x08C20668	rom	gBattleAnimMaskImage_Curse
0x08C20684	rom	gBattleAnimMaskTilemap_Curse
0x08C20784	rom	gBattleAnimSpriteGfx_Pencil
0x08C20868	rom	gBattleAnimSpritePal_Pencil
0x08C20890	rom	gBattleAnimSpriteGfx_Spiral
0x08C20C34	rom	gBattleAnimSpritePal_Spiral
0x08C20C4C	rom	gBattleAnimSpriteGfx_Moon
0x08C20F84	rom	gBattleAnimSpritePal_Moon
0x08C20FAC	rom	gBattleAnimSpriteGfx_GreenSparkle
0x08C21064	rom	gBattleAnimSpritePal_GreenSparkle
0x08C21084	rom	gBattleAnimSpriteGfx_SnoreZ
0x08C211F4	rom	gBattleAnimSpritePal_SnoreZ
0x08C2121C	rom	gBattleAnimSpriteGfx_Explosion
0x08C2160C	rom	gBattleAnimSpritePal_Explosion
0x08C21634	rom	gBattleAnimSpriteGfx_Nail
0x08C216FC	rom	gBattleAnimSpritePal_Nail
0x08C21718	rom	gBattleAnimSpriteGfx_GhostlySpirit
0x08C21858	rom	gBattleAnimSpritePal_GhostlySpirit
0x08C21874	rom	gBattleAnimSpriteGfx_WarmRock
0x08C21EE4	rom	gBattleAnimSpritePal_WarmRock
0x08C21F0C	rom	gBattleAnimSpriteGfx_PunchImpact
0x08C22080	rom	gBattleAnimSpritePal_PunchImpact
0x08C220A8	rom	gBattleAnimSpriteGfx_BreakingEgg
0x08C22210	rom	gBattleAnimSpritePal_BreakingEgg
0x08C22234	rom	gBattleAnimSpriteGfx_ThinRing
0x08C223E0	rom	gBattleAnimSpritePal_ThinRing
0x08C22404	rom	gBattleAnimSpriteGfx_MusicNotes2
0x08C22610	rom	gBattleAnimSpritePal_MusicNotes2
0x08C226A4	rom	gBattleAnimSpriteGfx_Bell
0x08C228D8	rom	gBattleAnimSpritePal_Bell
0x08C228FC	rom	gBattleAnimSpriteGfx_SpeedDust
0x08C229C8	rom	gBattleAnimSpritePal_SpeedDust
0x08C229EC	rom	gBattleAnimSpriteGfx_TornMetal
0x08C22DDC	rom	gBattleAnimSpriteGfx_ThoughtBubble
0x08C230E4	rom	gBattleAnimSpritePal_ThoughtBubble
0x08C23104	rom	gBattleAnimSpriteGfx_Finger
0x08C231F4	rom	gBattleAnimSpritePal_Finger
0x08C23218	rom	gBattleAnimSpriteGfx_MagentaHeart
0x08C23280	rom	gBattleAnimSpritePal_PinkHeart
0x08C232A0	rom	gBattleAnimSpritePal_MagentaHeart
0x08C232C0	rom	gBattleAnimSpritePal_RedHeart
0x08C232E0	rom	gBattleAnimBgImage_Attract
0x08C23D50	rom	gBattleAnimBgPalette_Attract
0x08C23D78	rom	gBattleAnimBgTilemap_Attract
0x08C23FF4	rom	gBattleAnimSpriteGfx_RedOrb
0x08C2405C	rom	gBattleAnimSpritePal_RedOrb
0x08C2407C	rom	gBattleAnimSpriteGfx_CircleOfLight
0x08C242B0	rom	gBattleAnimSpriteGfx_ElectricOrbs
0x08C24300	rom	gBattleAnimSpriteGfx_Electricity
0x08C2456C	rom	gBattleAnimSpritePal_ElectricOrbs
0x08C24590	rom	gBattleAnimSpriteGfx_Finger2
0x08C24820	rom	gBattleAnimSpriteGfx_MovementWaves
0x08C249AC	rom	gBattleAnimSpritePal_MovementWaves
0x08C249D0	rom	gBattleAnimBgPalette_ScaryFace
0x08C249F8	rom	gBattleAnimBgImage_ScaryFace
0x08C24C28	rom	gBattleAnimSpritePal_EyeSparkle
0x08C24C50	rom	gBattleAnimSpriteGfx_EyeSparkle
0x08C24CFC	rom	gBattleAnimSpriteGfx_Anger
0x08C24D54	rom	gBattleAnimSpritePal_Anger
0x08C24D7C	rom	gBattleAnimSpriteGfx_Conversion
0x08C24DB8	rom	gBattleAnimSpritePal_Conversion
0x08C24DD4	rom	gBattleAnimSpritePal_Angel
0x08C24DFC	rom	gBattleAnimSpriteGfx_Angel
0x08C24F28	rom	gBattleAnimSpritePal_Devil
0x08C24F48	rom	gBattleAnimSpriteGfx_Devil
0x08C251AC	rom	gBattleAnimSpriteGfx_Swipe
0x08C25498	rom	gBattleAnimSpritePal_Swipe
0x08C254C0	rom	gBattleAnimSpritePal_Roots
0x08C254E0	rom	gBattleAnimSpriteGfx_Roots
0x08C25774	rom	gBattleAnimSpritePal_ItemBag
0x08C25794	rom	gBattleAnimSpriteGfx_ItemBag
0x08C25890	rom	gBattleAnimSpritePal_TriAttackTriangle
0x08C258B8	rom	gBattleAnimSpriteGfx_TriAttackTriangle
0x08C25AFC	rom	gBattleAnimSpritePal_LetterZ
0x08C25B1C	rom	gBattleAnimSpriteGfx_LetterZ
0x08C25BC4	rom	gBattleAnimBgPalette_Impact
0x08C25BEC	rom	gBattleAnimBgImage_Impact
0x08C26958	rom	gBattleAnimBgTilemap_ImpactOpponent
0x08C26E54	rom	gBattleAnimBgTilemap_ImpactPlayer
0x08C27324	rom	gBattleAnimBgTilemap_ImpactContests
0x08C27764	rom	gBattleAnimSpriteGfx_JaggedMusicNote
0x08C278E8	rom	gBattleAnimSpritePal_JaggedMusicNote
0x08C27910	rom	gBattleAnimSpriteGfx_Spotlight
0x08C27A58	rom	gBattleAnimSpriteGfx_Pokeball
0x08C27AE4	rom	gBattleAnimSpritePal_Pokeball
0x08C27B08	rom	gBattleAnimSpriteGfx_RapidSpin
0x08C27CC4	rom	gBattleAnimSpritePal_RapidSpin
0x08C27CEC	rom	gBattleAnimSpriteGfx_MilkBottle
0x08C27E0C	rom	gBattleAnimSpritePal_MilkBottle
0x08C27E34	rom	gBattleAnimSpriteGfx_WispFire
0x08C2836C	rom	gBattleAnimSpritePal_WispOrb
0x08C28394	rom	gBattleAnimSpriteGfx_WispOrb
0x08C28564	rom	gBattleAnimSpriteGfx_GoldStars
0x08C285E8	rom	gBattleAnimSpritePal_GoldStars
0x08C28610	rom	gBattleAnimSpriteGfx_EclipsingOrb
0x08C287D0	rom	gBattleAnimSpritePal_EclipsingOrb
0x08C287F4	rom	gBattleAnimSpriteGfx_PinkPetal
0x08C2885C	rom	gBattleAnimSpritePal_PinkPetal
0x08C28880	rom	gBattleAnimSpriteGfx_GrayOrb
0x08C288D0	rom	gBattleAnimSpritePal_GrayOrb
0x08C288EC	rom	gBattleAnimSpritePal_BlueOrb
0x08C28908	rom	gBattleAnimSpritePal_RedOrb2
0x08C28924	rom	gBattleAnimBgImage_Drill
0x08C28ACC	rom	gBattleAnimBgPalette_Drill
0x08C28AF4	rom	gBattleAnimBgPalette_Sky
0x08C28B1C	rom	gBattleAnimBgTilemap_Drill
0x08C28CAC	rom	gBattleAnimBgTilemap_DrillContests
0x08C28E38	rom	gBattleAnimBgImage_Aurora
0x08C29860	rom	gBattleAnimBgPalette_Aurora
0x08C29880	rom	gBattleAnimBgTilemap_Aurora
0x08C29A84	rom	gBattleAnimBgTilemap_HighspeedOpponent
0x08C29D7C	rom	gBattleAnimBgPalette_Highspeed
0x08C29D9C	rom	gBattleAnimBgPalette_Bug
0x08C29DBC	rom	gBattleAnimBgImage_Highspeed
0x08C2A33C	rom	gBattleAnimBgTilemap_HighspeedPlayer
0x08C2A634	rom	gBattleAnimMaskImage_LightBeam
0x08C2A6D4	rom	gBattleAnimMaskPalette_LightBeam
0x08C2A6EC	rom	gBattleAnimMaskTilemap_LightBeam
0x08C2A808	rom	gBattleAnimBgTilemap_GuillotineOpponent
0x08C2AAD0	rom	gBattleAnimBgTilemap_GuillotinePlayer
0x08C2ADCC	rom	gBattleAnimBgTilemap_GuillotineContests
0x08C2B05C	rom	gBattleAnimBgImage_Guillotine
0x08C2BDC4	rom	gBattleAnimBgPalette_Guillotine
0x08C2BDE4	rom	gBattleAnimBgImage_Thunder
0x08C2C780	rom	gBattleAnimBgPalette_Thunder
0x08C2C7A8	rom	gBattleAnimBgTilemap_Thunder
0x08C2CAA0	rom	gBattleAnimSpriteGfx_PainSplit
0x08C2CB84	rom	gBattleAnimSpritePal_PainSplit
0x08C2CBAC	rom	gBattleAnimSpriteGfx_HandsAndFeet
0x08C2CDDC	rom	gBattleAnimSpritePal_HandsAndFeet
0x08C2CDF4	rom	gBattleAnimSpriteGfx_Confetti
0x08C2CE94	rom	gBattleAnimSpritePal_Confetti
0x08C2CEBC	rom	gSubstituteDollPal
0x08C2CEE0	rom	gSubstituteDollFrontGfx
0x08C2D120	rom	gSubstituteDollBackGfx
0x08C2D348	rom	gBattleAnimSpriteGfx_GreenStar
0x08C2D40C	rom	gBattleAnimSpritePal_GreenStar
0x08C2D428	rom	gConfetti_Gfx
0x08C2D548	rom	gConfetti_Pal
0x08C2D570	rom	gBattleAnimSpriteGfx_PinkCloud
0x08C2D6AC	rom	gBattleAnimSpritePal_PinkCloud
0x08C2D6D0	rom	gBattleAnimSpriteGfx_SweatDrop
0x08C2D6F8	rom	gBattleAnimSpritePal_SweatDrop
0x08C2D720	rom	gStatAnim_Gfx
0x08C2D930	rom	gStatAnim_Increase_Tilemap
0x08C2DA4C	rom	gStatAnim_Decrease_Tilemap
0x08C2DB68	rom	gStatAnim_Defense_Pal
0x08C2DB88	rom	gStatAnim_Attack_Pal
0x08C2DBA8	rom	gStatAnim_Accuracy_Pal
0x08C2DBC8	rom	gStatAnim_Speed_Pal
0x08C2DBE8	rom	gStatAnim_Multiple_Pal
0x08C2DC08	rom	gStatAnim_Evasion_Pal
0x08C2DC28	rom	gStatAnim_SpAttack_Pal
0x08C2DC48	rom	gStatAnim_SpDefense_Pal
0x08C2DC68	rom	gCureBubblesGfx
0x08C2DDA4	rom	gCureBubblesPal
0x08C2DDC4	rom	gCureBubblesTilemap
0x08C2DEE0	rom	gBattleAnimSpritePal_PurpleScratch
0x08C2DF08	rom	gBattleAnimSpriteGfx_PurpleScratch
0x08C2E0AC	rom	gBattleAnimSpriteGfx_PurpleSwipe
0x08C2E554	rom	gBattleAnimSpriteGfx_GuardRing
0x08C2E630	rom	gBattleAnimSpritePal_GuardRing
0x08C2E64C	rom	gBattleAnimSpriteGfx_TagHand
0x08C2E830	rom	gBattleAnimSpriteGfx_NoiseLine
0x08C2EA50	rom	UnusedLevelupAnimationGfx
0x08C2EA9C	rom	UnusedLevelupAnimationTilemap
0x08C2EBA4	rom	gBattleAnimSpriteGfx_SmallRedEye
0x08C2EBBC	rom	gBattleAnimSpritePal_SmallRedEye
0x08C2EBD4	rom	gBattleAnimSpriteGfx_HollowOrb
0x08C2EC24	rom	gBattleAnimSpritePal_HollowOrb
0x08C2EC44	rom	gBattleAnimSpriteGfx_XSign
0x08C2EE38	rom	gBattleAnimSpriteGfx_BluegreenOrb
0x08C2EE9C	rom	gBattleAnimSpritePal_BluegreenOrb
0x08C2EEB4	rom	gBattleAnimSpriteGfx_PawPrint
0x08C2EFCC	rom	gBattleAnimSpritePal_PawPrint
0x08C2EFF0	rom	gBattleAnimSpriteGfx_PurpleFlame
0x08C2F1CC	rom	gBattleAnimSpritePal_PurpleFlame
0x08C2F1F4	rom	gBattleAnimSpriteGfx_RedBall
0x08C2F32C	rom	gBattleAnimSpritePal_RedBall
0x08C2F354	rom	gBattleAnimSpriteGfx_SmellingsaltEffect
0x08C2F3CC	rom	gBattleAnimSpritePal_SmellingsaltEffect
0x08C2F3E0	rom	gBattleAnimSpriteGfx_MagnifyingGlass
0x08C2F4C8	rom	gBattleAnimSpritePal_MagnifyingGlass
0x08C2F4F0	rom	gBattleAnimSpriteGfx_Meteor
0x08C2F87C	rom	gBattleAnimSpritePal_Meteor
0x08C2F8A4	rom	gBattleAnimSpriteGfx_FlatRock
0x08C2F9C0	rom	gBattleAnimSpritePal_FlatRock
0x08C2F9E0	rom	gBattleAnimUnusedPal_Unknown2
0x08C2FA08	rom	gMonStillFrontPic_Bulbasaur
0x08C2FCA0	rom	gMonPalette_Bulbasaur
0x08C2FCC8	rom	gMonBackPic_Bulbasaur
0x08C2FF78	rom	gMonShinyPalette_Bulbasaur
0x08C2FFA0	rom	gMonIcon_Bulbasaur
0x08C303A0	rom	gMonFootprint_Bulbasaur
0x08C303C0	rom	gMonStillFrontPic_Ivysaur
0x08C30734	rom	gMonPalette_Ivysaur
0x08C3075C	rom	gMonBackPic_Ivysaur
0x08C30AE8	rom	gMonShinyPalette_Ivysaur
0x08C30B10	rom	gMonIcon_Ivysaur
0x08C30F10	rom	gMonFootprint_Ivysaur
0x08C30F30	rom	gMonStillFrontPic_Venusaur
0x08C314BC	rom	gMonPalette_Venusaur
0x08C314E4	rom	gMonBackPic_Venusaur
0x08C319B4	rom	gMonShinyPalette_Venusaur
0x08C319DC	rom	gMonIcon_Venusaur
0x08C31DDC	rom	gMonFootprint_Venusaur
0x08C31DFC	rom	gMonStillFrontPic_Charmander
0x08C320AC	rom	gMonPalette_Charmander
0x08C320D4	rom	gMonBackPic_Charmander
0x08C32368	rom	gMonShinyPalette_Charmander
0x08C32390	rom	gMonIcon_Charmander
0x08C32790	rom	gMonFootprint_Charmander
0x08C327B0	rom	gMonStillFrontPic_Charmeleon
0x08C32B58	rom	gMonPalette_Charmeleon
0x08C32B80	rom	gMonBackPic_Charmeleon
0x08C32E60	rom	gMonShinyPalette_Charmeleon
0x08C32E88	rom	gMonIcon_Charmeleon
0x08C33288	rom	gMonFootprint_Charmeleon
0x08C332A8	rom	gMonStillFrontPic_Charizard
0x08C337F8	rom	gMonPalette_Charizard
0x08C33820	rom	gMonBackPic_Charizard
0x08C33C3C	rom	gMonShinyPalette_Charizard
0x08C33C64	rom	gMonIcon_Charizard
0x08C34064	rom	gMonFootprint_Charizard
0x08C34084	rom	gMonStillFrontPic_Squirtle
0x08C34360	rom	gMonPalette_Squirtle
0x08C34388	rom	gMonBackPic_Squirtle
0x08C34608	rom	gMonShinyPalette_Squirtle
0x08C34630	rom	gMonIcon_Squirtle
0x08C34A30	rom	gMonFootprint_Squirtle
0x08C34A50	rom	gMonStillFrontPic_Wartortle
0x08C34DCC	rom	gMonPalette_Wartortle
0x08C34DF4	rom	gMonBackPic_Wartortle
0x08C35128	rom	gMonShinyPalette_Wartortle
0x08C35150	rom	gMonIcon_Wartortle
0x08C35550	rom	gMonFootprint_Wartortle
0x08C35570	rom	gMonStillFrontPic_Blastoise
0x08C35A74	rom	gMonPalette_Blastoise
0x08C35A9C	rom	gMonBackPic_Blastoise
0x08C35EB8	rom	gMonShinyPalette_Blastoise
0x08C35EE0	rom	gMonIcon_Blastoise
0x08C362E0	rom	gMonFootprint_Blastoise
0x08C36300	rom	gMonStillFrontPic_Caterpie
0x08C36560	rom	gMonPalette_Caterpie
0x08C36588	rom	gMonBackPic_Caterpie
0x08C36810	rom	gMonShinyPalette_Caterpie
0x08C36838	rom	gMonIcon_Caterpie
0x08C36C38	rom	gMonFootprint_Caterpie
0x08C36C58	rom	gMonStillFrontPic_Metapod
0x08C36E70	rom	gMonPalette_Metapod
0x08C36E90	rom	gMonBackPic_Metapod
0x08C370D0	rom	gMonShinyPalette_Metapod
0x08C370F0	rom	gMonIcon_Metapod
0x08C374F0	rom	gMonFootprint_Metapod
0x08C37510	rom	gMonStillFrontPic_Butterfree
0x08C37870	rom	gMonPalette_Butterfree
0x08C37898	rom	gMonBackPic_Butterfree
0x08C37CA8	rom	gMonShinyPalette_Butterfree
0x08C37CD0	rom	gMonIcon_Butterfree
0x08C380D0	rom	gMonFootprint_Butterfree
0x08C380F0	rom	gMonStillFrontPic_Weedle
0x08C38330	rom	gMonPalette_Weedle
0x08C38358	rom	gMonBackPic_Weedle
0x08C385C0	rom	gMonShinyPalette_Weedle
0x08C385E8	rom	gMonIcon_Weedle
0x08C389E8	rom	gMonFootprint_Weedle
0x08C38A08	rom	gMonStillFrontPic_Kakuna
0x08C38C54	rom	gMonPalette_Kakuna
0x08C38C78	rom	gMonBackPic_Kakuna
0x08C38EFC	rom	gMonShinyPalette_Kakuna
0x08C38F20	rom	gMonIcon_Kakuna
0x08C39320	rom	gMonFootprint_Kakuna
0x08C39340	rom	gMonStillFrontPic_Beedrill
0x08C39750	rom	gMonPalette_Beedrill
0x08C39778	rom	gMonBackPic_Beedrill
0x08C39AEC	rom	gMonShinyPalette_Beedrill
0x08C39B14	rom	gMonIcon_Beedrill
0x08C39F14	rom	gMonFootprint_Beedrill
0x08C39F34	rom	gMonStillFrontPic_Pidgey
0x08C3A220	rom	gMonPalette_Pidgey
0x08C3A248	rom	gMonBackPic_Pidgey
0x08C3A59C	rom	gMonShinyPalette_Pidgey
0x08C3A5C4	rom	gMonIcon_Pidgey
0x08C3A9C4	rom	gMonFootprint_Pidgey
0x08C3A9E4	rom	gMonStillFrontPic_Pidgeotto
0x08C3AD58	rom	gMonPalette_Pidgeotto
0x08C3AD80	rom	gMonBackPic_Pidgeotto
0x08C3B0CC	rom	gMonShinyPalette_Pidgeotto
0x08C3B0F4	rom	gMonIcon_Pidgeotto
0x08C3B4F4	rom	gMonFootprint_Pidgeotto
0x08C3B514	rom	gMonStillFrontPic_Pidgeot
0x08C3BA10	rom	gMonPalette_Pidgeot
0x08C3BA38	rom	gMonBackPic_Pidgeot
0x08C3BDC0	rom	gMonShinyPalette_Pidgeot
0x08C3BDE8	rom	gMonIcon_Pidgeot
0x08C3C1E8	rom	gMonFootprint_Pidgeot
0x08C3C208	rom	gMonStillFrontPic_Rattata
0x08C3C454	rom	gMonPalette_Rattata
0x08C3C47C	rom	gMonBackPic_Rattata
0x08C3C758	rom	gMonShinyPalette_Rattata
0x08C3C780	rom	gMonIcon_Rattata
0x08C3CB80	rom	gMonFootprint_Rattata
0x08C3CBA0	rom	gMonStillFrontPic_Raticate
0x08C3CF28	rom	gMonPalette_Raticate
0x08C3CF50	rom	gMonBackPic_Raticate
0x08C3D280	rom	gMonShinyPalette_Raticate
0x08C3D2A8	rom	gMonIcon_Raticate
0x08C3D6A8	rom	gMonFootprint_Raticate
0x08C3D6C8	rom	gMonStillFrontPic_Spearow
0x08C3D950	rom	gMonPalette_Spearow
0x08C3D978	rom	gMonBackPic_Spearow
0x08C3DC54	rom	gMonShinyPalette_Spearow
0x08C3DC7C	rom	gMonIcon_Spearow
0x08C3E07C	rom	gMonFootprint_Spearow
0x08C3E09C	rom	gMonStillFrontPic_Fearow
0x08C3E530	rom	gMonPalette_Fearow
0x08C3E558	rom	gMonBackPic_Fearow
0x08C3E850	rom	gMonShinyPalette_Fearow
0x08C3E878	rom	gMonIcon_Fearow
0x08C3EC78	rom	gMonFootprint_Fearow
0x08C3EC98	rom	gMonStillFrontPic_Ekans
0x08C3EF98	rom	gMonPalette_Ekans
0x08C3EFC0	rom	gMonBackPic_Ekans
0x08C3F2B0	rom	gMonShinyPalette_Ekans
0x08C3F2D8	rom	gMonIcon_Ekans
0x08C3F6D8	rom	gMonFootprint_Ekans
0x08C3F6F8	rom	gMonStillFrontPic_Arbok
0x08C3FB44	rom	gMonPalette_Arbok
0x08C3FB6C	rom	gMonBackPic_Arbok
0x08C3FE0C	rom	gMonShinyPalette_Arbok
0x08C3FE34	rom	gMonIcon_Arbok
0x08C40234	rom	gMonFootprint_Arbok
0x08C40254	rom	gMonStillFrontPic_Pikachu
0x08C40524	rom	gMonPalette_Pikachu
0x08C4054C	rom	gMonBackPic_Pikachu
0x08C40824	rom	gMonShinyPalette_Pikachu
0x08C4084C	rom	gMonIcon_Pikachu
0x08C40C4C	rom	gMonFootprint_Pikachu
0x08C40C6C	rom	gMonStillFrontPic_Raichu
0x08C41018	rom	gMonPalette_Raichu
0x08C41040	rom	gMonBackPic_Raichu
0x08C41360	rom	gMonShinyPalette_Raichu
0x08C41388	rom	gMonIcon_Raichu
0x08C41788	rom	gMonFootprint_Raichu
0x08C417A8	rom	gMonStillFrontPic_Sandshrew
0x08C41A68	rom	gMonPalette_Sandshrew
0x08C41A90	rom	gMonBackPic_Sandshrew
0x08C41DB8	rom	gMonShinyPalette_Sandshrew
0x08C41DE0	rom	gMonIcon_Sandshrew
0x08C421E0	rom	gMonFootprint_Sandshrew
0x08C42200	rom	gMonStillFrontPic_Sandslash
0x08C425EC	rom	gMonPalette_Sandslash
0x08C42614	rom	gMonBackPic_Sandslash
0x08C42A30	rom	gMonShinyPalette_Sandslash
0x08C42A58	rom	gMonIcon_Sandslash
0x08C42E58	rom	gMonFootprint_Sandslash
0x08C42E78	rom	gMonStillFrontPic_NidoranF
0x08C430F0	rom	gMonPalette_NidoranF
0x08C43118	rom	gMonBackPic_NidoranF
0x08C433F0	rom	gMonShinyPalette_NidoranF
0x08C43418	rom	gMonIcon_NidoranF
0x08C43818	rom	gMonFootprint_NidoranF
0x08C43838	rom	gMonStillFrontPic_Nidorina
0x08C43B64	rom	gMonPalette_Nidorina
0x08C43B8C	rom	gMonBackPic_Nidorina
0x08C43F20	rom	gMonShinyPalette_Nidorina
0x08C43F48	rom	gMonIcon_Nidorina
0x08C44348	rom	gMonFootprint_Nidorina
0x08C44368	rom	gMonStillFrontPic_Nidoqueen
0x08C447F4	rom	gMonPalette_Nidoqueen
0x08C4481C	rom	gMonBackPic_Nidoqueen
0x08C44BE0	rom	gMonShinyPalette_Nidoqueen
0x08C44C08	rom	gMonIcon_Nidoqueen
0x08C45008	rom	gMonFootprint_Nidoqueen
0x08C45028	rom	gMonStillFrontPic_NidoranM
0x08C452F8	rom	gMonPalette_NidoranM
0x08C45320	rom	gMonBackPic_NidoranM
0x08C45654	rom	gMonShinyPalette_NidoranM
0x08C4567C	rom	gMonIcon_NidoranM
0x08C45A7C	rom	gMonFootprint_NidoranM
0x08C45A9C	rom	gMonStillFrontPic_Nidorino
0x08C45E30	rom	gMonPalette_Nidorino
0x08C45E58	rom	gMonBackPic_Nidorino
0x08C46214	rom	gMonShinyPalette_Nidorino
0x08C4623C	rom	gMonIcon_Nidorino
0x08C4663C	rom	gMonFootprint_Nidorino
0x08C4665C	rom	gMonStillFrontPic_Nidoking
0x08C46B54	rom	gMonPalette_Nidoking
0x08C46B7C	rom	gMonBackPic_Nidoking
0x08C46FB8	rom	gMonShinyPalette_Nidoking
0x08C46FE0	rom	gMonIcon_Nidoking
0x08C473E0	rom	gMonFootprint_Nidoking
0x08C47400	rom	gMonStillFrontPic_Clefairy
0x08C47688	rom	gMonPalette_Clefairy
0x08C476B0	rom	gMonBackPic_Clefairy
0x08C47980	rom	gMonShinyPalette_Clefairy
0x08C479A8	rom	gMonIcon_Clefairy
0x08C47DA8	rom	gMonFootprint_Clefairy
0x08C47DC8	rom	gMonStillFrontPic_Clefable
0x08C48104	rom	gMonPalette_Clefable
0x08C4812C	rom	gMonBackPic_Clefable
0x08C48464	rom	gMonShinyPalette_Clefable
0x08C4848C	rom	gMonIcon_Clefable
0x08C4888C	rom	gMonFootprint_Clefable
0x08C488AC	rom	gMonStillFrontPic_Vulpix
0x08C48BE8	rom	gMonPalette_Vulpix
0x08C48C10	rom	gMonBackPic_Vulpix
0x08C48F0C	rom	gMonShinyPalette_Vulpix
0x08C48F34	rom	gMonIcon_Vulpix
0x08C49334	rom	gMonFootprint_Vulpix
0x08C49354	rom	gMonStillFrontPic_Ninetales
0x08C49790	rom	gMonPalette_Ninetales
0x08C497B0	rom	gMonBackPic_Ninetales
0x08C49B30	rom	gMonShinyPalette_Ninetales
0x08C49B50	rom	gMonIcon_Ninetales
0x08C49F50	rom	gMonFootprint_Ninetales
0x08C49F70	rom	gMonStillFrontPic_Jigglypuff
0x08C4A1E8	rom	gMonPalette_Jigglypuff
0x08C4A210	rom	gMonBackPic_Jigglypuff
0x08C4A46C	rom	gMonShinyPalette_Jigglypuff
0x08C4A494	rom	gMonIcon_Jigglypuff
0x08C4A894	rom	gMonFootprint_Jigglypuff
0x08C4A8B4	rom	gMonStillFrontPic_Wigglytuff
0x08C4AC08	rom	gMonPalette_Wigglytuff
0x08C4AC30	rom	gMonBackPic_Wigglytuff
0x08C4AED8	rom	gMonShinyPalette_Wigglytuff
0x08C4AF00	rom	gMonIcon_Wigglytuff
0x08C4B300	rom	gMonFootprint_Wigglytuff
0x08C4B320	rom	gMonStillFrontPic_Zubat
0x08C4B5F8	rom	gMonPalette_Zubat
0x08C4B620	rom	gMonBackPic_Zubat
0x08C4B8DC	rom	gMonShinyPalette_Zubat
0x08C4B904	rom	gMonIcon_Zubat
0x08C4BD04	rom	gMonFootprint_Zubat
0x08C4BD24	rom	gMonStillFrontPic_Golbat
0x08C4C0C0	rom	gMonPalette_Golbat
0x08C4C0E8	rom	gMonBackPic_Golbat
0x08C4C3A4	rom	gMonShinyPalette_Golbat
0x08C4C3CC	rom	gMonIcon_Golbat
0x08C4C7CC	rom	gMonFootprint_Golbat
0x08C4C7EC	rom	gMonStillFrontPic_Oddish
0x08C4CA20	rom	gMonPalette_Oddish
0x08C4CA48	rom	gMonBackPic_Oddish
0x08C4CCC0	rom	gMonShinyPalette_Oddish
0x08C4CCE8	rom	gMonIcon_Oddish
0x08C4D0E8	rom	gMonFootprint_Oddish
0x08C4D108	rom	gMonStillFrontPic_Gloom
0x08C4D480	rom	gMonPalette_Gloom
0x08C4D4A8	rom	gMonBackPic_Gloom
0x08C4D810	rom	gMonShinyPalette_Gloom
0x08C4D838	rom	gMonIcon_Gloom
0x08C4DC38	rom	gMonFootprint_Gloom
0x08C4DC58	rom	gMonStillFrontPic_Vileplume
0x08C4DFD4	rom	gMonPalette_Vileplume
0x08C4DFFC	rom	gMonBackPic_Vileplume
0x08C4E414	rom	gMonShinyPalette_Vileplume
0x08C4E43C	rom	gMonIcon_Vileplume
0x08C4E83C	rom	gMonFootprint_Vileplume
0x08C4E85C	rom	gMonStillFrontPic_Paras
0x08C4EAC8	rom	gMonPalette_Paras
0x08C4EAF0	rom	gMonBackPic_Paras
0x08C4ED90	rom	gMonShinyPalette_Paras
0x08C4EDB8	rom	gMonIcon_Paras
0x08C4F1B8	rom	gMonFootprint_Paras
0x08C4F1D8	rom	gMonStillFrontPic_Parasect
0x08C4F59C	rom	gMonPalette_Parasect
0x08C4F5C4	rom	gMonBackPic_Parasect
0x08C4F8C0	rom	gMonShinyPalette_Parasect
0x08C4F8E8	rom	gMonIcon_Parasect
0x08C4FCE8	rom	gMonFootprint_Parasect
0x08C4FD08	rom	gMonStillFrontPic_Venonat
0x08C50080	rom	gMonPalette_Venonat
0x08C500A8	rom	gMonBackPic_Venonat
0x08C503D8	rom	gMonShinyPalette_Venonat
0x08C50400	rom	gMonIcon_Venonat
0x08C50800	rom	gMonFootprint_Venonat
0x08C50820	rom	gMonStillFrontPic_Venomoth
0x08C50CC4	rom	gMonPalette_Venomoth
0x08C50CEC	rom	gMonBackPic_Venomoth
0x08C510B0	rom	gMonShinyPalette_Venomoth
0x08C510D8	rom	gMonIcon_Venomoth
0x08C514D8	rom	gMonFootprint_Venomoth
0x08C514F8	rom	gMonStillFrontPic_Diglett
0x08C51704	rom	gMonPalette_Diglett
0x08C5172C	rom	gMonBackPic_Diglett
0x08C51938	rom	gMonShinyPalette_Diglett
0x08C51960	rom	gMonIcon_Diglett
0x08C51D60	rom	gMonFootprint_Diglett
0x08C51D80	rom	gMonStillFrontPic_Dugtrio
0x08C520A4	rom	gMonPalette_Dugtrio
0x08C520CC	rom	gMonBackPic_Dugtrio
0x08C52378	rom	gMonShinyPalette_Dugtrio
0x08C523A0	rom	gMonIcon_Dugtrio
0x08C527A0	rom	gMonFootprint_Dugtrio
0x08C527C0	rom	gMonStillFrontPic_Meowth
0x08C52AAC	rom	gMonPalette_Meowth
0x08C52AD4	rom	gMonBackPic_Meowth
0x08C52DB8	rom	gMonShinyPalette_Meowth
0x08C52DE0	rom	gMonIcon_Meowth
0x08C531E0	rom	gMonFootprint_Meowth
0x08C53200	rom	gMonStillFrontPic_Persian
0x08C535B4	rom	gMonPalette_Persian
0x08C535DC	rom	gMonBackPic_Persian
0x08C53940	rom	gMonShinyPalette_Persian
0x08C53968	rom	gMonIcon_Persian
0x08C53D68	rom	gMonFootprint_Persian
0x08C53D88	rom	gMonStillFrontPic_Psyduck
0x08C54060	rom	gMonPalette_Psyduck
0x08C54088	rom	gMonBackPic_Psyduck
0x08C54324	rom	gMonShinyPalette_Psyduck
0x08C5434C	rom	gMonIcon_Psyduck
0x08C5474C	rom	gMonFootprint_Psyduck
0x08C5476C	rom	gMonStillFrontPic_Golduck
0x08C54B44	rom	gMonPalette_Golduck
0x08C54B6C	rom	gMonBackPic_Golduck
0x08C54E98	rom	gMonShinyPalette_Golduck
0x08C54EC0	rom	gMonIcon_Golduck
0x08C552C0	rom	gMonFootprint_Golduck
0x08C552E0	rom	gMonStillFrontPic_Mankey
0x08C555F8	rom	gMonPalette_Mankey
0x08C55620	rom	gMonBackPic_Mankey
0x08C55988	rom	gMonShinyPalette_Mankey
0x08C559B0	rom	gMonIcon_Mankey
0x08C55DB0	rom	gMonFootprint_Mankey
0x08C55DD0	rom	gMonStillFrontPic_Primeape
0x08C56180	rom	gMonPalette_Primeape
0x08C561A8	rom	gMonBackPic_Primeape
0x08C56518	rom	gMonShinyPalette_Primeape
0x08C56540	rom	gMonIcon_Primeape
0x08C56940	rom	gMonFootprint_Primeape
0x08C56960	rom	gMonStillFrontPic_Growlithe
0x08C56CB8	rom	gMonPalette_Growlithe
0x08C56CE0	rom	gMonBackPic_Growlithe
0x08C5701C	rom	gMonShinyPalette_Growlithe
0x08C57044	rom	gMonIcon_Growlithe
0x08C57444	rom	gMonFootprint_Growlithe
0x08C57464	rom	gMonStillFrontPic_Arcanine
0x08C57998	rom	gMonPalette_Arcanine
0x08C579C0	rom	gMonBackPic_Arcanine
0x08C57DA0	rom	gMonShinyPalette_Arcanine
0x08C57DC8	rom	gMonIcon_Arcanine
0x08C581C8	rom	gMonFootprint_Arcanine
0x08C581E8	rom	gMonStillFrontPic_Poliwag
0x08C58470	rom	gMonPalette_Poliwag
0x08C58498	rom	gMonBackPic_Poliwag
0x08C58708	rom	gMonShinyPalette_Poliwag
0x08C58730	rom	gMonIcon_Poliwag
0x08C58B30	rom	gMonFootprint_Poliwag
0x08C58B50	rom	gMonStillFrontPic_Poliwhirl
0x08C58F14	rom	gMonPalette_Poliwhirl
0x08C58F3C	rom	gMonBackPic_Poliwhirl
0x08C591FC	rom	gMonShinyPalette_Poliwhirl
0x08C59224	rom	gMonIcon_Poliwhirl
0x08C59624	rom	gMonFootprint_Poliwhirl
0x08C59644	rom	gMonStillFrontPic_Poliwrath
0x08C59A0C	rom	gMonPalette_Poliwrath
0x08C59A34	rom	gMonBackPic_Poliwrath
0x08C59D54	rom	gMonShinyPalette_Poliwrath
0x08C59D7C	rom	gMonIcon_Poliwrath
0x08C5A17C	rom	gMonFootprint_Poliwrath
0x08C5A19C	rom	gMonStillFrontPic_Abra
0x08C5A480	rom	gMonPalette_Abra
0x08C5A4A4	rom	gMonBackPic_Abra
0x08C5A7B8	rom	gMonShinyPalette_Abra
0x08C5A7DC	rom	gMonIcon_Abra
0x08C5ABDC	rom	gMonFootprint_Abra
0x08C5ABFC	rom	gMonStillFrontPic_Kadabra
0x08C5B060	rom	gMonPalette_Kadabra
0x08C5B088	rom	gMonBackPic_Kadabra
0x08C5B464	rom	gMonShinyPalette_Kadabra
0x08C5B48C	rom	gMonIcon_Kadabra
0x08C5B88C	rom	gMonFootprint_Kadabra
0x08C5B8AC	rom	gMonStillFrontPic_Alakazam
0x08C5BCA8	rom	gMonPalette_Alakazam
0x08C5BCD0	rom	gMonBackPic_Alakazam
0x08C5C114	rom	gMonShinyPalette_Alakazam
0x08C5C13C	rom	gMonIcon_Alakazam
0x08C5C53C	rom	gMonFootprint_Alakazam
0x08C5C55C	rom	gMonStillFrontPic_Machop
0x08C5C800	rom	gMonPalette_Machop
0x08C5C828	rom	gMonBackPic_Machop
0x08C5CB08	rom	gMonShinyPalette_Machop
0x08C5CB30	rom	gMonIcon_Machop
0x08C5CF30	rom	gMonFootprint_Machop
0x08C5CF50	rom	gMonStillFrontPic_Machoke
0x08C5D300	rom	gMonPalette_Machoke
0x08C5D328	rom	gMonBackPic_Machoke
0x08C5D678	rom	gMonShinyPalette_Machoke
0x08C5D6A0	rom	gMonIcon_Machoke
0x08C5DAA0	rom	gMonFootprint_Machoke
0x08C5DAC0	rom	gMonStillFrontPic_Machamp
0x08C5E010	rom	gMonPalette_Machamp
0x08C5E038	rom	gMonBackPic_Machamp
0x08C5E494	rom	gMonShinyPalette_Machamp
0x08C5E4BC	rom	gMonIcon_Machamp
0x08C5E8BC	rom	gMonFootprint_Machamp
0x08C5E8DC	rom	gMonStillFrontPic_Bellsprout
0x08C5EB5C	rom	gMonPalette_Bellsprout
0x08C5EB84	rom	gMonBackPic_Bellsprout
0x08C5EE20	rom	gMonShinyPalette_Bellsprout
0x08C5EE48	rom	gMonIcon_Bellsprout
0x08C5F248	rom	gMonFootprint_Bellsprout
0x08C5F268	rom	gMonStillFrontPic_Weepinbell
0x08C5F58C	rom	gMonPalette_Weepinbell
0x08C5F5B4	rom	gMonBackPic_Weepinbell
0x08C5F8B0	rom	gMonShinyPalette_Weepinbell
0x08C5F8D8	rom	gMonIcon_Weepinbell
0x08C5FCD8	rom	gMonFootprint_Weepinbell
0x08C5FCF8	rom	gMonStillFrontPic_Victreebel
0x08C60124	rom	gMonPalette_Victreebel
0x08C6014C	rom	gMonBackPic_Victreebel
0x08C604E4	rom	gMonShinyPalette_Victreebel
0x08C6050C	rom	gMonIcon_Victreebel
0x08C6090C	rom	gMonFootprint_Victreebel
0x08C6092C	rom	gMonStillFrontPic_Tentacool
0x08C60BCC	rom	gMonPalette_Tentacool
0x08C60BF4	rom	gMonBackPic_Tentacool
0x08C60EC0	rom	gMonShinyPalette_Tentacool
0x08C60EE8	rom	gMonIcon_Tentacool
0x08C612E8	rom	gMonFootprint_Tentacool
0x08C61308	rom	gMonStillFrontPic_Tentacruel
0x08C617A4	rom	gMonPalette_Tentacruel
0x08C617CC	rom	gMonBackPic_Tentacruel
0x08C61B68	rom	gMonShinyPalette_Tentacruel
0x08C61B90	rom	gMonIcon_Tentacruel
0x08C61F90	rom	gMonFootprint_Tentacruel
0x08C61FB0	rom	gMonStillFrontPic_Geodude
0x08C6221C	rom	gMonPalette_Geodude
0x08C62238	rom	gMonBackPic_Geodude
0x08C624CC	rom	gMonShinyPalette_Geodude
0x08C624E8	rom	gMonIcon_Geodude
0x08C628E8	rom	gMonFootprint_Geodude
0x08C62908	rom	gMonStillFrontPic_Graveler
0x08C62D10	rom	gMonPalette_Graveler
0x08C62D30	rom	gMonBackPic_Graveler
0x08C62FAC	rom	gMonShinyPalette_Graveler
0x08C62FCC	rom	gMonIcon_Graveler
0x08C633CC	rom	gMonFootprint_Graveler
0x08C633EC	rom	gMonStillFrontPic_Golem
0x08C63868	rom	gMonPalette_Golem
0x08C63890	rom	gMonBackPic_Golem
0x08C63B50	rom	gMonShinyPalette_Golem
0x08C63B78	rom	gMonIcon_Golem
0x08C63F78	rom	gMonFootprint_Golem
0x08C63F98	rom	gMonStillFrontPic_Ponyta
0x08C64340	rom	gMonPalette_Ponyta
0x08C64368	rom	gMonBackPic_Ponyta
0x08C646A4	rom	gMonShinyPalette_Ponyta
0x08C646CC	rom	gMonIcon_Ponyta
0x08C64ACC	rom	gMonFootprint_Ponyta
0x08C64AEC	rom	gMonStillFrontPic_Rapidash
0x08C64FBC	rom	gMonPalette_Rapidash
0x08C64FE4	rom	gMonBackPic_Rapidash
0x08C653F4	rom	gMonShinyPalette_Rapidash
0x08C6541C	rom	gMonIcon_Rapidash
0x08C6581C	rom	gMonFootprint_Rapidash
0x08C6583C	rom	gMonStillFrontPic_Slowpoke
0x08C65B48	rom	gMonPalette_Slowpoke
0x08C65B70	rom	gMonBackPic_Slowpoke
0x08C65DD4	rom	gMonShinyPalette_Slowpoke
0x08C65DFC	rom	gMonIcon_Slowpoke
0x08C661FC	rom	gMonFootprint_Slowpoke
0x08C6621C	rom	gMonStillFrontPic_Slowbro
0x08C666DC	rom	gMonPalette_Slowbro
0x08C66704	rom	gMonBackPic_Slowbro
0x08C66AA0	rom	gMonShinyPalette_Slowbro
0x08C66AC8	rom	gMonIcon_Slowbro
0x08C66EC8	rom	gMonFootprint_Slowbro
0x08C66EE8	rom	gMonStillFrontPic_Magnemite
0x08C670C0	rom	gMonPalette_Magnemite
0x08C670E8	rom	gMonBackPic_Magnemite
0x08C672D0	rom	gMonShinyPalette_Magnemite
0x08C672F4	rom	gMonIcon_Magnemite
0x08C676F4	rom	gMonFootprint_Magnemite
0x08C67714	rom	gMonStillFrontPic_Magneton
0x08C67B18	rom	gMonPalette_Magneton
0x08C67B40	rom	gMonBackPic_Magneton
0x08C67EC0	rom	gMonShinyPalette_Magneton
0x08C67EE8	rom	gMonIcon_Magneton
0x08C682E8	rom	gMonFootprint_Magneton
0x08C68308	rom	gMonStillFrontPic_Farfetchd
0x08C68684	rom	gMonPalette_Farfetchd
0x08C686AC	rom	gMonBackPic_Farfetchd
0x08C68A18	rom	gMonShinyPalette_Farfetchd
0x08C68A40	rom	gMonIcon_Farfetchd
0x08C68E40	rom	gMonFootprint_Farfetchd
0x08C68E60	rom	gMonStillFrontPic_Doduo
0x08C691B4	rom	gMonPalette_Doduo
0x08C691D8	rom	gMonBackPic_Doduo
0x08C694F0	rom	gMonShinyPalette_Doduo
0x08C69514	rom	gMonIcon_Doduo
0x08C69914	rom	gMonFootprint_Doduo
0x08C69934	rom	gMonStillFrontPic_Dodrio
0x08C69E10	rom	gMonPalette_Dodrio
0x08C69E38	rom	gMonBackPic_Dodrio
0x08C6A29C	rom	gMonShinyPalette_Dodrio
0x08C6A2C4	rom	gMonIcon_Dodrio
0x08C6A6C4	rom	gMonFootprint_Dodrio
0x08C6A6E4	rom	gMonStillFrontPic_Seel
0x08C6A9EC	rom	gMonPalette_Seel
0x08C6AA14	rom	gMonBackPic_Seel
0x08C6AD00	rom	gMonShinyPalette_Seel
0x08C6AD28	rom	gMonIcon_Seel
0x08C6B128	rom	gMonFootprint_Seel
0x08C6B148	rom	gMonStillFrontPic_Dewgong
0x08C6B510	rom	gMonPalette_Dewgong
0x08C6B530	rom	gMonBackPic_Dewgong
0x08C6B7C4	rom	gMonShinyPalette_Dewgong
0x08C6B7E4	rom	gMonIcon_Dewgong
0x08C6BBE4	rom	gMonFootprint_Dewgong
0x08C6BC04	rom	gMonStillFrontPic_Grimer
0x08C6BF20	rom	gMonPalette_Grimer
0x08C6BF44	rom	gMonBackPic_Grimer
0x08C6C228	rom	gMonShinyPalette_Grimer
0x08C6C24C	rom	gMonIcon_Grimer
0x08C6C64C	rom	gMonFootprint_Grimer
0x08C6C66C	rom	gMonStillFrontPic_Muk
0x08C6CAB8	rom	gMonPalette_Muk
0x08C6CADC	rom	gMonBackPic_Muk
0x08C6CE34	rom	gMonShinyPalette_Muk
0x08C6CE58	rom	gMonIcon_Muk
0x08C6D258	rom	gMonFootprint_Muk
0x08C6D278	rom	gMonStillFrontPic_Shellder
0x08C6D4E0	rom	gMonPalette_Shellder
0x08C6D504	rom	gMonBackPic_Shellder
0x08C6D818	rom	gMonShinyPalette_Shellder
0x08C6D83C	rom	gMonIcon_Shellder
0x08C6DC3C	rom	gMonFootprint_Shellder
0x08C6DC5C	rom	gMonStillFrontPic_Cloyster
0x08C6E094	rom	gMonPalette_Cloyster
0x08C6E0B8	rom	gMonBackPic_Cloyster
0x08C6E4C4	rom	gMonShinyPalette_Cloyster
0x08C6E4E8	rom	gMonIcon_Cloyster
0x08C6E8E8	rom	gMonFootprint_Cloyster
0x08C6E908	rom	gMonStillFrontPic_Gastly
0x08C6ECC0	rom	gMonPalette_Gastly
0x08C6ECE8	rom	gMonBackPic_Gastly
0x08C6F00C	rom	gMonShinyPalette_Gastly
0x08C6F034	rom	gMonIcon_Gastly
0x08C6F434	rom	gMonFootprint_Gastly
0x08C6F454	rom	gMonStillFrontPic_Haunter
0x08C6F854	rom	gMonPalette_Haunter
0x08C6F878	rom	gMonBackPic_Haunter
0x08C6FBA0	rom	gMonShinyPalette_Haunter
0x08C6FBC4	rom	gMonIcon_Haunter
0x08C6FFC4	rom	gMonFootprint_Haunter
0x08C6FFE4	rom	gMonStillFrontPic_Gengar
0x08C70380	rom	gMonPalette_Gengar
0x08C703A4	rom	gMonBackPic_Gengar
0x08C7068C	rom	gMonShinyPalette_Gengar
0x08C706B0	rom	gMonIcon_Gengar
0x08C70AB0	rom	gMonFootprint_Gengar
0x08C70AD0	rom	gMonStillFrontPic_Onix
0x08C70F48	rom	gMonPalette_Onix
0x08C70F64	rom	gMonBackPic_Onix
0x08C712E0	rom	gMonShinyPalette_Onix
0x08C712FC	rom	gMonIcon_Onix
0x08C716FC	rom	gMonFootprint_Onix
0x08C7171C	rom	gMonStillFrontPic_Drowzee
0x08C71A94	rom	gMonPalette_Drowzee
0x08C71AB8	rom	gMonBackPic_Drowzee
0x08C71D14	rom	gMonShinyPalette_Drowzee
0x08C71D38	rom	gMonIcon_Drowzee
0x08C72138	rom	gMonFootprint_Drowzee
0x08C72158	rom	gMonStillFrontPic_Hypno
0x08C72544	rom	gMonPalette_Hypno
0x08C72568	rom	gMonBackPic_Hypno
0x08C72898	rom	gMonShinyPalette_Hypno
0x08C728BC	rom	gMonIcon_Hypno
0x08C72CBC	rom	gMonFootprint_Hypno
0x08C72CDC	rom	gMonStillFrontPic_Krabby
0x08C72F94	rom	gMonPalette_Krabby
0x08C72FBC	rom	gMonBackPic_Krabby
0x08C73348	rom	gMonShinyPalette_Krabby
0x08C73370	rom	gMonIcon_Krabby
0x08C73770	rom	gMonFootprint_Krabby
0x08C73790	rom	gMonStillFrontPic_Kingler
0x08C73CC4	rom	gMonPalette_Kingler
0x08C73CE8	rom	gMonBackPic_Kingler
0x08C7406C	rom	gMonShinyPalette_Kingler
0x08C74090	rom	gMonIcon_Kingler
0x08C74490	rom	gMonFootprint_Kingler
0x08C744B0	rom	gMonStillFrontPic_Voltorb
0x08C746B8	rom	gMonPalette_Voltorb
0x08C746DC	rom	gMonBackPic_Voltorb
0x08C74950	rom	gMonShinyPalette_Voltorb
0x08C74974	rom	gMonIcon_Voltorb
0x08C74D74	rom	gMonFootprint_Voltorb
0x08C74D94	rom	gMonStillFrontPic_Electrode
0x08C75000	rom	gMonPalette_Electrode
0x08C75024	rom	gMonBackPic_Electrode
0x08C75294	rom	gMonShinyPalette_Electrode
0x08C752B8	rom	gMonIcon_Electrode
0x08C756B8	rom	gMonFootprint_Electrode
0x08C756D8	rom	gMonStillFrontPic_Exeggcute
0x08C75ADC	rom	gMonPalette_Exeggcute
0x08C75B00	rom	gMonBackPic_Exeggcute
0x08C75E08	rom	gMonShinyPalette_Exeggcute
0x08C75E2C	rom	gMonIcon_Exeggcute
0x08C7622C	rom	gMonFootprint_Exeggcute
0x08C7624C	rom	gMonStillFrontPic_Exeggutor
0x08C7674C	rom	gMonPalette_Exeggutor
0x08C76774	rom	gMonBackPic_Exeggutor
0x08C76C14	rom	gMonShinyPalette_Exeggutor
0x08C76C3C	rom	gMonIcon_Exeggutor
0x08C7703C	rom	gMonFootprint_Exeggutor
0x08C7705C	rom	gMonStillFrontPic_Cubone
0x08C7732C	rom	gMonPalette_Cubone
0x08C77354	rom	gMonBackPic_Cubone
0x08C77694	rom	gMonShinyPalette_Cubone
0x08C776BC	rom	gMonIcon_Cubone
0x08C77ABC	rom	gMonFootprint_Cubone
0x08C77ADC	rom	gMonStillFrontPic_Marowak
0x08C77E64	rom	gMonPalette_Marowak
0x08C77E8C	rom	gMonBackPic_Marowak
0x08C781D4	rom	gMonShinyPalette_Marowak
0x08C781FC	rom	gMonIcon_Marowak
0x08C785FC	rom	gMonFootprint_Marowak
0x08C7861C	rom	gMonStillFrontPic_Hitmonlee
0x08C78A1C	rom	gMonPalette_Hitmonlee
0x08C78A44	rom	gMonBackPic_Hitmonlee
0x08C78CE8	rom	gMonShinyPalette_Hitmonlee
0x08C78D10	rom	gMonIcon_Hitmonlee
0x08C79110	rom	gMonFootprint_Hitmonlee
0x08C79130	rom	gMonStillFrontPic_Hitmonchan
0x08C79470	rom	gMonPalette_Hitmonchan
0x08C79498	rom	gMonBackPic_Hitmonchan
0x08C797DC	rom	gMonShinyPalette_Hitmonchan
0x08C79804	rom	gMonIcon_Hitmonchan
0x08C79C04	rom	gMonFootprint_Hitmonchan
0x08C79C24	rom	gMonStillFrontPic_Lickitung
0x08C79FDC	rom	gMonPalette_Lickitung
0x08C7A004	rom	gMonBackPic_Lickitung
0x08C7A2C4	rom	gMonShinyPalette_Lickitung
0x08C7A2EC	rom	gMonIcon_Lickitung
0x08C7A6EC	rom	gMonFootprint_Lickitung
0x08C7A70C	rom	gMonStillFrontPic_Koffing
0x08C7AA68	rom	gMonPalette_Koffing
0x08C7AA90	rom	gMonBackPic_Koffing
0x08C7AD90	rom	gMonShinyPalette_Koffing
0x08C7ADB8	rom	gMonIcon_Koffing
0x08C7B1B8	rom	gMonFootprint_Koffing
0x08C7B1D8	rom	gMonStillFrontPic_Weezing
0x08C7B660	rom	gMonPalette_Weezing
0x08C7B688	rom	gMonBackPic_Weezing
0x08C7B9B8	rom	gMonShinyPalette_Weezing
0x08C7B9E0	rom	gMonIcon_Weezing
0x08C7BDE0	rom	gMonFootprint_Weezing
0x08C7BE00	rom	gMonStillFrontPic_Rhyhorn
0x08C7C204	rom	gMonPalette_Rhyhorn
0x08C7C224	rom	gMonBackPic_Rhyhorn
0x08C7C56C	rom	gMonShinyPalette_Rhyhorn
0x08C7C58C	rom	gMonIcon_Rhyhorn
0x08C7C98C	rom	gMonFootprint_Rhyhorn
0x08C7C9AC	rom	gMonStillFrontPic_Rhydon
0x08C7CEB4	rom	gMonPalette_Rhydon
0x08C7CEDC	rom	gMonBackPic_Rhydon
0x08C7D32C	rom	gMonShinyPalette_Rhydon
0x08C7D354	rom	gMonIcon_Rhydon
0x08C7D754	rom	gMonFootprint_Rhydon
0x08C7D774	rom	gMonStillFrontPic_Chansey
0x08C7DAC8	rom	gMonPalette_Chansey
0x08C7DAEC	rom	gMonBackPic_Chansey
0x08C7DDC0	rom	gMonShinyPalette_Chansey
0x08C7DDE4	rom	gMonIcon_Chansey
0x08C7E1E4	rom	gMonFootprint_Chansey
0x08C7E204	rom	gMonStillFrontPic_Tangela
0x08C7E5D8	rom	gMonPalette_Tangela
0x08C7E5FC	rom	gMonBackPic_Tangela
0x08C7E9A8	rom	gMonShinyPalette_Tangela
0x08C7E9CC	rom	gMonIcon_Tangela
0x08C7EDCC	rom	gMonFootprint_Tangela
0x08C7EDEC	rom	gMonStillFrontPic_Kangaskhan
0x08C7F2E4	rom	gMonPalette_Kangaskhan
0x08C7F30C	rom	gMonBackPic_Kangaskhan
0x08C7F73C	rom	gMonShinyPalette_Kangaskhan
0x08C7F764	rom	gMonIcon_Kangaskhan
0x08C7FB64	rom	gMonFootprint_Kangaskhan
0x08C7FB84	rom	gMonStillFrontPic_Horsea
0x08C7FDFC	rom	gMonPalette_Horsea
0x08C7FE24	rom	gMonBackPic_Horsea
0x08C80104	rom	gMonShinyPalette_Horsea
0x08C8012C	rom	gMonIcon_Horsea
0x08C8052C	rom	gMonFootprint_Horsea
0x08C8054C	rom	gMonStillFrontPic_Seadra
0x08C8090C	rom	gMonPalette_Seadra
0x08C80934	rom	gMonBackPic_Seadra
0x08C80CD4	rom	gMonShinyPalette_Seadra
0x08C80CFC	rom	gMonIcon_Seadra
0x08C810FC	rom	gMonFootprint_Seadra
0x08C8111C	rom	gMonStillFrontPic_Goldeen
0x08C81484	rom	gMonPalette_Goldeen
0x08C814AC	rom	gMonBackPic_Goldeen
0x08C8181C	rom	gMonShinyPalette_Goldeen
0x08C81844	rom	gMonIcon_Goldeen
0x08C81C44	rom	gMonFootprint_Goldeen
0x08C81C64	rom	gMonStillFrontPic_Seaking
0x08C820D8	rom	gMonPalette_Seaking
0x08C82100	rom	gMonBackPic_Seaking
0x08C82450	rom	gMonShinyPalette_Seaking
0x08C82478	rom	gMonIcon_Seaking
0x08C82878	rom	gMonFootprint_Seaking
0x08C82898	rom	gMonStillFrontPic_Staryu
0x08C82B7C	rom	gMonPalette_Staryu
0x08C82BA4	rom	gMonBackPic_Staryu
0x08C82E30	rom	gMonShinyPalette_Staryu
0x08C82E58	rom	gMonIcon_Staryu
0x08C83258	rom	gMonFootprint_Staryu
0x08C83278	rom	gMonStillFrontPic_Starmie
0x08C836A0	rom	gMonPalette_Starmie
0x08C836C8	rom	gMonBackPic_Starmie
0x08C8396C	rom	gMonShinyPalette_Starmie
0x08C83994	rom	gMonIcon_Starmie
0x08C83D94	rom	gMonFootprint_Starmie
0x08C83DB4	rom	gMonStillFrontPic_MrMime
0x08C84164	rom	gMonPalette_MrMime
0x08C8418C	rom	gMonBackPic_MrMime
0x08C844C0	rom	gMonShinyPalette_MrMime
0x08C844E8	rom	gMonIcon_MrMime
0x08C848E8	rom	gMonFootprint_MrMime
0x08C84908	rom	gMonStillFrontPic_Scyther
0x08C84DB4	rom	gMonPalette_Scyther
0x08C84DDC	rom	gMonBackPic_Scyther
0x08C85184	rom	gMonShinyPalette_Scyther
0x08C851AC	rom	gMonIcon_Scyther
0x08C855AC	rom	gMonFootprint_Scyther
0x08C855CC	rom	gMonStillFrontPic_Jynx
0x08C85A68	rom	gMonPalette_Jynx
0x08C85A90	rom	gMonBackPic_Jynx
0x08C85D88	rom	gMonShinyPalette_Jynx
0x08C85DB0	rom	gMonIcon_Jynx
0x08C861B0	rom	gMonFootprint_Jynx
0x08C861D0	rom	gMonStillFrontPic_Electabuzz
0x08C8664C	rom	gMonPalette_Electabuzz
0x08C86674	rom	gMonBackPic_Electabuzz
0x08C86984	rom	gMonShinyPalette_Electabuzz
0x08C869AC	rom	gMonIcon_Electabuzz
0x08C86DAC	rom	gMonFootprint_Electabuzz
0x08C86DCC	rom	gMonStillFrontPic_Magmar
0x08C87274	rom	gMonPalette_Magmar
0x08C8729C	rom	gMonBackPic_Magmar
0x08C875E4	rom	gMonShinyPalette_Magmar
0x08C8760C	rom	gMonIcon_Magmar
0x08C87A0C	rom	gMonFootprint_Magmar
0x08C87A2C	rom	gMonStillFrontPic_Pinsir
0x08C87E54	rom	gMonPalette_Pinsir
0x08C87E78	rom	gMonBackPic_Pinsir
0x08C881CC	rom	gMonShinyPalette_Pinsir
0x08C881F0	rom	gMonIcon_Pinsir
0x08C885F0	rom	gMonFootprint_Pinsir
0x08C88610	rom	gMonStillFrontPic_Tauros
0x08C88AE0	rom	gMonPalette_Tauros
0x08C88B08	rom	gMonBackPic_Tauros
0x08C88DBC	rom	gMonShinyPalette_Tauros
0x08C88DE4	rom	gMonIcon_Tauros
0x08C891E4	rom	gMonFootprint_Tauros
0x08C89204	rom	gMonStillFrontPic_Magikarp
0x08C89554	rom	gMonPalette_Magikarp
0x08C8957C	rom	gMonBackPic_Magikarp
0x08C898AC	rom	gMonShinyPalette_Magikarp
0x08C898D4	rom	gMonIcon_Magikarp
0x08C89CD4	rom	gMonFootprint_Magikarp
0x08C89CF4	rom	gMonStillFrontPic_Gyarados
0x08C8A25C	rom	gMonPalette_Gyarados
0x08C8A284	rom	gMonBackPic_Gyarados
0x08C8A758	rom	gMonShinyPalette_Gyarados
0x08C8A780	rom	gMonIcon_Gyarados
0x08C8AB80	rom	gMonFootprint_Gyarados
0x08C8ABA0	rom	gMonStillFrontPic_Lapras
0x08C8AF60	rom	gMonPalette_Lapras
0x08C8AF88	rom	gMonBackPic_Lapras
0x08C8B2CC	rom	gMonShinyPalette_Lapras
0x08C8B2F4	rom	gMonIcon_Lapras
0x08C8B6F4	rom	gMonFootprint_Lapras
0x08C8B714	rom	gMonStillFrontPic_Ditto
0x08C8B904	rom	gMonPalette_Ditto
0x08C8B924	rom	gMonBackPic_Ditto
0x08C8BB24	rom	gMonShinyPalette_Ditto
0x08C8BB44	rom	gMonIcon_Ditto
0x08C8BF44	rom	gMonFootprint_Ditto
0x08C8BF64	rom	gMonStillFrontPic_Eevee
0x08C8C208	rom	gMonPalette_Eevee
0x08C8C22C	rom	gMonBackPic_Eevee
0x08C8C554	rom	gMonShinyPalette_Eevee
0x08C8C578	rom	gMonIcon_Eevee
0x08C8C978	rom	gMonFootprint_Eevee
0x08C8C998	rom	gMonStillFrontPic_Vaporeon
0x08C8CD2C	rom	gMonPalette_Vaporeon
0x08C8CD54	rom	gMonBackPic_Vaporeon
0x08C8D01C	rom	gMonShinyPalette_Vaporeon
0x08C8D044	rom	gMonIcon_Vaporeon
0x08C8D444	rom	gMonFootprint_Vaporeon
0x08C8D464	rom	gMonStillFrontPic_Jolteon
0x08C8D804	rom	gMonPalette_Jolteon
0x08C8D82C	rom	gMonBackPic_Jolteon
0x08C8DBBC	rom	gMonShinyPalette_Jolteon
0x08C8DBE4	rom	gMonIcon_Jolteon
0x08C8DFE4	rom	gMonFootprint_Jolteon
0x08C8E004	rom	gMonStillFrontPic_Flareon
0x08C8E380	rom	gMonPalette_Flareon
0x08C8E3A8	rom	gMonBackPic_Flareon
0x08C8E738	rom	gMonShinyPalette_Flareon
0x08C8E760	rom	gMonIcon_Flareon
0x08C8EB60	rom	gMonFootprint_Flareon
0x08C8EB80	rom	gMonStillFrontPic_Porygon
0x08C8EE3C	rom	gMonPalette_Porygon
0x08C8EE60	rom	gMonBackPic_Porygon
0x08C8F118	rom	gMonShinyPalette_Porygon
0x08C8F13C	rom	gMonIcon_Porygon
0x08C8F53C	rom	gMonFootprint_Porygon
0x08C8F55C	rom	gMonStillFrontPic_Omanyte
0x08C8F804	rom	gMonPalette_Omanyte
0x08C8F82C	rom	gMonBackPic_Omanyte
0x08C8FB78	rom	gMonShinyPalette_Omanyte
0x08C8FBA0	rom	gMonIcon_Omanyte
0x08C8FFA0	rom	gMonFootprint_Omanyte
0x08C8FFC0	rom	gMonStillFrontPic_Omastar
0x08C90380	rom	gMonPalette_Omastar
0x08C903A8	rom	gMonBackPic_Omastar
0x08C906E8	rom	gMonShinyPalette_Omastar
0x08C90710	rom	gMonIcon_Omastar
0x08C90B10	rom	gMonFootprint_Omastar
0x08C90B30	rom	gMonStillFrontPic_Kabuto
0x08C90DA0	rom	gMonPalette_Kabuto
0x08C90DC8	rom	gMonBackPic_Kabuto
0x08C91060	rom	gMonShinyPalette_Kabuto
0x08C91088	rom	gMonIcon_Kabuto
0x08C91488	rom	gMonFootprint_Kabuto
0x08C914A8	rom	gMonStillFrontPic_Kabutops
0x08C918A8	rom	gMonPalette_Kabutops
0x08C918CC	rom	gMonBackPic_Kabutops
0x08C91C70	rom	gMonShinyPalette_Kabutops
0x08C91C94	rom	gMonIcon_Kabutops
0x08C92094	rom	gMonFootprint_Kabutops
0x08C920B4	rom	gMonStillFrontPic_Aerodactyl
0x08C92534	rom	gMonPalette_Aerodactyl
0x08C9255C	rom	gMonBackPic_Aerodactyl
0x08C92860	rom	gMonShinyPalette_Aerodactyl
0x08C92888	rom	gMonIcon_Aerodactyl
0x08C92C88	rom	gMonFootprint_Aerodactyl
0x08C92CA8	rom	gMonStillFrontPic_Snorlax
0x08C930EC	rom	gMonPalette_Snorlax
0x08C93114	rom	gMonBackPic_Snorlax
0x08C93330	rom	gMonShinyPalette_Snorlax
0x08C93358	rom	gMonIcon_Snorlax
0x08C93758	rom	gMonFootprint_Snorlax
0x08C93778	rom	gMonStillFrontPic_Articuno
0x08C93C70	rom	gMonPalette_Articuno
0x08C93C98	rom	gMonBackPic_Articuno
0x08C93EF4	rom	gMonShinyPalette_Articuno
0x08C93F1C	rom	gMonIcon_Articuno
0x08C9431C	rom	gMonFootprint_Articuno
0x08C9433C	rom	gMonStillFrontPic_Zapdos
0x08C947B0	rom	gMonPalette_Zapdos
0x08C947D8	rom	gMonBackPic_Zapdos
0x08C94B14	rom	gMonShinyPalette_Zapdos
0x08C94B3C	rom	gMonIcon_Zapdos
0x08C94F3C	rom	gMonFootprint_Zapdos
0x08C94F5C	rom	gMonStillFrontPic_Moltres
0x08C9550C	rom	gMonPalette_Moltres
0x08C95534	rom	gMonBackPic_Moltres
0x08C95870	rom	gMonShinyPalette_Moltres
0x08C95898	rom	gMonIcon_Moltres
0x08C95C98	rom	gMonFootprint_Moltres
0x08C95CB8	rom	gMonStillFrontPic_Dratini
0x08C95F70	rom	gMonPalette_Dratini
0x08C95F94	rom	gMonBackPic_Dratini
0x08C96224	rom	gMonShinyPalette_Dratini
0x08C96248	rom	gMonIcon_Dratini
0x08C96648	rom	gMonFootprint_Dratini
0x08C96668	rom	gMonStillFrontPic_Dragonair
0x08C969C8	rom	gMonPalette_Dragonair
0x08C969F0	rom	gMonBackPic_Dragonair
0x08C96D00	rom	gMonShinyPalette_Dragonair
0x08C96D28	rom	gMonIcon_Dragonair
0x08C97128	rom	gMonFootprint_Dragonair
0x08C97148	rom	gMonStillFrontPic_Dragonite
0x08C976B8	rom	gMonPalette_Dragonite
0x08C976E0	rom	gMonBackPic_Dragonite
0x08C979DC	rom	gMonShinyPalette_Dragonite
0x08C97A04	rom	gMonIcon_Dragonite
0x08C97E04	rom	gMonFootprint_Dragonite
0x08C97E24	rom	gMonStillFrontPic_Mewtwo
0x08C98260	rom	gMonPalette_Mewtwo
0x08C98284	rom	gMonBackPic_Mewtwo
0x08C98650	rom	gMonShinyPalette_Mewtwo
0x08C98674	rom	gMonIcon_Mewtwo
0x08C98A74	rom	gMonFootprint_Mewtwo
0x08C98A94	rom	gMonStillFrontPic_Mew
0x08C98D14	rom	gMonPalette_Mew
0x08C98D38	rom	gMonBackPic_Mew
0x08C99004	rom	gMonShinyPalette_Mew
0x08C99028	rom	gMonIcon_Mew
0x08C99428	rom	gMonFootprint_Mew
0x08C99448	rom	gMonStillFrontPic_Chikorita
0x08C996B0	rom	gMonPalette_Chikorita
0x08C996D8	rom	gMonBackPic_Chikorita
0x08C9999C	rom	gMonShinyPalette_Chikorita
0x08C999C4	rom	gMonIcon_Chikorita
0x08C99DC4	rom	gMonFootprint_Chikorita
0x08C99DE4	rom	gMonStillFrontPic_Bayleef
0x08C9A1B8	rom	gMonPalette_Bayleef
0x08C9A1E0	rom	gMonBackPic_Bayleef
0x08C9A570	rom	gMonShinyPalette_Bayleef
0x08C9A598	rom	gMonIcon_Bayleef
0x08C9A998	rom	gMonFootprint_Bayleef
0x08C9A9B8	rom	gMonStillFrontPic_Meganium
0x08C9AF14	rom	gMonPalette_Meganium
0x08C9AF3C	rom	gMonBackPic_Meganium
0x08C9B28C	rom	gMonShinyPalette_Meganium
0x08C9B2B4	rom	gMonIcon_Meganium
0x08C9B6B4	rom	gMonFootprint_Meganium
0x08C9B6D4	rom	gMonStillFrontPic_Cyndaquil
0x08C9B960	rom	gMonPalette_Cyndaquil
0x08C9B988	rom	gMonBackPic_Cyndaquil
0x08C9BCB4	rom	gMonShinyPalette_Cyndaquil
0x08C9BCDC	rom	gMonIcon_Cyndaquil
0x08C9C0DC	rom	gMonFootprint_Cyndaquil
0x08C9C0FC	rom	gMonStillFrontPic_Quilava
0x08C9C418	rom	gMonPalette_Quilava
0x08C9C440	rom	gMonBackPic_Quilava
0x08C9C7B4	rom	gMonShinyPalette_Quilava
0x08C9C7DC	rom	gMonIcon_Quilava
0x08C9CBDC	rom	gMonFootprint_Quilava
0x08C9CBFC	rom	gMonStillFrontPic_Typhlosion
0x08C9D024	rom	gMonPalette_Typhlosion
0x08C9D04C	rom	gMonBackPic_Typhlosion
0x08C9D450	rom	gMonShinyPalette_Typhlosion
0x08C9D478	rom	gMonIcon_Typhlosion
0x08C9D878	rom	gMonFootprint_Typhlosion
0x08C9D898	rom	gMonStillFrontPic_Totodile
0x08C9DB3C	rom	gMonPalette_Totodile
0x08C9DB64	rom	gMonBackPic_Totodile
0x08C9DE44	rom	gMonShinyPalette_Totodile
0x08C9DE6C	rom	gMonIcon_Totodile
0x08C9E26C	rom	gMonFootprint_Totodile
0x08C9E28C	rom	gMonStillFrontPic_Croconaw
0x08C9E5F4	rom	gMonPalette_Croconaw
0x08C9E61C	rom	gMonBackPic_Croconaw
0x08C9E96C	rom	gMonShinyPalette_Croconaw
0x08C9E994	rom	gMonIcon_Croconaw
0x08C9ED94	rom	gMonFootprint_Croconaw
0x08C9EDB4	rom	gMonStillFrontPic_Feraligatr
0x08C9F320	rom	gMonPalette_Feraligatr
0x08C9F348	rom	gMonBackPic_Feraligatr
0x08C9F814	rom	gMonShinyPalette_Feraligatr
0x08C9F83C	rom	gMonIcon_Feraligatr
0x08C9FC3C	rom	gMonFootprint_Feraligatr
0x08C9FC5C	rom	gMonStillFrontPic_Sentret
0x08C9FF38	rom	gMonPalette_Sentret
0x08C9FF60	rom	gMonBackPic_Sentret
0x08CA0204	rom	gMonShinyPalette_Sentret
0x08CA022C	rom	gMonIcon_Sentret
0x08CA062C	rom	gMonFootprint_Sentret
0x08CA064C	rom	gMonStillFrontPic_Furret
0x08CA0980	rom	gMonPalette_Furret
0x08CA09A8	rom	gMonBackPic_Furret
0x08CA0CD0	rom	gMonShinyPalette_Furret
0x08CA0CF8	rom	gMonIcon_Furret
0x08CA10F8	rom	gMonFootprint_Furret
0x08CA1118	rom	gMonStillFrontPic_Hoothoot
0x08CA139C	rom	gMonPalette_Hoothoot
0x08CA13C4	rom	gMonBackPic_Hoothoot
0x08CA16CC	rom	gMonShinyPalette_Hoothoot
0x08CA16F4	rom	gMonIcon_Hoothoot
0x08CA1AF4	rom	gMonFootprint_Hoothoot
0x08CA1B14	rom	gMonStillFrontPic_Noctowl
0x08CA1E68	rom	gMonPalette_Noctowl
0x08CA1E90	rom	gMonBackPic_Noctowl
0x08CA21EC	rom	gMonShinyPalette_Noctowl
0x08CA2214	rom	gMonIcon_Noctowl
0x08CA2614	rom	gMonFootprint_Noctowl
0x08CA2634	rom	gMonStillFrontPic_Ledyba
0x08CA2928	rom	gMonPalette_Ledyba
0x08CA2950	rom	gMonBackPic_Ledyba
0x08CA2C80	rom	gMonShinyPalette_Ledyba
0x08CA2CA8	rom	gMonIcon_Ledyba
0x08CA30A8	rom	gMonFootprint_Ledyba
0x08CA30C8	rom	gMonStillFrontPic_Ledian
0x08CA3450	rom	gMonPalette_Ledian
0x08CA3478	rom	gMonBackPic_Ledian
0x08CA37D0	rom	gMonShinyPalette_Ledian
0x08CA37F8	rom	gMonIcon_Ledian
0x08CA3BF8	rom	gMonFootprint_Ledian
0x08CA3C18	rom	gMonStillFrontPic_Spinarak
0x08CA3E8C	rom	gMonPalette_Spinarak
0x08CA3EB4	rom	gMonBackPic_Spinarak
0x08CA4118	rom	gMonShinyPalette_Spinarak
0x08CA4140	rom	gMonIcon_Spinarak
0x08CA4540	rom	gMonFootprint_Spinarak
0x08CA4560	rom	gMonStillFrontPic_Ariados
0x08CA4920	rom	gMonPalette_Ariados
0x08CA4948	rom	gMonBackPic_Ariados
0x08CA4CC0	rom	gMonShinyPalette_Ariados
0x08CA4CE8	rom	gMonIcon_Ariados
0x08CA50E8	rom	gMonFootprint_Ariados
0x08CA5108	rom	gMonStillFrontPic_Crobat
0x08CA54B8	rom	gMonPalette_Crobat
0x08CA54E0	rom	gMonBackPic_Crobat
0x08CA57E8	rom	gMonShinyPalette_Crobat
0x08CA5810	rom	gMonIcon_Crobat
0x08CA5C10	rom	gMonFootprint_Crobat
0x08CA5C30	rom	gMonStillFrontPic_Chinchou
0x08CA5F08	rom	gMonPalette_Chinchou
0x08CA5F30	rom	gMonBackPic_Chinchou
0x08CA6228	rom	gMonShinyPalette_Chinchou
0x08CA6250	rom	gMonIcon_Chinchou
0x08CA6650	rom	gMonFootprint_Chinchou
0x08CA6670	rom	gMonStillFrontPic_Lanturn
0x08CA69E0	rom	gMonPalette_Lanturn
0x08CA6A08	rom	gMonBackPic_Lanturn
0x08CA6D08	rom	gMonShinyPalette_Lanturn
0x08CA6D30	rom	gMonIcon_Lanturn
0x08CA7130	rom	gMonFootprint_Lanturn
0x08CA7150	rom	gMonStillFrontPic_Pichu
0x08CA736C	rom	gMonPalette_Pichu
0x08CA7394	rom	gMonBackPic_Pichu
0x08CA75F0	rom	gMonShinyPalette_Pichu
0x08CA7618	rom	gMonIcon_Pichu
0x08CA7A18	rom	gMonFootprint_Pichu
0x08CA7A38	rom	gMonStillFrontPic_Cleffa
0x08CA7C18	rom	gMonPalette_Cleffa
0x08CA7C40	rom	gMonBackPic_Cleffa
0x08CA7E7C	rom	gMonShinyPalette_Cleffa
0x08CA7EA4	rom	gMonIcon_Cleffa
0x08CA82A4	rom	gMonFootprint_Cleffa
0x08CA82C4	rom	gMonStillFrontPic_Igglybuff
0x08CA84AC	rom	gMonPalette_Igglybuff
0x08CA84D4	rom	gMonBackPic_Igglybuff
0x08CA8710	rom	gMonShinyPalette_Igglybuff
0x08CA8738	rom	gMonIcon_Igglybuff
0x08CA8B38	rom	gMonFootprint_Igglybuff
0x08CA8B58	rom	gMonStillFrontPic_Togepi
0x08CA8D2C	rom	gMonPalette_Togepi
0x08CA8D54	rom	gMonBackPic_Togepi
0x08CA8FC8	rom	gMonShinyPalette_Togepi
0x08CA8FF0	rom	gMonIcon_Togepi
0x08CA93F0	rom	gMonFootprint_Togepi
0x08CA9410	rom	gMonStillFrontPic_Togetic
0x08CA9684	rom	gMonPalette_Togetic
0x08CA96AC	rom	gMonBackPic_Togetic
0x08CA99D8	rom	gMonShinyPalette_Togetic
0x08CA9A00	rom	gMonIcon_Togetic
0x08CA9E00	rom	gMonFootprint_Togetic
0x08CA9E20	rom	gMonStillFrontPic_Natu
0x08CA9FEC	rom	gMonPalette_Natu
0x08CAA014	rom	gMonBackPic_Natu
0x08CAA228	rom	gMonShinyPalette_Natu
0x08CAA250	rom	gMonIcon_Natu
0x08CAA650	rom	gMonFootprint_Natu
0x08CAA670	rom	gMonStillFrontPic_Xatu
0x08CAA94C	rom	gMonPalette_Xatu
0x08CAA974	rom	gMonBackPic_Xatu
0x08CAACEC	rom	gMonShinyPalette_Xatu
0x08CAAD14	rom	gMonIcon_Xatu
0x08CAB114	rom	gMonFootprint_Xatu
0x08CAB134	rom	gMonStillFrontPic_Mareep
0x08CAB3E8	rom	gMonPalette_Mareep
0x08CAB410	rom	gMonBackPic_Mareep
0x08CAB704	rom	gMonShinyPalette_Mareep
0x08CAB72C	rom	gMonIcon_Mareep
0x08CABB2C	rom	gMonFootprint_Mareep
0x08CABB4C	rom	gMonStillFrontPic_Flaaffy
0x08CABE4C	rom	gMonPalette_Flaaffy
0x08CABE74	rom	gMonBackPic_Flaaffy
0x08CAC190	rom	gMonShinyPalette_Flaaffy
0x08CAC1B8	rom	gMonIcon_Flaaffy
0x08CAC5B8	rom	gMonFootprint_Flaaffy
0x08CAC5D8	rom	gMonStillFrontPic_Ampharos
0x08CAC934	rom	gMonPalette_Ampharos
0x08CAC95C	rom	gMonBackPic_Ampharos
0x08CACCD4	rom	gMonShinyPalette_Ampharos
0x08CACCFC	rom	gMonIcon_Ampharos
0x08CAD0FC	rom	gMonFootprint_Ampharos
0x08CAD11C	rom	gMonStillFrontPic_Bellossom
0x08CAD38C	rom	gMonPalette_Bellossom
0x08CAD3B4	rom	gMonBackPic_Bellossom
0x08CAD6D8	rom	gMonShinyPalette_Bellossom
0x08CAD700	rom	gMonIcon_Bellossom
0x08CADB00	rom	gMonFootprint_Bellossom
0x08CADB20	rom	gMonStillFrontPic_Marill
0x08CADDE4	rom	gMonPalette_Marill
0x08CADE0C	rom	gMonBackPic_Marill
0x08CAE0B8	rom	gMonShinyPalette_Marill
0x08CAE0E0	rom	gMonIcon_Marill
0x08CAE4E0	rom	gMonFootprint_Marill
0x08CAE500	rom	gMonStillFrontPic_Azumarill
0x08CAE800	rom	gMonPalette_Azumarill
0x08CAE828	rom	gMonBackPic_Azumarill
0x08CAEAE4	rom	gMonShinyPalette_Azumarill
0x08CAEB0C	rom	gMonIcon_Azumarill
0x08CAEF0C	rom	gMonFootprint_Azumarill
0x08CAEF2C	rom	gMonStillFrontPic_Sudowoodo
0x08CAF244	rom	gMonPalette_Sudowoodo
0x08CAF26C	rom	gMonBackPic_Sudowoodo
0x08CAF5C8	rom	gMonShinyPalette_Sudowoodo
0x08CAF5F0	rom	gMonIcon_Sudowoodo
0x08CAF9F0	rom	gMonFootprint_Sudowoodo
0x08CAFA10	rom	gMonStillFrontPic_Politoed
0x08CAFD4C	rom	gMonPalette_Politoed
0x08CAFD74	rom	gMonBackPic_Politoed
0x08CB0030	rom	gMonShinyPalette_Politoed
0x08CB0058	rom	gMonIcon_Politoed
0x08CB0458	rom	gMonFootprint_Politoed
0x08CB0478	rom	gMonStillFrontPic_Hoppip
0x08CB072C	rom	gMonPalette_Hoppip
0x08CB0754	rom	gMonBackPic_Hoppip
0x08CB0A34	rom	gMonShinyPalette_Hoppip
0x08CB0A5C	rom	gMonIcon_Hoppip
0x08CB0E5C	rom	gMonFootprint_Hoppip
0x08CB0E7C	rom	gMonStillFrontPic_Skiploom
0x08CB1104	rom	gMonPalette_Skiploom
0x08CB112C	rom	gMonBackPic_Skiploom
0x08CB140C	rom	gMonShinyPalette_Skiploom
0x08CB1434	rom	gMonIcon_Skiploom
0x08CB1834	rom	gMonFootprint_Skiploom
0x08CB1854	rom	gMonStillFrontPic_Jumpluff
0x08CB1BC0	rom	gMonPalette_Jumpluff
0x08CB1BE8	rom	gMonBackPic_Jumpluff
0x08CB1FE0	rom	gMonShinyPalette_Jumpluff
0x08CB2008	rom	gMonIcon_Jumpluff
0x08CB2408	rom	gMonFootprint_Jumpluff
0x08CB2428	rom	gMonStillFrontPic_Aipom
0x08CB2724	rom	gMonPalette_Aipom
0x08CB274C	rom	gMonBackPic_Aipom
0x08CB2A40	rom	gMonShinyPalette_Aipom
0x08CB2A68	rom	gMonIcon_Aipom
0x08CB2E68	rom	gMonFootprint_Aipom
0x08CB2E88	rom	gMonStillFrontPic_Sunkern
0x08CB30C0	rom	gMonPalette_Sunkern
0x08CB30E8	rom	gMonBackPic_Sunkern
0x08CB33AC	rom	gMonShinyPalette_Sunkern
0x08CB33D4	rom	gMonIcon_Sunkern
0x08CB37D4	rom	gMonFootprint_Sunkern
0x08CB37F4	rom	gMonStillFrontPic_Sunflora
0x08CB3B4C	rom	gMonPalette_Sunflora
0x08CB3B74	rom	gMonBackPic_Sunflora
0x08CB3F14	rom	gMonShinyPalette_Sunflora
0x08CB3F3C	rom	gMonIcon_Sunflora
0x08CB433C	rom	gMonFootprint_Sunflora
0x08CB435C	rom	gMonStillFrontPic_Yanma
0x08CB46E0	rom	gMonPalette_Yanma
0x08CB4708	rom	gMonBackPic_Yanma
0x08CB4ABC	rom	gMonShinyPalette_Yanma
0x08CB4AE4	rom	gMonIcon_Yanma
0x08CB4EE4	rom	gMonFootprint_Yanma
0x08CB4F04	rom	gMonStillFrontPic_Wooper
0x08CB5144	rom	gMonPalette_Wooper
0x08CB516C	rom	gMonBackPic_Wooper
0x08CB53F8	rom	gMonShinyPalette_Wooper
0x08CB5420	rom	gMonIcon_Wooper
0x08CB5820	rom	gMonFootprint_Wooper
0x08CB5840	rom	gMonStillFrontPic_Quagsire
0x08CB5BB4	rom	gMonPalette_Quagsire
0x08CB5BDC	rom	gMonBackPic_Quagsire
0x08CB5ED8	rom	gMonShinyPalette_Quagsire
0x08CB5F00	rom	gMonIcon_Quagsire
0x08CB6300	rom	gMonFootprint_Quagsire
0x08CB6320	rom	gMonStillFrontPic_Espeon
0x08CB6660	rom	gMonPalette_Espeon
0x08CB6684	rom	gMonBackPic_Espeon
0x08CB6960	rom	gMonShinyPalette_Espeon
0x08CB6984	rom	gMonIcon_Espeon
0x08CB6D84	rom	gMonFootprint_Espeon
0x08CB6DA4	rom	gMonStillFrontPic_Umbreon
0x08CB70B8	rom	gMonPalette_Umbreon
0x08CB70E0	rom	gMonBackPic_Umbreon
0x08CB73F4	rom	gMonShinyPalette_Umbreon
0x08CB741C	rom	gMonIcon_Umbreon
0x08CB781C	rom	gMonFootprint_Umbreon
0x08CB783C	rom	gMonStillFrontPic_Murkrow
0x08CB7B1C	rom	gMonPalette_Murkrow
0x08CB7B44	rom	gMonBackPic_Murkrow
0x08CB7E5C	rom	gMonShinyPalette_Murkrow
0x08CB7E84	rom	gMonIcon_Murkrow
0x08CB8284	rom	gMonFootprint_Murkrow
0x08CB82A4	rom	gMonStillFrontPic_Slowking
0x08CB8658	rom	gMonPalette_Slowking
0x08CB8680	rom	gMonBackPic_Slowking
0x08CB8A0C	rom	gMonShinyPalette_Slowking
0x08CB8A34	rom	gMonIcon_Slowking
0x08CB8E34	rom	gMonFootprint_Slowking
0x08CB8E54	rom	gMonStillFrontPic_Misdreavus
0x08CB9114	rom	gMonPalette_Misdreavus
0x08CB913C	rom	gMonBackPic_Misdreavus
0x08CB9460	rom	gMonShinyPalette_Misdreavus
0x08CB9488	rom	gMonIcon_Misdreavus
0x08CB9888	rom	gMonFootprint_Misdreavus
0x08CB98A8	rom	gMonStillFrontPic_UnownA
0x08CB9A7C	rom	gMonPalette_Unown
0x08CB9A9C	rom	gMonBackPic_UnownA
0x08CB9C9C	rom	gMonShinyPalette_Unown
0x08CB9CBC	rom	gMonIcon_UnownA
0x08CBA0BC	rom	gMonFootprint_Unown
0x08CBA0DC	rom	gMonStillFrontPic_Wobbuffet
0x08CBA42C	rom	gMonPalette_Wobbuffet
0x08CBA454	rom	gMonBackPic_Wobbuffet
0x08CBA698	rom	gMonShinyPalette_Wobbuffet
0x08CBA6C0	rom	gMonIcon_Wobbuffet
0x08CBAAC0	rom	gMonFootprint_Wobbuffet
0x08CBAAE0	rom	gMonStillFrontPic_Girafarig
0x08CBAEE4	rom	gMonPalette_Girafarig
0x08CBAF0C	rom	gMonBackPic_Girafarig
0x08CBB2B8	rom	gMonShinyPalette_Girafarig
0x08CBB2E0	rom	gMonIcon_Girafarig
0x08CBB6E0	rom	gMonFootprint_Girafarig
0x08CBB700	rom	gMonStillFrontPic_Pineco
0x08CBBA40	rom	gMonPalette_Pineco
0x08CBBA64	rom	gMonBackPic_Pineco
0x08CBBD3C	rom	gMonShinyPalette_Pineco
0x08CBBD60	rom	gMonIcon_Pineco
0x08CBC160	rom	gMonFootprint_Pineco
0x08CBC180	rom	gMonStillFrontPic_Forretress
0x08CBC59C	rom	gMonPalette_Forretress
0x08CBC5C4	rom	gMonBackPic_Forretress
0x08CBC884	rom	gMonShinyPalette_Forretress
0x08CBC8AC	rom	gMonIcon_Forretress
0x08CBCCAC	rom	gMonFootprint_Forretress
0x08CBCCCC	rom	gMonStillFrontPic_Dunsparce
0x08CBCFDC	rom	gMonPalette_Dunsparce
0x08CBD004	rom	gMonBackPic_Dunsparce
0x08CBD300	rom	gMonShinyPalette_Dunsparce
0x08CBD328	rom	gMonIcon_Dunsparce
0x08CBD728	rom	gMonFootprint_Dunsparce
0x08CBD748	rom	gMonStillFrontPic_Gligar
0x08CBDB70	rom	gMonPalette_Gligar
0x08CBDB98	rom	gMonBackPic_Gligar
0x08CBDF70	rom	gMonShinyPalette_Gligar
0x08CBDF98	rom	gMonIcon_Gligar
0x08CBE398	rom	gMonFootprint_Gligar
0x08CBE3B8	rom	gMonStillFrontPic_Steelix
0x08CBE880	rom	gMonPalette_Steelix
0x08CBE8A4	rom	gMonBackPic_Steelix
0x08CBECB0	rom	gMonShinyPalette_Steelix
0x08CBECD4	rom	gMonIcon_Steelix
0x08CBF0D4	rom	gMonFootprint_Steelix
0x08CBF0F4	rom	gMonStillFrontPic_Snubbull
0x08CBF3C8	rom	gMonPalette_Snubbull
0x08CBF3F0	rom	gMonBackPic_Snubbull
0x08CBF718	rom	gMonShinyPalette_Snubbull
0x08CBF740	rom	gMonIcon_Snubbull
0x08CBFB40	rom	gMonFootprint_Snubbull
0x08CBFB60	rom	gMonStillFrontPic_Granbull
0x08CBFEEC	rom	gMonPalette_Granbull
0x08CBFF14	rom	gMonBackPic_Granbull
0x08CC0238	rom	gMonShinyPalette_Granbull
0x08CC0260	rom	gMonIcon_Granbull
0x08CC0660	rom	gMonFootprint_Granbull
0x08CC0680	rom	gMonStillFrontPic_Qwilfish
0x08CC0940	rom	gMonPalette_Qwilfish
0x08CC0968	rom	gMonBackPic_Qwilfish
0x08CC0C48	rom	gMonShinyPalette_Qwilfish
0x08CC0C70	rom	gMonIcon_Qwilfish
0x08CC1070	rom	gMonFootprint_Qwilfish
0x08CC1090	rom	gMonStillFrontPic_Scizor
0x08CC1578	rom	gMonPalette_Scizor
0x08CC15A0	rom	gMonBackPic_Scizor
0x08CC1920	rom	gMonShinyPalette_Scizor
0x08CC1948	rom	gMonIcon_Scizor
0x08CC1D48	rom	gMonFootprint_Scizor
0x08CC1D68	rom	gMonStillFrontPic_Shuckle
0x08CC2030	rom	gMonPalette_Shuckle
0x08CC2058	rom	gMonBackPic_Shuckle
0x08CC22B0	rom	gMonShinyPalette_Shuckle
0x08CC22D8	rom	gMonIcon_Shuckle
0x08CC26D8	rom	gMonFootprint_Shuckle
0x08CC26F8	rom	gMonStillFrontPic_Heracross
0x08CC2AE8	rom	gMonPalette_Heracross
0x08CC2B10	rom	gMonBackPic_Heracross
0x08CC2E80	rom	gMonShinyPalette_Heracross
0x08CC2EA8	rom	gMonIcon_Heracross
0x08CC32A8	rom	gMonFootprint_Heracross
0x08CC32C8	rom	gMonStillFrontPic_Sneasel
0x08CC360C	rom	gMonPalette_Sneasel
0x08CC3634	rom	gMonBackPic_Sneasel
0x08CC3958	rom	gMonShinyPalette_Sneasel
0x08CC3980	rom	gMonIcon_Sneasel
0x08CC3D80	rom	gMonFootprint_Sneasel
0x08CC3DA0	rom	gMonStillFrontPic_Teddiursa
0x08CC400C	rom	gMonPalette_Teddiursa
0x08CC4034	rom	gMonBackPic_Teddiursa
0x08CC42AC	rom	gMonShinyPalette_Teddiursa
0x08CC42D4	rom	gMonIcon_Teddiursa
0x08CC46D4	rom	gMonFootprint_Teddiursa
0x08CC46F4	rom	gMonStillFrontPic_Ursaring
0x08CC4B2C	rom	gMonPalette_Ursaring
0x08CC4B54	rom	gMonBackPic_Ursaring
0x08CC4EDC	rom	gMonShinyPalette_Ursaring
0x08CC4F04	rom	gMonIcon_Ursaring
0x08CC5304	rom	gMonFootprint_Ursaring
0x08CC5324	rom	gMonStillFrontPic_Slugma
0x08CC5598	rom	gMonPalette_Slugma
0x08CC55BC	rom	gMonBackPic_Slugma
0x08CC58A4	rom	gMonShinyPalette_Slugma
0x08CC58C8	rom	gMonIcon_Slugma
0x08CC5CC8	rom	gMonFootprint_Slugma
0x08CC5CE8	rom	gMonStillFrontPic_Magcargo
0x08CC6030	rom	gMonPalette_Magcargo
0x08CC6058	rom	gMonBackPic_Magcargo
0x08CC6470	rom	gMonShinyPalette_Magcargo
0x08CC6498	rom	gMonIcon_Magcargo
0x08CC6898	rom	gMonFootprint_Magcargo
0x08CC68B8	rom	gMonStillFrontPic_Swinub
0x08CC6AB4	rom	gMonPalette_Swinub
0x08CC6ADC	rom	gMonBackPic_Swinub
0x08CC6D18	rom	gMonShinyPalette_Swinub
0x08CC6D40	rom	gMonIcon_Swinub
0x08CC7140	rom	gMonFootprint_Swinub
0x08CC7160	rom	gMonStillFrontPic_Piloswine
0x08CC7488	rom	gMonPalette_Piloswine
0x08CC74B0	rom	gMonBackPic_Piloswine
0x08CC76FC	rom	gMonShinyPalette_Piloswine
0x08CC7724	rom	gMonIcon_Piloswine
0x08CC7B24	rom	gMonFootprint_Piloswine
0x08CC7B44	rom	gMonStillFrontPic_Corsola
0x08CC7E2C	rom	gMonPalette_Corsola
0x08CC7E54	rom	gMonBackPic_Corsola
0x08CC8114	rom	gMonShinyPalette_Corsola
0x08CC813C	rom	gMonIcon_Corsola
0x08CC853C	rom	gMonFootprint_Corsola
0x08CC855C	rom	gMonStillFrontPic_Remoraid
0x08CC87C4	rom	gMonPalette_Remoraid
0x08CC87EC	rom	gMonBackPic_Remoraid
0x08CC8B00	rom	gMonShinyPalette_Remoraid
0x08CC8B28	rom	gMonIcon_Remoraid
0x08CC8F28	rom	gMonFootprint_Remoraid
0x08CC8F48	rom	gMonStillFrontPic_Octillery
0x08CC927C	rom	gMonPalette_Octillery
0x08CC92A4	rom	gMonBackPic_Octillery
0x08CC955C	rom	gMonShinyPalette_Octillery
0x08CC9584	rom	gMonIcon_Octillery
0x08CC9984	rom	gMonFootprint_Octillery
0x08CC99A4	rom	gMonStillFrontPic_Delibird
0x08CC9D14	rom	gMonPalette_Delibird
0x08CC9D3C	rom	gMonBackPic_Delibird
0x08CCA0FC	rom	gMonShinyPalette_Delibird
0x08CCA124	rom	gMonIcon_Delibird
0x08CCA524	rom	gMonFootprint_Delibird
0x08CCA544	rom	gMonStillFrontPic_Mantine
0x08CCA9E0	rom	gMonPalette_Mantine
0x08CCAA08	rom	gMonBackPic_Mantine
0x08CCACA8	rom	gMonShinyPalette_Mantine
0x08CCACD0	rom	gMonIcon_Mantine
0x08CCB0D0	rom	gMonFootprint_Mantine
0x08CCB0F0	rom	gMonStillFrontPic_Skarmory
0x08CCB5D0	rom	gMonPalette_Skarmory
0x08CCB5F8	rom	gMonBackPic_Skarmory
0x08CCB8FC	rom	gMonShinyPalette_Skarmory
0x08CCB924	rom	gMonIcon_Skarmory
0x08CCBD24	rom	gMonFootprint_Skarmory
0x08CCBD44	rom	gMonStillFrontPic_Houndour
0x08CCBFFC	rom	gMonPalette_Houndour
0x08CCC024	rom	gMonBackPic_Houndour
0x08CCC2A4	rom	gMonShinyPalette_Houndour
0x08CCC2CC	rom	gMonIcon_Houndour
0x08CCC6CC	rom	gMonFootprint_Houndour
0x08CCC6EC	rom	gMonStillFrontPic_Houndoom
0x08CCCAEC	rom	gMonPalette_Houndoom
0x08CCCB14	rom	gMonBackPic_Houndoom
0x08CCCE38	rom	gMonShinyPalette_Houndoom
0x08CCCE60	rom	gMonIcon_Houndoom
0x08CCD260	rom	gMonFootprint_Houndoom
0x08CCD280	rom	gMonStillFrontPic_Kingdra
0x08CCD6A0	rom	gMonPalette_Kingdra
0x08CCD6C8	rom	gMonBackPic_Kingdra
0x08CCDA7C	rom	gMonShinyPalette_Kingdra
0x08CCDAA4	rom	gMonIcon_Kingdra
0x08CCDEA4	rom	gMonFootprint_Kingdra
0x08CCDEC4	rom	gMonStillFrontPic_Phanpy
0x08CCE120	rom	gMonPalette_Phanpy
0x08CCE148	rom	gMonBackPic_Phanpy
0x08CCE40C	rom	gMonShinyPalette_Phanpy
0x08CCE434	rom	gMonIcon_Phanpy
0x08CCE834	rom	gMonFootprint_Phanpy
0x08CCE854	rom	gMonStillFrontPic_Donphan
0x08CCECC8	rom	gMonPalette_Donphan
0x08CCECF0	rom	gMonBackPic_Donphan
0x08CCEFEC	rom	gMonShinyPalette_Donphan
0x08CCF014	rom	gMonIcon_Donphan
0x08CCF414	rom	gMonFootprint_Donphan
0x08CCF434	rom	gMonStillFrontPic_Porygon2
0x08CCF6BC	rom	gMonPalette_Porygon2
0x08CCF6E4	rom	gMonBackPic_Porygon2
0x08CCFA00	rom	gMonShinyPalette_Porygon2
0x08CCFA28	rom	gMonIcon_Porygon2
0x08CCFE28	rom	gMonFootprint_Porygon2
0x08CCFE48	rom	gMonStillFrontPic_Stantler
0x08CD025C	rom	gMonPalette_Stantler
0x08CD0284	rom	gMonBackPic_Stantler
0x08CD05D0	rom	gMonShinyPalette_Stantler
0x08CD05F8	rom	gMonIcon_Stantler
0x08CD09F8	rom	gMonFootprint_Stantler
0x08CD0A18	rom	gMonStillFrontPic_Smeargle
0x08CD0DAC	rom	gMonPalette_Smeargle
0x08CD0DD4	rom	gMonBackPic_Smeargle
0x08CD10F8	rom	gMonShinyPalette_Smeargle
0x08CD1120	rom	gMonIcon_Smeargle
0x08CD1520	rom	gMonFootprint_Smeargle
0x08CD1540	rom	gMonStillFrontPic_Tyrogue
0x08CD17CC	rom	gMonPalette_Tyrogue
0x08CD17F4	rom	gMonBackPic_Tyrogue
0x08CD1B10	rom	gMonShinyPalette_Tyrogue
0x08CD1B38	rom	gMonIcon_Tyrogue
0x08CD1F38	rom	gMonFootprint_Tyrogue
0x08CD1F58	rom	gMonStillFrontPic_Hitmontop
0x08CD22E4	rom	gMonPalette_Hitmontop
0x08CD230C	rom	gMonBackPic_Hitmontop
0x08CD2734	rom	gMonShinyPalette_Hitmontop
0x08CD275C	rom	gMonIcon_Hitmontop
0x08CD2B5C	rom	gMonFootprint_Hitmontop
0x08CD2B7C	rom	gMonStillFrontPic_Smoochum
0x08CD2DD4	rom	gMonPalette_Smoochum
0x08CD2DFC	rom	gMonBackPic_Smoochum
0x08CD3074	rom	gMonShinyPalette_Smoochum
0x08CD309C	rom	gMonIcon_Smoochum
0x08CD349C	rom	gMonFootprint_Smoochum
0x08CD34BC	rom	gMonStillFrontPic_Elekid
0x08CD37C4	rom	gMonPalette_Elekid
0x08CD37EC	rom	gMonBackPic_Elekid
0x08CD3B44	rom	gMonShinyPalette_Elekid
0x08CD3B6C	rom	gMonIcon_Elekid
0x08CD3F6C	rom	gMonFootprint_Elekid
0x08CD3F8C	rom	gMonStillFrontPic_Magby
0x08CD4210	rom	gMonPalette_Magby
0x08CD4238	rom	gMonBackPic_Magby
0x08CD44E4	rom	gMonShinyPalette_Magby
0x08CD450C	rom	gMonIcon_Magby
0x08CD490C	rom	gMonFootprint_Magby
0x08CD492C	rom	gMonStillFrontPic_Miltank
0x08CD4CDC	rom	gMonPalette_Miltank
0x08CD4D04	rom	gMonBackPic_Miltank
0x08CD50A0	rom	gMonShinyPalette_Miltank
0x08CD50C8	rom	gMonIcon_Miltank
0x08CD54C8	rom	gMonFootprint_Miltank
0x08CD54E8	rom	gMonStillFrontPic_Blissey
0x08CD58D0	rom	gMonPalette_Blissey
0x08CD58F8	rom	gMonBackPic_Blissey
0x08CD5BC4	rom	gMonShinyPalette_Blissey
0x08CD5BEC	rom	gMonIcon_Blissey
0x08CD5FEC	rom	gMonFootprint_Blissey
0x08CD600C	rom	gMonStillFrontPic_Raikou
0x08CD6588	rom	gMonPalette_Raikou
0x08CD65B0	rom	gMonBackPic_Raikou
0x08CD6958	rom	gMonShinyPalette_Raikou
0x08CD6980	rom	gMonIcon_Raikou
0x08CD6D80	rom	gMonFootprint_Raikou
0x08CD6DA0	rom	gMonStillFrontPic_Entei
0x08CD739C	rom	gMonPalette_Entei
0x08CD73C4	rom	gMonBackPic_Entei
0x08CD77E8	rom	gMonShinyPalette_Entei
0x08CD7810	rom	gMonIcon_Entei
0x08CD7C10	rom	gMonFootprint_Entei
0x08CD7C30	rom	gMonStillFrontPic_Suicune
0x08CD81B4	rom	gMonPalette_Suicune
0x08CD81DC	rom	gMonBackPic_Suicune
0x08CD86B8	rom	gMonShinyPalette_Suicune
0x08CD86E0	rom	gMonIcon_Suicune
0x08CD8AE0	rom	gMonFootprint_Suicune
0x08CD8B00	rom	gMonStillFrontPic_Larvitar
0x08CD8D5C	rom	gMonPalette_Larvitar
0x08CD8D84	rom	gMonBackPic_Larvitar
0x08CD9030	rom	gMonShinyPalette_Larvitar
0x08CD9058	rom	gMonIcon_Larvitar
0x08CD9458	rom	gMonFootprint_Larvitar
0x08CD9478	rom	gMonStillFrontPic_Pupitar
0x08CD9768	rom	gMonPalette_Pupitar
0x08CD9790	rom	gMonBackPic_Pupitar
0x08CD9AC8	rom	gMonShinyPalette_Pupitar
0x08CD9AF0	rom	gMonIcon_Pupitar
0x08CD9EF0	rom	gMonFootprint_Pupitar
0x08CD9F10	rom	gMonStillFrontPic_Tyranitar
0x08CDA44C	rom	gMonPalette_Tyranitar
0x08CDA474	rom	gMonBackPic_Tyranitar
0x08CDA860	rom	gMonShinyPalette_Tyranitar
0x08CDA888	rom	gMonIcon_Tyranitar
0x08CDAC88	rom	gMonFootprint_Tyranitar
0x08CDACA8	rom	gMonStillFrontPic_Lugia
0x08CDB16C	rom	gMonPalette_Lugia
0x08CDB194	rom	gMonBackPic_Lugia
0x08CDB568	rom	gMonShinyPalette_Lugia
0x08CDB590	rom	gMonIcon_Lugia
0x08CDB990	rom	gMonFootprint_Lugia
0x08CDB9B0	rom	gMonStillFrontPic_HoOh
0x08CDC004	rom	gMonPalette_HoOh
0x08CDC02C	rom	gMonBackPic_HoOh
0x08CDC43C	rom	gMonShinyPalette_HoOh
0x08CDC464	rom	gMonIcon_HoOh
0x08CDC864	rom	gMonFootprint_HoOh
0x08CDC884	rom	gMonStillFrontPic_Celebi
0x08CDCAFC	rom	gMonPalette_Celebi
0x08CDCB24	rom	gMonBackPic_Celebi
0x08CDCED0	rom	gMonShinyPalette_Celebi
0x08CDCEF8	rom	gMonIcon_Celebi
0x08CDD2F8	rom	gMonFootprint_Celebi
0x08CDD318	rom	gMonStillFrontPic_DoubleQuestionMark
0x08CDD498	rom	gMonPalette_DoubleQuestionMark
0x08CDD4AC	rom	gMonBackPic_DoubleQuestionMark
0x08CDD630	rom	gMonShinyPalette_DoubleQuestionMark
0x08CDD644	rom	gMonStillFrontPic_Treecko
0x08CDD94C	rom	gMonPalette_Treecko
0x08CDD974	rom	gMonBackPic_Treecko
0x08CDDC74	rom	gMonShinyPalette_Treecko
0x08CDDC9C	rom	gMonIcon_Treecko
0x08CDE09C	rom	gMonFootprint_Treecko
0x08CDE0BC	rom	gMonStillFrontPic_Grovyle
0x08CDE548	rom	gMonPalette_Grovyle
0x08CDE570	rom	gMonBackPic_Grovyle
0x08CDE8AC	rom	gMonShinyPalette_Grovyle
0x08CDE8D4	rom	gMonIcon_Grovyle
0x08CDECD4	rom	gMonFootprint_Grovyle
0x08CDECF4	rom	gMonStillFrontPic_Sceptile
0x08CDF1F8	rom	gMonPalette_Sceptile
0x08CDF220	rom	gMonBackPic_Sceptile
0x08CDF61C	rom	gMonShinyPalette_Sceptile
0x08CDF644	rom	gMonIcon_Sceptile
0x08CDFA44	rom	gMonFootprint_Sceptile
0x08CDFA64	rom	gMonStillFrontPic_Torchic
0x08CDFD00	rom	gMonPalette_Torchic
0x08CDFD28	rom	gMonBackPic_Torchic
0x08CE0000	rom	gMonShinyPalette_Torchic
0x08CE0028	rom	gMonIcon_Torchic
0x08CE0428	rom	gMonFootprint_Torchic
0x08CE0448	rom	gMonStillFrontPic_Combusken
0x08CE0834	rom	gMonPalette_Combusken
0x08CE085C	rom	gMonBackPic_Combusken
0x08CE0C2C	rom	gMonShinyPalette_Combusken
0x08CE0C54	rom	gMonIcon_Combusken
0x08CE1054	rom	gMonFootprint_Combusken
0x08CE1074	rom	gMonStillFrontPic_Blaziken
0x08CE17C4	rom	gMonPalette_Blaziken
0x08CE17EC	rom	gMonBackPic_Blaziken
0x08CE1BC8	rom	gMonShinyPalette_Blaziken
0x08CE1BF0	rom	gMonIcon_Blaziken
0x08CE1FF0	rom	gMonFootprint_Blaziken
0x08CE2010	rom	gMonStillFrontPic_Mudkip
0x08CE22C8	rom	gMonPalette_Mudkip
0x08CE22F0	rom	gMonBackPic_Mudkip
0x08CE25D0	rom	gMonShinyPalette_Mudkip
0x08CE25F8	rom	gMonIcon_Mudkip
0x08CE29F8	rom	gMonFootprint_Mudkip
0x08CE2A18	rom	gMonStillFrontPic_Marshtomp
0x08CE3078	rom	gMonPalette_Marshtomp
0x08CE30A0	rom	gMonBackPic_Marshtomp
0x08CE3450	rom	gMonShinyPalette_Marshtomp
0x08CE3478	rom	gMonIcon_Marshtomp
0x08CE3878	rom	gMonFootprint_Marshtomp
0x08CE3898	rom	gMonStillFrontPic_Swampert
0x08CE3E14	rom	gMonPalette_Swampert
0x08CE3E3C	rom	gMonBackPic_Swampert
0x08CE41F0	rom	gMonShinyPalette_Swampert
0x08CE4218	rom	gMonIcon_Swampert
0x08CE4618	rom	gMonFootprint_Swampert
0x08CE4638	rom	gMonStillFrontPic_Poochyena
0x08CE4BDC	rom	gMonPalette_Poochyena
0x08CE4C04	rom	gMonBackPic_Poochyena
0x08CE4F30	rom	gMonShinyPalette_Poochyena
0x08CE4F58	rom	gMonIcon_Poochyena
0x08CE5358	rom	gMonFootprint_Poochyena
0x08CE5378	rom	gMonStillFrontPic_Mightyena
0x08CE57B0	rom	gMonPalette_Mightyena
0x08CE57D8	rom	gMonBackPic_Mightyena
0x08CE5B50	rom	gMonShinyPalette_Mightyena
0x08CE5B78	rom	gMonIcon_Mightyena
0x08CE5F78	rom	gMonFootprint_Mightyena
0x08CE5F98	rom	gMonStillFrontPic_Zigzagoon
0x08CE6368	rom	gMonPalette_Zigzagoon
0x08CE6390	rom	gMonBackPic_Zigzagoon
0x08CE66D0	rom	gMonShinyPalette_Zigzagoon
0x08CE66F8	rom	gMonIcon_Zigzagoon
0x08CE6AF8	rom	gMonFootprint_Zigzagoon
0x08CE6B18	rom	gMonStillFrontPic_Linoone
0x08CE6E88	rom	gMonPalette_Linoone
0x08CE6EB0	rom	gMonBackPic_Linoone
0x08CE7184	rom	gMonShinyPalette_Linoone
0x08CE71AC	rom	gMonIcon_Linoone
0x08CE75AC	rom	gMonFootprint_Linoone
0x08CE75CC	rom	gMonStillFrontPic_Wurmple
0x08CE7854	rom	gMonPalette_Wurmple
0x08CE787C	rom	gMonBackPic_Wurmple
0x08CE7AC8	rom	gMonShinyPalette_Wurmple
0x08CE7AF0	rom	gMonIcon_Wurmple
0x08CE7EF0	rom	gMonFootprint_Wurmple
0x08CE7F10	rom	gMonStillFrontPic_Silcoon
0x08CE8190	rom	gMonPalette_Silcoon
0x08CE81B8	rom	gMonBackPic_Silcoon
0x08CE83D4	rom	gMonShinyPalette_Silcoon
0x08CE83FC	rom	gMonIcon_Silcoon
0x08CE87FC	rom	gMonFootprint_Silcoon
0x08CE881C	rom	gMonStillFrontPic_Beautifly
0x08CE8B74	rom	gMonPalette_Beautifly
0x08CE8B9C	rom	gMonBackPic_Beautifly
0x08CE8F4C	rom	gMonShinyPalette_Beautifly
0x08CE8F74	rom	gMonIcon_Beautifly
0x08CE9374	rom	gMonFootprint_Beautifly
0x08CE9394	rom	gMonStillFrontPic_Cascoon
0x08CE9600	rom	gMonPalette_Cascoon
0x08CE9628	rom	gMonBackPic_Cascoon
0x08CE9838	rom	gMonShinyPalette_Cascoon
0x08CE9860	rom	gMonIcon_Cascoon
0x08CE9C60	rom	gMonFootprint_Cascoon
0x08CE9C80	rom	gMonStillFrontPic_Dustox
0x08CE9FE8	rom	gMonPalette_Dustox
0x08CEA010	rom	gMonBackPic_Dustox
0x08CEA268	rom	gMonShinyPalette_Dustox
0x08CEA290	rom	gMonIcon_Dustox
0x08CEA690	rom	gMonFootprint_Dustox
0x08CEA6B0	rom	gMonStillFrontPic_Lotad
0x08CEA910	rom	gMonPalette_Lotad
0x08CEA938	rom	gMonBackPic_Lotad
0x08CEAC20	rom	gMonShinyPalette_Lotad
0x08CEAC48	rom	gMonIcon_Lotad
0x08CEB048	rom	gMonFootprint_Lotad
0x08CEB068	rom	gMonStillFrontPic_Lombre
0x08CEB380	rom	gMonPalette_Lombre
0x08CEB3A8	rom	gMonBackPic_Lombre
0x08CEB6A4	rom	gMonShinyPalette_Lombre
0x08CEB6CC	rom	gMonIcon_Lombre
0x08CEBACC	rom	gMonFootprint_Lombre
0x08CEBAEC	rom	gMonStillFrontPic_Ludicolo
0x08CEBFD0	rom	gMonPalette_Ludicolo
0x08CEBFF8	rom	gMonBackPic_Ludicolo
0x08CEC2F4	rom	gMonShinyPalette_Ludicolo
0x08CEC31C	rom	gMonIcon_Ludicolo
0x08CEC71C	rom	gMonFootprint_Ludicolo
0x08CEC73C	rom	gMonStillFrontPic_Seedot
0x08CEC9D0	rom	gMonPalette_Seedot
0x08CEC9F8	rom	gMonBackPic_Seedot
0x08CECCD8	rom	gMonShinyPalette_Seedot
0x08CECD00	rom	gMonIcon_Seedot
0x08CED100	rom	gMonFootprint_Seedot
0x08CED120	rom	gMonStillFrontPic_Nuzleaf
0x08CED40C	rom	gMonPalette_Nuzleaf
0x08CED434	rom	gMonBackPic_Nuzleaf
0x08CED6FC	rom	gMonShinyPalette_Nuzleaf
0x08CED724	rom	gMonIcon_Nuzleaf
0x08CEDB24	rom	gMonFootprint_Nuzleaf
0x08CEDB44	rom	gMonStillFrontPic_Shiftry
0x08CEE000	rom	gMonPalette_Shiftry
0x08CEE028	rom	gMonBackPic_Shiftry
0x08CEE2EC	rom	gMonShinyPalette_Shiftry
0x08CEE314	rom	gMonIcon_Shiftry
0x08CEE714	rom	gMonFootprint_Shiftry
0x08CEE734	rom	gMonStillFrontPic_Nincada
0x08CEE9D4	rom	gMonPalette_Nincada
0x08CEE9FC	rom	gMonBackPic_Nincada
0x08CEECB4	rom	gMonShinyPalette_Nincada
0x08CEECDC	rom	gMonIcon_Nincada
0x08CEF0DC	rom	gMonFootprint_Nincada
0x08CEF0FC	rom	gMonStillFrontPic_Ninjask
0x08CEF46C	rom	gMonPalette_Ninjask
0x08CEF494	rom	gMonBackPic_Ninjask
0x08CEF860	rom	gMonShinyPalette_Ninjask
0x08CEF888	rom	gMonIcon_Ninjask
0x08CEFC88	rom	gMonFootprint_Ninjask
0x08CEFCA8	rom	gMonStillFrontPic_Shedinja
0x08CEFFC8	rom	gMonPalette_Shedinja
0x08CEFFF0	rom	gMonBackPic_Shedinja
0x08CF0390	rom	gMonShinyPalette_Shedinja
0x08CF03B8	rom	gMonIcon_Shedinja
0x08CF07B8	rom	gMonFootprint_Shedinja
0x08CF07D8	rom	gMonStillFrontPic_Taillow
0x08CF0A30	rom	gMonPalette_Taillow
0x08CF0A58	rom	gMonBackPic_Taillow
0x08CF0C78	rom	gMonShinyPalette_Taillow
0x08CF0CA0	rom	gMonIcon_Taillow
0x08CF10A0	rom	gMonFootprint_Taillow
0x08CF10C0	rom	gMonStillFrontPic_Swellow
0x08CF1484	rom	gMonPalette_Swellow
0x08CF14AC	rom	gMonBackPic_Swellow
0x08CF17E4	rom	gMonShinyPalette_Swellow
0x08CF180C	rom	gMonIcon_Swellow
0x08CF1C0C	rom	gMonFootprint_Swellow
0x08CF1C2C	rom	gMonStillFrontPic_Shroomish
0x08CF1E94	rom	gMonPalette_Shroomish
0x08CF1EBC	rom	gMonBackPic_Shroomish
0x08CF219C	rom	gMonShinyPalette_Shroomish
0x08CF21C4	rom	gMonIcon_Shroomish
0x08CF25C4	rom	gMonFootprint_Shroomish
0x08CF25E4	rom	gMonStillFrontPic_Breloom
0x08CF29CC	rom	gMonPalette_Breloom
0x08CF29F4	rom	gMonBackPic_Breloom
0x08CF2DD4	rom	gMonShinyPalette_Breloom
0x08CF2DFC	rom	gMonIcon_Breloom
0x08CF31FC	rom	gMonFootprint_Breloom
0x08CF321C	rom	gMonStillFrontPic_Spinda
0x08CF3510	rom	gMonPalette_Spinda
0x08CF3538	rom	gMonBackPic_Spinda
0x08CF3874	rom	gMonShinyPalette_Spinda
0x08CF389C	rom	gMonIcon_Spinda
0x08CF3C9C	rom	gMonFootprint_Spinda
0x08CF3CBC	rom	gMonStillFrontPic_Wingull
0x08CF3EF8	rom	gMonPalette_Wingull
0x08CF3F20	rom	gMonBackPic_Wingull
0x08CF4270	rom	gMonShinyPalette_Wingull
0x08CF4298	rom	gMonIcon_Wingull
0x08CF4698	rom	gMonFootprint_Wingull
0x08CF46B8	rom	gMonStillFrontPic_Pelipper
0x08CF4A50	rom	gMonPalette_Pelipper
0x08CF4A78	rom	gMonBackPic_Pelipper
0x08CF4DF8	rom	gMonShinyPalette_Pelipper
0x08CF4E20	rom	gMonIcon_Pelipper
0x08CF5220	rom	gMonFootprint_Pelipper
0x08CF5240	rom	gMonStillFrontPic_Surskit
0x08CF544C	rom	gMonPalette_Surskit
0x08CF5474	rom	gMonBackPic_Surskit
0x08CF56AC	rom	gMonShinyPalette_Surskit
0x08CF56D4	rom	gMonIcon_Surskit
0x08CF5AD4	rom	gMonFootprint_Surskit
0x08CF5AF4	rom	gMonStillFrontPic_Masquerain
0x08CF5E90	rom	gMonPalette_Masquerain
0x08CF5EB8	rom	gMonBackPic_Masquerain
0x08CF6210	rom	gMonShinyPalette_Masquerain
0x08CF6238	rom	gMonIcon_Masquerain
0x08CF6638	rom	gMonFootprint_Masquerain
0x08CF6658	rom	gMonStillFrontPic_Wailmer
0x08CF6938	rom	gMonPalette_Wailmer
0x08CF6960	rom	gMonBackPic_Wailmer
0x08CF6B44	rom	gMonShinyPalette_Wailmer
0x08CF6B6C	rom	gMonIcon_Wailmer
0x08CF6F6C	rom	gMonFootprint_Wailmer
0x08CF6F8C	rom	gMonStillFrontPic_Wailord
0x08CF7350	rom	gMonPalette_Wailord
0x08CF7378	rom	gMonBackPic_Wailord
0x08CF7590	rom	gMonShinyPalette_Wailord
0x08CF75B8	rom	gMonIcon_Wailord
0x08CF79B8	rom	gMonFootprint_Wailord
0x08CF79D8	rom	gMonStillFrontPic_Skitty
0x08CF7CD8	rom	gMonPalette_Skitty
0x08CF7D00	rom	gMonBackPic_Skitty
0x08CF8048	rom	gMonShinyPalette_Skitty
0x08CF8070	rom	gMonIcon_Skitty
0x08CF8470	rom	gMonFootprint_Skitty
0x08CF8490	rom	gMonStillFrontPic_Delcatty
0x08CF881C	rom	gMonPalette_Delcatty
0x08CF8844	rom	gMonBackPic_Delcatty
0x08CF8BE0	rom	gMonShinyPalette_Delcatty
0x08CF8C08	rom	gMonIcon_Delcatty
0x08CF9008	rom	gMonFootprint_Delcatty
0x08CF9028	rom	gMonStillFrontPic_Kecleon
0x08CF93A8	rom	gMonPalette_Kecleon
0x08CF93D0	rom	gMonBackPic_Kecleon
0x08CF97A8	rom	gMonShinyPalette_Kecleon
0x08CF97D0	rom	gMonIcon_Kecleon
0x08CF9BD0	rom	gMonFootprint_Kecleon
0x08CF9BF0	rom	gMonStillFrontPic_Baltoy
0x08CF9E14	rom	gMonPalette_Baltoy
0x08CF9E34	rom	gMonBackPic_Baltoy
0x08CFA0DC	rom	gMonShinyPalette_Baltoy
0x08CFA0FC	rom	gMonIcon_Baltoy
0x08CFA4FC	rom	gMonFootprint_Baltoy
0x08CFA51C	rom	gMonStillFrontPic_Claydol
0x08CFA8D4	rom	gMonPalette_Claydol
0x08CFA8FC	rom	gMonBackPic_Claydol
0x08CFACD0	rom	gMonShinyPalette_Claydol
0x08CFACF8	rom	gMonIcon_Claydol
0x08CFB0F8	rom	gMonFootprint_Claydol
0x08CFB118	rom	gMonStillFrontPic_Nosepass
0x08CFB3E4	rom	gMonPalette_Nosepass
0x08CFB40C	rom	gMonBackPic_Nosepass
0x08CFB6AC	rom	gMonShinyPalette_Nosepass
0x08CFB6D4	rom	gMonIcon_Nosepass
0x08CFBAD4	rom	gMonFootprint_Nosepass
0x08CFBAF4	rom	gMonStillFrontPic_Torkoal
0x08CFBFA0	rom	gMonPalette_Torkoal
0x08CFBFC8	rom	gMonBackPic_Torkoal
0x08CFC290	rom	gMonShinyPalette_Torkoal
0x08CFC2B8	rom	gMonIcon_Torkoal
0x08CFC6B8	rom	gMonFootprint_Torkoal
0x08CFC6D8	rom	gMonStillFrontPic_Sableye
0x08CFC9AC	rom	gMonPalette_Sableye
0x08CFC9D4	rom	gMonBackPic_Sableye
0x08CFCCFC	rom	gMonShinyPalette_Sableye
0x08CFCD24	rom	gMonIcon_Sableye
0x08CFD124	rom	gMonFootprint_Sableye
0x08CFD144	rom	gMonStillFrontPic_Barboach
0x08CFD3D4	rom	gMonPalette_Barboach
0x08CFD3FC	rom	gMonBackPic_Barboach
0x08CFD68C	rom	gMonShinyPalette_Barboach
0x08CFD6B4	rom	gMonIcon_Barboach
0x08CFDAB4	rom	gMonFootprint_Barboach
0x08CFDAD4	rom	gMonStillFrontPic_Whiscash
0x08CFDE4C	rom	gMonPalette_Whiscash
0x08CFDE74	rom	gMonBackPic_Whiscash
0x08CFE1C0	rom	gMonShinyPalette_Whiscash
0x08CFE1E8	rom	gMonIcon_Whiscash
0x08CFE5E8	rom	gMonFootprint_Whiscash
0x08CFE608	rom	gMonStillFrontPic_Luvdisc
0x08CFE7C8	rom	gMonPalette_Luvdisc
0x08CFE7EC	rom	gMonBackPic_Luvdisc
0x08CFE9C0	rom	gMonShinyPalette_Luvdisc
0x08CFE9E4	rom	gMonIcon_Luvdisc
0x08CFEDE4	rom	gMonFootprint_Luvdisc
0x08CFEE04	rom	gMonStillFrontPic_Corphish
0x08CFF160	rom	gMonPalette_Corphish
0x08CFF188	rom	gMonBackPic_Corphish
0x08CFF4A4	rom	gMonShinyPalette_Corphish
0x08CFF4CC	rom	gMonIcon_Corphish
0x08CFF8CC	rom	gMonFootprint_Corphish
0x08CFF8EC	rom	gMonStillFrontPic_Crawdaunt
0x08CFFD7C	rom	gMonPalette_Crawdaunt
0x08CFFDA4	rom	gMonBackPic_Crawdaunt
0x08D00188	rom	gMonShinyPalette_Crawdaunt
0x08D001B0	rom	gMonIcon_Crawdaunt
0x08D005B0	rom	gMonFootprint_Crawdaunt
0x08D005D0	rom	gMonStillFrontPic_Feebas
0x08D0085C	rom	gMonPalette_Feebas
0x08D00884	rom	gMonBackPic_Feebas
0x08D00BBC	rom	gMonShinyPalette_Feebas
0x08D00BE4	rom	gMonIcon_Feebas
0x08D00FE4	rom	gMonFootprint_Feebas
0x08D01004	rom	gMonStillFrontPic_Milotic
0x08D01494	rom	gMonPalette_Milotic
0x08D014BC	rom	gMonBackPic_Milotic
0x08D017B0	rom	gMonShinyPalette_Milotic
0x08D017D8	rom	gMonIcon_Milotic
0x08D01BD8	rom	gMonFootprint_Milotic
0x08D01BF8	rom	gMonStillFrontPic_Carvanha
0x08D01F24	rom	gMonPalette_Carvanha
0x08D01F4C	rom	gMonBackPic_Carvanha
0x08D0225C	rom	gMonShinyPalette_Carvanha
0x08D02284	rom	gMonIcon_Carvanha
0x08D02684	rom	gMonFootprint_Carvanha
0x08D026A4	rom	gMonStillFrontPic_Sharpedo
0x08D02A34	rom	gMonPalette_Sharpedo
0x08D02A5C	rom	gMonBackPic_Sharpedo
0x08D02DB4	rom	gMonShinyPalette_Sharpedo
0x08D02DDC	rom	gMonIcon_Sharpedo
0x08D031DC	rom	gMonFootprint_Sharpedo
0x08D031FC	rom	gMonStillFrontPic_Trapinch
0x08D03418	rom	gMonPalette_Trapinch
0x08D03440	rom	gMonBackPic_Trapinch
0x08D03660	rom	gMonShinyPalette_Trapinch
0x08D03688	rom	gMonIcon_Trapinch
0x08D03A88	rom	gMonFootprint_Trapinch
0x08D03AA8	rom	gMonStillFrontPic_Vibrava
0x08D03E18	rom	gMonPalette_Vibrava
0x08D03E40	rom	gMonBackPic_Vibrava
0x08D040B8	rom	gMonShinyPalette_Vibrava
0x08D040E0	rom	gMonIcon_Vibrava
0x08D044E0	rom	gMonFootprint_Vibrava
0x08D04500	rom	gMonStillFrontPic_Flygon
0x08D049F0	rom	gMonPalette_Flygon
0x08D04A18	rom	gMonBackPic_Flygon
0x08D04E54	rom	gMonShinyPalette_Flygon
0x08D04E7C	rom	gMonIcon_Flygon
0x08D0527C	rom	gMonFootprint_Flygon
0x08D0529C	rom	gMonStillFrontPic_Makuhita
0x08D055B4	rom	gMonPalette_Makuhita
0x08D055DC	rom	gMonBackPic_Makuhita
0x08D058CC	rom	gMonShinyPalette_Makuhita
0x08D058F0	rom	gMonIcon_Makuhita
0x08D05CF0	rom	gMonFootprint_Makuhita
0x08D05D10	rom	gMonStillFrontPic_Hariyama
0x08D061C0	rom	gMonPalette_Hariyama
0x08D061E8	rom	gMonBackPic_Hariyama
0x08D065C8	rom	gMonShinyPalette_Hariyama
0x08D065F0	rom	gMonIcon_Hariyama
0x08D069F0	rom	gMonFootprint_Hariyama
0x08D06A10	rom	gMonStillFrontPic_Electrike
0x08D06CA0	rom	gMonPalette_Electrike
0x08D06CC8	rom	gMonBackPic_Electrike
0x08D06F54	rom	gMonShinyPalette_Electrike
0x08D06F7C	rom	gMonIcon_Electrike
0x08D0737C	rom	gMonFootprint_Electrike
0x08D0739C	rom	gMonStillFrontPic_Manectric
0x08D076CC	rom	gMonPalette_Manectric
0x08D076F4	rom	gMonBackPic_Manectric
0x08D07920	rom	gMonShinyPalette_Manectric
0x08D07948	rom	gMonIcon_Manectric
0x08D07D48	rom	gMonFootprint_Manectric
0x08D07D68	rom	gMonStillFrontPic_Numel
0x08D08038	rom	gMonPalette_Numel
0x08D08060	rom	gMonBackPic_Numel
0x08D0831C	rom	gMonShinyPalette_Numel
0x08D08344	rom	gMonIcon_Numel
0x08D08744	rom	gMonFootprint_Numel
0x08D08764	rom	gMonStillFrontPic_Camerupt
0x08D08B7C	rom	gMonPalette_Camerupt
0x08D08BA4	rom	gMonBackPic_Camerupt
0x08D08E68	rom	gMonShinyPalette_Camerupt
0x08D08E90	rom	gMonIcon_Camerupt
0x08D09290	rom	gMonFootprint_Camerupt
0x08D092B0	rom	gMonStillFrontPic_Spheal
0x08D09524	rom	gMonPalette_Spheal
0x08D0954C	rom	gMonBackPic_Spheal
0x08D09748	rom	gMonShinyPalette_Spheal
0x08D09770	rom	gMonIcon_Spheal
0x08D09B70	rom	gMonFootprint_Spheal
0x08D09B90	rom	gMonStillFrontPic_Sealeo
0x08D09F10	rom	gMonPalette_Sealeo
0x08D09F38	rom	gMonBackPic_Sealeo
0x08D0A1B4	rom	gMonShinyPalette_Sealeo
0x08D0A1DC	rom	gMonIcon_Sealeo
0x08D0A5DC	rom	gMonFootprint_Sealeo
0x08D0A5FC	rom	gMonStillFrontPic_Walrein
0x08D0AD70	rom	gMonPalette_Walrein
0x08D0AD98	rom	gMonBackPic_Walrein
0x08D0B120	rom	gMonShinyPalette_Walrein
0x08D0B148	rom	gMonIcon_Walrein
0x08D0B548	rom	gMonFootprint_Walrein
0x08D0B568	rom	gMonStillFrontPic_Cacnea
0x08D0B878	rom	gMonPalette_Cacnea
0x08D0B8A0	rom	gMonBackPic_Cacnea
0x08D0BC00	rom	gMonShinyPalette_Cacnea
0x08D0BC28	rom	gMonIcon_Cacnea
0x08D0C028	rom	gMonFootprint_Cacnea
0x08D0C048	rom	gMonStillFrontPic_Cacturne
0x08D0C480	rom	gMonPalette_Cacturne
0x08D0C4A8	rom	gMonBackPic_Cacturne
0x08D0C7A8	rom	gMonShinyPalette_Cacturne
0x08D0C7D0	rom	gMonIcon_Cacturne
0x08D0CBD0	rom	gMonFootprint_Cacturne
0x08D0CBF0	rom	gMonStillFrontPic_Snorunt
0x08D0CEB4	rom	gMonPalette_Snorunt
0x08D0CEDC	rom	gMonBackPic_Snorunt
0x08D0D1C0	rom	gMonShinyPalette_Snorunt
0x08D0D1E8	rom	gMonIcon_Snorunt
0x08D0D5E8	rom	gMonFootprint_Snorunt
0x08D0D608	rom	gMonStillFrontPic_Glalie
0x08D0D9D0	rom	gMonPalette_Glalie
0x08D0D9F8	rom	gMonBackPic_Glalie
0x08D0DDA8	rom	gMonShinyPalette_Glalie
0x08D0DDD0	rom	gMonIcon_Glalie
0x08D0E1D0	rom	gMonFootprint_Glalie
0x08D0E1F0	rom	gMonStillFrontPic_Lunatone
0x08D0E518	rom	gMonPalette_Lunatone
0x08D0E540	rom	gMonBackPic_Lunatone
0x08D0E898	rom	gMonShinyPalette_Lunatone
0x08D0E8C0	rom	gMonIcon_Lunatone
0x08D0ECC0	rom	gMonFootprint_Lunatone
0x08D0ECE0	rom	gMonStillFrontPic_Solrock
0x08D0F12C	rom	gMonPalette_Solrock
0x08D0F154	rom	gMonBackPic_Solrock
0x08D0F540	rom	gMonShinyPalette_Solrock
0x08D0F568	rom	gMonIcon_Solrock
0x08D0F968	rom	gMonFootprint_Solrock
0x08D0F988	rom	gMonStillFrontPic_Azurill
0x08D0FC50	rom	gMonPalette_Azurill
0x08D0FC78	rom	gMonBackPic_Azurill
0x08D0FF90	rom	gMonShinyPalette_Azurill
0x08D0FFB8	rom	gMonIcon_Azurill
0x08D103B8	rom	gMonFootprint_Azurill
0x08D103D8	rom	gMonStillFrontPic_Spoink
0x08D10644	rom	gMonPalette_Spoink
0x08D1066C	rom	gMonBackPic_Spoink
0x08D108AC	rom	gMonShinyPalette_Spoink
0x08D108D4	rom	gMonIcon_Spoink
0x08D10CD4	rom	gMonFootprint_Spoink
0x08D10CF4	rom	gMonStillFrontPic_Grumpig
0x08D110B0	rom	gMonPalette_Grumpig
0x08D110D8	rom	gMonBackPic_Grumpig
0x08D11438	rom	gMonShinyPalette_Grumpig
0x08D11460	rom	gMonIcon_Grumpig
0x08D11860	rom	gMonFootprint_Grumpig
0x08D11880	rom	gMonStillFrontPic_Plusle
0x08D11B0C	rom	gMonPalette_Plusle
0x08D11B34	rom	gMonBackPic_Plusle
0x08D11DEC	rom	gMonShinyPalette_Plusle
0x08D11E14	rom	gMonIcon_Plusle
0x08D12214	rom	gMonFootprint_Plusle
0x08D12234	rom	gMonStillFrontPic_Minun
0x08D1249C	rom	gMonPalette_Minun
0x08D124C4	rom	gMonBackPic_Minun
0x08D1278C	rom	gMonShinyPalette_Minun
0x08D127B4	rom	gMonIcon_Minun
0x08D12BB4	rom	gMonFootprint_Minun
0x08D12BD4	rom	gMonStillFrontPic_Mawile
0x08D12F90	rom	gMonPalette_Mawile
0x08D12FB8	rom	gMonBackPic_Mawile
0x08D133B8	rom	gMonShinyPalette_Mawile
0x08D133E0	rom	gMonIcon_Mawile
0x08D137E0	rom	gMonFootprint_Mawile
0x08D13800	rom	gMonStillFrontPic_Meditite
0x08D13AB8	rom	gMonPalette_Meditite
0x08D13AE0	rom	gMonBackPic_Meditite
0x08D13DA8	rom	gMonShinyPalette_Meditite
0x08D13DCC	rom	gMonIcon_Meditite
0x08D141CC	rom	gMonFootprint_Meditite
0x08D141EC	rom	gMonStillFrontPic_Medicham
0x08D1451C	rom	gMonPalette_Medicham
0x08D14544	rom	gMonBackPic_Medicham
0x08D1487C	rom	gMonShinyPalette_Medicham
0x08D148A4	rom	gMonIcon_Medicham
0x08D14CA4	rom	gMonFootprint_Medicham
0x08D14CC4	rom	gMonStillFrontPic_Swablu
0x08D15274	rom	gMonPalette_Swablu
0x08D1529C	rom	gMonBackPic_Swablu
0x08D15654	rom	gMonShinyPalette_Swablu
0x08D1567C	rom	gMonIcon_Swablu
0x08D15A7C	rom	gMonFootprint_Swablu
0x08D15A9C	rom	gMonStillFrontPic_Altaria
0x08D15E78	rom	gMonPalette_Altaria
0x08D15EA0	rom	gMonBackPic_Altaria
0x08D16218	rom	gMonShinyPalette_Altaria
0x08D16240	rom	gMonIcon_Altaria
0x08D16640	rom	gMonFootprint_Altaria
0x08D16660	rom	gMonStillFrontPic_Wynaut
0x08D168F8	rom	gMonPalette_Wynaut
0x08D16920	rom	gMonBackPic_Wynaut
0x08D16BB0	rom	gMonShinyPalette_Wynaut
0x08D16BD8	rom	gMonIcon_Wynaut
0x08D16FD8	rom	gMonFootprint_Wynaut
0x08D16FF8	rom	gMonStillFrontPic_Duskull
0x08D172E8	rom	gMonPalette_Duskull
0x08D17310	rom	gMonBackPic_Duskull
0x08D175C0	rom	gMonShinyPalette_Duskull
0x08D175E8	rom	gMonIcon_Duskull
0x08D179E8	rom	gMonFootprint_Duskull
0x08D17A08	rom	gMonStillFrontPic_Dusclops
0x08D17DA8	rom	gMonPalette_Dusclops
0x08D17DD0	rom	gMonBackPic_Dusclops
0x08D180BC	rom	gMonShinyPalette_Dusclops
0x08D180E4	rom	gMonIcon_Dusclops
0x08D184E4	rom	gMonFootprint_Dusclops
0x08D18504	rom	gMonStillFrontPic_Roselia
0x08D18870	rom	gMonPalette_Roselia
0x08D18898	rom	gMonBackPic_Roselia
0x08D18C60	rom	gMonShinyPalette_Roselia
0x08D18C88	rom	gMonIcon_Roselia
0x08D19088	rom	gMonFootprint_Roselia
0x08D190A8	rom	gMonStillFrontPic_Slakoth
0x08D19390	rom	gMonPalette_Slakoth
0x08D193B8	rom	gMonBackPic_Slakoth
0x08D196A0	rom	gMonShinyPalette_Slakoth
0x08D196C8	rom	gMonIcon_Slakoth
0x08D19AC8	rom	gMonFootprint_Slakoth
0x08D19AE8	rom	gMonStillFrontPic_Vigoroth
0x08D19EE4	rom	gMonPalette_Vigoroth
0x08D19F0C	rom	gMonBackPic_Vigoroth
0x08D1A1D4	rom	gMonShinyPalette_Vigoroth
0x08D1A1FC	rom	gMonIcon_Vigoroth
0x08D1A5FC	rom	gMonFootprint_Vigoroth
0x08D1A61C	rom	gMonStillFrontPic_Slaking
0x08D1AAF0	rom	gMonPalette_Slaking
0x08D1AB18	rom	gMonBackPic_Slaking
0x08D1AEDC	rom	gMonShinyPalette_Slaking
0x08D1AF04	rom	gMonIcon_Slaking
0x08D1B304	rom	gMonFootprint_Slaking
0x08D1B324	rom	gMonStillFrontPic_Gulpin
0x08D1B53C	rom	gMonPalette_Gulpin
0x08D1B564	rom	gMonBackPic_Gulpin
0x08D1B7E8	rom	gMonShinyPalette_Gulpin
0x08D1B810	rom	gMonIcon_Gulpin
0x08D1BC10	rom	gMonFootprint_Gulpin
0x08D1BC30	rom	gMonStillFrontPic_Swalot
0x08D1BF74	rom	gMonPalette_Swalot
0x08D1BF9C	rom	gMonBackPic_Swalot
0x08D1C2E4	rom	gMonShinyPalette_Swalot
0x08D1C30C	rom	gMonIcon_Swalot
0x08D1C70C	rom	gMonFootprint_Swalot
0x08D1C72C	rom	gMonStillFrontPic_Tropius
0x08D1CCA4	rom	gMonPalette_Tropius
0x08D1CCCC	rom	gMonBackPic_Tropius
0x08D1CFF0	rom	gMonShinyPalette_Tropius
0x08D1D018	rom	gMonIcon_Tropius
0x08D1D418	rom	gMonFootprint_Tropius
0x08D1D438	rom	gMonStillFrontPic_Whismur
0x08D1D6CC	rom	gMonPalette_Whismur
0x08D1D6F4	rom	gMonBackPic_Whismur
0x08D1D964	rom	gMonShinyPalette_Whismur
0x08D1D98C	rom	gMonIcon_Whismur
0x08D1DD8C	rom	gMonFootprint_Whismur
0x08D1DDAC	rom	gMonStillFrontPic_Loudred
0x08D1E224	rom	gMonPalette_Loudred
0x08D1E24C	rom	gMonBackPic_Loudred
0x08D1E5BC	rom	gMonShinyPalette_Loudred
0x08D1E5E4	rom	gMonIcon_Loudred
0x08D1E9E4	rom	gMonFootprint_Loudred
0x08D1EA04	rom	gMonStillFrontPic_Exploud
0x08D1EF6C	rom	gMonPalette_Exploud
0x08D1EF94	rom	gMonBackPic_Exploud
0x08D1F3A0	rom	gMonShinyPalette_Exploud
0x08D1F3C8	rom	gMonIcon_Exploud
0x08D1F7C8	rom	gMonFootprint_Exploud
0x08D1F7E8	rom	gMonStillFrontPic_Clamperl
0x08D1FAC0	rom	gMonPalette_Clamperl
0x08D1FAE8	rom	gMonBackPic_Clamperl
0x08D1FD7C	rom	gMonShinyPalette_Clamperl
0x08D1FDA4	rom	gMonIcon_Clamperl
0x08D201A4	rom	gMonFootprint_Clamperl
0x08D201C4	rom	gMonStillFrontPic_Huntail
0x08D20590	rom	gMonPalette_Huntail
0x08D205B8	rom	gMonBackPic_Huntail
0x08D2090C	rom	gMonShinyPalette_Huntail
0x08D20934	rom	gMonIcon_Huntail
0x08D20D34	rom	gMonFootprint_Huntail
0x08D20D54	rom	gMonStillFrontPic_Gorebyss
0x08D21064	rom	gMonPalette_Gorebyss
0x08D2108C	rom	gMonBackPic_Gorebyss
0x08D21374	rom	gMonShinyPalette_Gorebyss
0x08D2139C	rom	gMonIcon_Gorebyss
0x08D2179C	rom	gMonFootprint_Gorebyss
0x08D217BC	rom	gMonStillFrontPic_Absol
0x08D21BEC	rom	gMonPalette_Absol
0x08D21C14	rom	gMonBackPic_Absol
0x08D21F74	rom	gMonShinyPalette_Absol
0x08D21F9C	rom	gMonIcon_Absol
0x08D2239C	rom	gMonFootprint_Absol
0x08D223BC	rom	gMonStillFrontPic_Shuppet
0x08D225F4	rom	gMonPalette_Shuppet
0x08D2261C	rom	gMonBackPic_Shuppet
0x08D228B4	rom	gMonShinyPalette_Shuppet
0x08D228DC	rom	gMonIcon_Shuppet
0x08D22CDC	rom	gMonFootprint_Shuppet
0x08D22CFC	rom	gMonStillFrontPic_Banette
0x08D22FB0	rom	gMonPalette_Banette
0x08D22FD8	rom	gMonBackPic_Banette
0x08D23254	rom	gMonShinyPalette_Banette
0x08D2327C	rom	gMonIcon_Banette
0x08D2367C	rom	gMonFootprint_Banette
0x08D2369C	rom	gMonStillFrontPic_Seviper
0x08D23ABC	rom	gMonPalette_Seviper
0x08D23AE4	rom	gMonBackPic_Seviper
0x08D23F70	rom	gMonShinyPalette_Seviper
0x08D23F98	rom	gMonIcon_Seviper
0x08D24398	rom	gMonFootprint_Seviper
0x08D243B8	rom	gMonStillFrontPic_Zangoose
0x08D24784	rom	gMonPalette_Zangoose
0x08D247AC	rom	gMonBackPic_Zangoose
0x08D24B20	rom	gMonShinyPalette_Zangoose
0x08D24B48	rom	gMonIcon_Zangoose
0x08D24F48	rom	gMonFootprint_Zangoose
0x08D24F68	rom	gMonStillFrontPic_Relicanth
0x08D252FC	rom	gMonPalette_Relicanth
0x08D25324	rom	gMonBackPic_Relicanth
0x08D2567C	rom	gMonShinyPalette_Relicanth
0x08D256A4	rom	gMonIcon_Relicanth
0x08D25AA4	rom	gMonFootprint_Relicanth
0x08D25AC4	rom	gMonStillFrontPic_Aron
0x08D25CAC	rom	gMonPalette_Aron
0x08D25CD4	rom	gMonBackPic_Aron
0x08D25EFC	rom	gMonShinyPalette_Aron
0x08D25F24	rom	gMonIcon_Aron
0x08D26324	rom	gMonFootprint_Aron
0x08D26344	rom	gMonStillFrontPic_Lairon
0x08D26710	rom	gMonPalette_Lairon
0x08D26738	rom	gMonBackPic_Lairon
0x08D26A24	rom	gMonShinyPalette_Lairon
0x08D26A4C	rom	gMonIcon_Lairon
0x08D26E4C	rom	gMonFootprint_Lairon
0x08D26E6C	rom	gMonStillFrontPic_Aggron
0x08D273E8	rom	gMonPalette_Aggron
0x08D27410	rom	gMonBackPic_Aggron
0x08D27838	rom	gMonShinyPalette_Aggron
0x08D27860	rom	gMonIcon_Aggron
0x08D27C60	rom	gMonFootprint_Aggron
0x08D27C80	rom	gMonStillFrontPic_Castform
0x08D28708	rom	gMonPalette_Castform
0x08D28788	rom	gMonBackPic_Castform
0x08D29144	rom	gMonShinyPalette_Castform
0x08D291C0	rom	gMonIcon_Castform
0x08D295C0	rom	gMonFootprint_Castform
0x08D295E0	rom	gMonStillFrontPic_Volbeat
0x08D29970	rom	gMonPalette_Volbeat
0x08D29998	rom	gMonBackPic_Volbeat
0x08D29CF8	rom	gMonShinyPalette_Volbeat
0x08D29D20	rom	gMonIcon_Volbeat
0x08D2A120	rom	gMonFootprint_Volbeat
0x08D2A140	rom	gMonStillFrontPic_Illumise
0x08D2A4B4	rom	gMonPalette_Illumise
0x08D2A4DC	rom	gMonBackPic_Illumise
0x08D2A7F8	rom	gMonShinyPalette_Illumise
0x08D2A820	rom	gMonIcon_Illumise
0x08D2AC20	rom	gMonFootprint_Illumise
0x08D2AC40	rom	gMonStillFrontPic_Lileep
0x08D2AF84	rom	gMonPalette_Lileep
0x08D2AFAC	rom	gMonBackPic_Lileep
0x08D2B2F0	rom	gMonShinyPalette_Lileep
0x08D2B318	rom	gMonIcon_Lileep
0x08D2B718	rom	gMonFootprint_Lileep
0x08D2B738	rom	gMonStillFrontPic_Cradily
0x08D2BB54	rom	gMonPalette_Cradily
0x08D2BB7C	rom	gMonBackPic_Cradily
0x08D2BF78	rom	gMonShinyPalette_Cradily
0x08D2BFA0	rom	gMonIcon_Cradily
0x08D2C3A0	rom	gMonFootprint_Cradily
0x08D2C3C0	rom	gMonStillFrontPic_Anorith
0x08D2C6E4	rom	gMonPalette_Anorith
0x08D2C70C	rom	gMonBackPic_Anorith
0x08D2C954	rom	gMonShinyPalette_Anorith
0x08D2C97C	rom	gMonIcon_Anorith
0x08D2CD7C	rom	gMonFootprint_Anorith
0x08D2CD9C	rom	gMonStillFrontPic_Armaldo
0x08D2D31C	rom	gMonPalette_Armaldo
0x08D2D344	rom	gMonBackPic_Armaldo
0x08D2D77C	rom	gMonShinyPalette_Armaldo
0x08D2D7A4	rom	gMonIcon_Armaldo
0x08D2DBA4	rom	gMonFootprint_Armaldo
0x08D2DBC4	rom	gMonStillFrontPic_Ralts
0x08D2DDF4	rom	gMonPalette_Ralts
0x08D2DE1C	rom	gMonBackPic_Ralts
0x08D2E058	rom	gMonShinyPalette_Ralts
0x08D2E080	rom	gMonIcon_Ralts
0x08D2E480	rom	gMonFootprint_Ralts
0x08D2E4A0	rom	gMonStillFrontPic_Kirlia
0x08D2E79C	rom	gMonPalette_Kirlia
0x08D2E7C4	rom	gMonBackPic_Kirlia
0x08D2EB38	rom	gMonShinyPalette_Kirlia
0x08D2EB60	rom	gMonIcon_Kirlia
0x08D2EF60	rom	gMonFootprint_Kirlia
0x08D2EF80	rom	gMonStillFrontPic_Gardevoir
0x08D2F2FC	rom	gMonPalette_Gardevoir
0x08D2F324	rom	gMonBackPic_Gardevoir
0x08D2F658	rom	gMonShinyPalette_Gardevoir
0x08D2F680	rom	gMonIcon_Gardevoir
0x08D2FA80	rom	gMonFootprint_Gardevoir
0x08D2FAA0	rom	gMonStillFrontPic_Bagon
0x08D2FD18	rom	gMonPalette_Bagon
0x08D2FD40	rom	gMonBackPic_Bagon
0x08D30028	rom	gMonShinyPalette_Bagon
0x08D30050	rom	gMonIcon_Bagon
0x08D30450	rom	gMonFootprint_Bagon
0x08D30470	rom	gMonStillFrontPic_Shelgon
0x08D30774	rom	gMonPalette_Shelgon
0x08D3079C	rom	gMonBackPic_Shelgon
0x08D30A84	rom	gMonShinyPalette_Shelgon
0x08D30AAC	rom	gMonIcon_Shelgon
0x08D30EAC	rom	gMonFootprint_Shelgon
0x08D30ECC	rom	gMonStillFrontPic_Salamence
0x08D31330	rom	gMonPalette_Salamence
0x08D31358	rom	gMonBackPic_Salamence
0x08D3163C	rom	gMonShinyPalette_Salamence
0x08D31664	rom	gMonIcon_Salamence
0x08D31A64	rom	gMonFootprint_Salamence
0x08D31A84	rom	gMonStillFrontPic_Beldum
0x08D31CF4	rom	gMonPalette_Beldum
0x08D31D1C	rom	gMonBackPic_Beldum
0x08D3200C	rom	gMonShinyPalette_Beldum
0x08D32034	rom	gMonIcon_Beldum
0x08D32434	rom	gMonFootprint_Beldum
0x08D32454	rom	gMonStillFrontPic_Metang
0x08D328B0	rom	gMonPalette_Metang
0x08D328D8	rom	gMonBackPic_Metang
0x08D32BFC	rom	gMonShinyPalette_Metang
0x08D32C24	rom	gMonIcon_Metang
0x08D33024	rom	gMonFootprint_Metang
0x08D33044	rom	gMonStillFrontPic_Metagross
0x08D334A8	rom	gMonPalette_Metagross
0x08D334D0	rom	gMonBackPic_Metagross
0x08D3379C	rom	gMonShinyPalette_Metagross
0x08D337C4	rom	gMonIcon_Metagross
0x08D33BC4	rom	gMonFootprint_Metagross
0x08D33BE4	rom	gMonStillFrontPic_Regirock
0x08D340A0	rom	gMonPalette_Regirock
0x08D340C8	rom	gMonBackPic_Regirock
0x08D34514	rom	gMonShinyPalette_Regirock
0x08D3453C	rom	gMonIcon_Regirock
0x08D3493C	rom	gMonFootprint_Regirock
0x08D3495C	rom	gMonStillFrontPic_Regice
0x08D34DA4	rom	gMonPalette_Regice
0x08D34DCC	rom	gMonBackPic_Regice
0x08D350BC	rom	gMonShinyPalette_Regice
0x08D350E4	rom	gMonIcon_Regice
0x08D354E4	rom	gMonFootprint_Regice
0x08D35504	rom	gMonStillFrontPic_Registeel
0x08D3598C	rom	gMonPalette_Registeel
0x08D359B4	rom	gMonBackPic_Registeel
0x08D35CEC	rom	gMonShinyPalette_Registeel
0x08D35D14	rom	gMonIcon_Registeel
0x08D36114	rom	gMonFootprint_Registeel
0x08D36134	rom	gMonStillFrontPic_Kyogre
0x08D365A4	rom	gMonPalette_Kyogre
0x08D365CC	rom	gMonBackPic_Kyogre
0x08D36844	rom	gMonShinyPalette_Kyogre
0x08D3686C	rom	gMonIcon_Kyogre
0x08D36C6C	rom	gMonFootprint_Kyogre
0x08D36C8C	rom	gMonStillFrontPic_Groudon
0x08D37220	rom	gMonPalette_Groudon
0x08D37248	rom	gMonBackPic_Groudon
0x08D376B0	rom	gMonShinyPalette_Groudon
0x08D376D8	rom	gMonIcon_Groudon
0x08D37AD8	rom	gMonFootprint_Groudon
0x08D37AF8	rom	gMonStillFrontPic_Rayquaza
0x08D382E4	rom	gMonPalette_Rayquaza
0x08D3830C	rom	gMonBackPic_Rayquaza
0x08D38644	rom	gMonShinyPalette_Rayquaza
0x08D3866C	rom	gMonIcon_Rayquaza
0x08D38A6C	rom	gMonFootprint_Rayquaza
0x08D38A8C	rom	gMonStillFrontPic_Latias
0x08D38EB0	rom	gMonPalette_Latias
0x08D38ED8	rom	gMonBackPic_Latias
0x08D391D4	rom	gMonShinyPalette_Latias
0x08D391FC	rom	gMonIcon_Latias
0x08D395FC	rom	gMonFootprint_Latias
0x08D3961C	rom	gMonStillFrontPic_Latios
0x08D39A70	rom	gMonPalette_Latios
0x08D39A98	rom	gMonBackPic_Latios
0x08D39DF8	rom	gMonShinyPalette_Latios
0x08D39E20	rom	gMonIcon_Latios
0x08D3A220	rom	gMonFootprint_Latios
0x08D3A240	rom	gMonStillFrontPic_Jirachi
0x08D3A54C	rom	gMonPalette_Jirachi
0x08D3A574	rom	gMonBackPic_Jirachi
0x08D3A914	rom	gMonShinyPalette_Jirachi
0x08D3A93C	rom	gMonIcon_Jirachi
0x08D3AD3C	rom	gMonFootprint_Jirachi
0x08D3AD5C	rom	gMonStillFrontPic_Deoxys
0x08D3B138	rom	gMonPalette_Deoxys
0x08D3B160	rom	gMonBackPic_Deoxys
0x08D3B7D0	rom	gMonShinyPalette_Deoxys
0x08D3B7F8	rom	gMonIcon_Deoxys
0x08D3BBF8	rom	gMonIcon_DeoxysSpeed
0x08D3BFF8	rom	gMonIcon_DeoxysSpeedWide
0x08D3CFF8	rom	sEmpty
0x08D437F8	rom	gMonUnusedGarbage
0x08D43BF8	rom	gMonFootprint_Deoxys
0x08D43C18	rom	gMonStillFrontPic_Chimecho
0x08D43E64	rom	gMonPalette_Chimecho
0x08D43E8C	rom	gMonBackPic_Chimecho
0x08D44100	rom	gMonShinyPalette_Chimecho
0x08D44128	rom	gMonIcon_Chimecho
0x08D44528	rom	gMonFootprint_Chimecho
0x08D44548	rom	gMonStillFrontPic_Egg
0x08D446FC	rom	gMonPalette_Egg
0x08D4471C	rom	gMonStillFrontPic_UnownB
0x08D448F4	rom	gMonBackPic_UnownB
0x08D44AF8	rom	gMonIcon_UnownB
0x08D44EF8	rom	gMonStillFrontPic_UnownC
0x08D4510C	rom	gMonBackPic_UnownC
0x08D453B8	rom	gMonIcon_UnownC
0x08D457B8	rom	gMonStillFrontPic_UnownD
0x08D459B0	rom	gMonBackPic_UnownD
0x08D45C08	rom	gMonIcon_UnownD
0x08D46008	rom	gMonStillFrontPic_UnownE
0x08D461C0	rom	gMonBackPic_UnownE
0x08D463C0	rom	gMonIcon_UnownE
0x08D467C0	rom	gMonStillFrontPic_UnownF
0x08D469B4	rom	gMonBackPic_UnownF
0x08D46BD0	rom	gMonIcon_UnownF
0x08D46FD0	rom	gMonStillFrontPic_UnownG
0x08D471AC	rom	gMonBackPic_UnownG
0x08D473F8	rom	gMonIcon_UnownG
0x08D477F8	rom	gMonStillFrontPic_UnownH
0x08D47A3C	rom	gMonBackPic_UnownH
0x08D47D00	rom	gMonIcon_UnownH
0x08D48100	rom	gMonStillFrontPic_UnownI
0x08D48298	rom	gMonBackPic_UnownI
0x08D48440	rom	gMonIcon_UnownI
0x08D48840	rom	gMonStillFrontPic_UnownJ
0x08D48A04	rom	gMonBackPic_UnownJ
0x08D48BEC	rom	gMonIcon_UnownJ
0x08D48FEC	rom	gMonStillFrontPic_UnownK
0x08D491BC	rom	gMonBackPic_UnownK
0x08D493B4	rom	gMonIcon_UnownK
0x08D497B4	rom	gMonStillFrontPic_UnownL
0x08D49964	rom	gMonBackPic_UnownL
0x08D49B38	rom	gMonIcon_UnownL
0x08D49F38	rom	gMonStillFrontPic_UnownM
0x08D4A15C	rom	gMonBackPic_UnownM
0x08D4A404	rom	gMonIcon_UnownM
0x08D4A804	rom	gMonStillFrontPic_UnownN
0x08D4A9FC	rom	gMonBackPic_UnownN
0x08D4AC68	rom	gMonIcon_UnownN
0x08D4B068	rom	gMonStillFrontPic_UnownO
0x08D4B2A0	rom	gMonBackPic_UnownO
0x08D4B560	rom	gMonIcon_UnownO
0x08D4B960	rom	gMonStillFrontPic_UnownP
0x08D4BB00	rom	gMonBackPic_UnownP
0x08D4BCC4	rom	gMonIcon_UnownP
0x08D4C0C4	rom	gMonStillFrontPic_UnownQ
0x08D4C278	rom	gMonBackPic_UnownQ
0x08D4C444	rom	gMonIcon_UnownQ
0x08D4C844	rom	gMonStillFrontPic_UnownR
0x08D4C9E8	rom	gMonBackPic_UnownR
0x08D4CBB0	rom	gMonIcon_UnownR
0x08D4CFB0	rom	gMonStillFrontPic_UnownS
0x08D4D198	rom	gMonBackPic_UnownS
0x08D4D3EC	rom	gMonIcon_UnownS
0x08D4D7EC	rom	gMonStillFrontPic_UnownT
0x08D4D99C	rom	gMonBackPic_UnownT
0x08D4DB50	rom	gMonIcon_UnownT
0x08D4DF50	rom	gMonStillFrontPic_UnownU
0x08D4E168	rom	gMonBackPic_UnownU
0x08D4E3BC	rom	gMonIcon_UnownU
0x08D4E7BC	rom	gMonStillFrontPic_UnownV
0x08D4E9A0	rom	gMonBackPic_UnownV
0x08D4EBD0	rom	gMonIcon_UnownV
0x08D4EFD0	rom	gMonStillFrontPic_UnownW
0x08D4F1A4	rom	gMonBackPic_UnownW
0x08D4F3A8	rom	gMonIcon_UnownW
0x08D4F7A8	rom	gMonStillFrontPic_UnownX
0x08D4F96C	rom	gMonBackPic_UnownX
0x08D4FB5C	rom	gMonIcon_UnownX
0x08D4FF5C	rom	gMonStillFrontPic_UnownY
0x08D50134	rom	gMonBackPic_UnownY
0x08D50328	rom	gMonIcon_UnownY
0x08D50728	rom	gMonStillFrontPic_UnownZ
0x08D508D8	rom	gMonBackPic_UnownZ
0x08D50AB4	rom	gMonIcon_UnownZ
0x08D50EB4	rom	gMonStillFrontPic_UnownExclamationMark
0x08D51044	rom	gMonBackPic_UnownExclamationMark
0x08D5120C	rom	gMonIcon_UnownExclamationMark
0x08D5160C	rom	gMonStillFrontPic_UnownQuestionMark
0x08D517C8	rom	gMonBackPic_UnownQuestionMark
0x08D519C8	rom	gMonIcon_UnownQuestionMark
0x08D51DC8	rom	gTrainerFrontPic_Hiker
0x08D52248	rom	gTrainerPalette_Hiker
0x08D52270	rom	gTrainerFrontPic_AquaGruntM
0x08D525D0	rom	gTrainerPalette_AquaGruntM
0x08D525F8	rom	gTrainerFrontPic_PokemonBreederF
0x08D5292C	rom	gTrainerPalette_PokemonBreederF
0x08D52954	rom	gTrainerFrontPic_CoolTrainerM
0x08D52C3C	rom	gTrainerPalette_CoolTrainerM
0x08D52C64	rom	gTrainerFrontPic_BirdKeeper
0x08D52F9C	rom	gTrainerPalette_BirdKeeper
0x08D52FC4	rom	gTrainerFrontPic_Collector
0x08D533C8	rom	gTrainerPalette_Collector
0x08D533F0	rom	gTrainerFrontPic_AquaGruntF
0x08D5372C	rom	gTrainerPalette_AquaGruntF
0x08D53754	rom	gTrainerFrontPic_SwimmerM
0x08D53A14	rom	gTrainerPalette_SwimmerM
0x08D53A3C	rom	gTrainerFrontPic_MagmaGruntM
0x08D53DBC	rom	gTrainerPalette_MagmaGruntM
0x08D53DE4	rom	gTrainerFrontPic_ExpertM
0x08D54124	rom	gTrainerPalette_ExpertM
0x08D5414C	rom	gTrainerFrontPic_AquaAdminM
0x08D54500	rom	gTrainerPalette_AquaAdminM
0x08D54528	rom	gTrainerFrontPic_BlackBelt
0x08D5488C	rom	gTrainerPalette_BlackBelt
0x08D548B4	rom	gTrainerFrontPic_AquaAdminF
0x08D54C78	rom	gTrainerPalette_AquaAdminF
0x08D54CA0	rom	gTrainerFrontPic_AquaLeaderArchie
0x08D54FDC	rom	gTrainerPalette_AquaLeaderArchie
0x08D55004	rom	gTrainerFrontPic_HexManiac
0x08D55370	rom	gTrainerPalette_HexManiac
0x08D55398	rom	gTrainerFrontPic_AromaLady
0x08D5565C	rom	gTrainerPalette_AromaLady
0x08D55684	rom	gTrainerFrontPic_RuinManiac
0x08D55A20	rom	gTrainerPalette_RuinManiac
0x08D55A48	rom	gTrainerFrontPic_Interviewer
0x08D55EEC	rom	gTrainerPalette_Interviewer
0x08D55F14	rom	gTrainerFrontPic_TuberF
0x08D561B8	rom	gTrainerPalette_TuberF
0x08D561E0	rom	gTrainerFrontPic_TuberM
0x08D5646C	rom	gTrainerPalette_TuberM
0x08D56494	rom	gTrainerFrontPic_CoolTrainerF
0x08D567A8	rom	gTrainerPalette_CoolTrainerF
0x08D567D0	rom	gTrainerFrontPic_Lady
0x08D56B84	rom	gTrainerPalette_Lady
0x08D56BAC	rom	gTrainerFrontPic_Beauty
0x08D56E94	rom	gTrainerPalette_Beauty
0x08D56EBC	rom	gTrainerFrontPic_RichBoy
0x08D57170	rom	gTrainerPalette_RichBoy
0x08D57198	rom	gTrainerFrontPic_ExpertF
0x08D574B4	rom	gTrainerPalette_ExpertF
0x08D574DC	rom	gTrainerFrontPic_Pokemaniac
0x08D5784C	rom	gTrainerPalette_Pokemaniac
0x08D57874	rom	gTrainerFrontPic_MagmaGruntF
0x08D57C00	rom	gTrainerPalette_MagmaGruntF
0x08D57C28	rom	gTrainerFrontPic_Guitarist
0x08D57FAC	rom	gTrainerPalette_Guitarist
0x08D57FD4	rom	gTrainerFrontPic_Kindler
0x08D58340	rom	gTrainerPalette_Kindler
0x08D58368	rom	gTrainerFrontPic_Camper
0x08D58650	rom	gTrainerPalette_Camper
0x08D58678	rom	gTrainerFrontPic_Picnicker
0x08D58958	rom	gTrainerPalette_Picnicker
0x08D58980	rom	gTrainerFrontPic_BugManiac
0x08D58DD0	rom	gTrainerPalette_BugManiac
0x08D58DF8	rom	gTrainerFrontPic_PokemonBreederM
0x08D59128	rom	gTrainerPalette_PokemonBreederM
0x08D59150	rom	gTrainerFrontPic_PsychicM
0x08D5947C	rom	gTrainerPalette_PsychicM
0x08D594A4	rom	gTrainerFrontPic_PsychicF
0x08D597CC	rom	gTrainerPalette_PsychicF
0x08D597F4	rom	gTrainerFrontPic_Gentleman
0x08D59AF4	rom	gTrainerPalette_Gentleman
0x08D59B1C	rom	gTrainerFrontPic_EliteFourSidney
0x08D59E50	rom	gTrainerPalette_EliteFourSidney
0x08D59E78	rom	gTrainerFrontPic_EliteFourPhoebe
0x08D5A178	rom	gTrainerPalette_EliteFourPhoebe
0x08D5A1A0	rom	gTrainerFrontPic_EliteFourGlacia
0x08D5A524	rom	gTrainerPalette_EliteFourGlacia
0x08D5A54C	rom	gTrainerFrontPic_EliteFourDrake
0x08D5A8F4	rom	gTrainerPalette_EliteFourDrake
0x08D5A91C	rom	gTrainerFrontPic_LeaderRoxanne
0x08D5AC08	rom	gTrainerPalette_LeaderRoxanne
0x08D5AC30	rom	gTrainerFrontPic_LeaderBrawly
0x08D5AFC4	rom	gTrainerPalette_LeaderBrawly
0x08D5AFEC	rom	gTrainerFrontPic_LeaderWattson
0x08D5B334	rom	gTrainerPalette_LeaderWattson
0x08D5B35C	rom	gTrainerFrontPic_LeaderFlannery
0x08D5B6DC	rom	gTrainerPalette_LeaderFlannery
0x08D5B704	rom	gTrainerFrontPic_LeaderNorman
0x08D5BA40	rom	gTrainerPalette_LeaderNorman
0x08D5BA68	rom	gTrainerFrontPic_LeaderWinona
0x08D5BDE8	rom	gTrainerPalette_LeaderWinona
0x08D5BE10	rom	gTrainerFrontPic_LeaderTateAndLiza
0x08D5C254	rom	gTrainerPalette_LeaderTateAndLiza
0x08D5C27C	rom	gTrainerFrontPic_LeaderJuan
0x08D5C624	rom	gTrainerPalette_LeaderJuan
0x08D5C64C	rom	gTrainerFrontPic_SchoolKidM
0x08D5C90C	rom	gTrainerPalette_SchoolKidM
0x08D5C934	rom	gTrainerFrontPic_SchoolKidF
0x08D5CBD0	rom	gTrainerPalette_SchoolKidF
0x08D5CBF8	rom	gTrainerFrontPic_SrAndJr
0x08D5D068	rom	gTrainerPalette_SrAndJr
0x08D5D090	rom	gTrainerFrontPic_PokefanM
0x08D5D44C	rom	gTrainerPalette_PokefanM
0x08D5D474	rom	gTrainerFrontPic_PokefanF
0x08D5D840	rom	gTrainerPalette_PokefanF
0x08D5D868	rom	gTrainerFrontPic_Youngster
0x08D5DB10	rom	gTrainerPalette_Youngster
0x08D5DB38	rom	gTrainerFrontPic_ChampionWallace
0x08D5DF8C	rom	gTrainerPalette_ChampionWallace
0x08D5DFB4	rom	gTrainerFrontPic_Fisherman
0x08D5E398	rom	gTrainerPalette_Fisherman
0x08D5E3C0	rom	gTrainerFrontPic_CyclingTriathleteM
0x08D5E7D0	rom	gTrainerPalette_CyclingTriathleteM
0x08D5E7F8	rom	gTrainerFrontPic_CyclingTriathleteF
0x08D5EC04	rom	gTrainerPalette_CyclingTriathleteF
0x08D5EC2C	rom	gTrainerFrontPic_RunningTriathleteM
0x08D5EEE4	rom	gTrainerPalette_RunningTriathleteM
0x08D5EF0C	rom	gTrainerFrontPic_RunningTriathleteF
0x08D5F1B0	rom	gTrainerPalette_RunningTriathleteF
0x08D5F1D8	rom	gTrainerFrontPic_SwimmingTriathleteM
0x08D5F504	rom	gTrainerPalette_SwimmingTriathleteM
0x08D5F52C	rom	gTrainerFrontPic_SwimmingTriathleteF
0x08D5F808	rom	gTrainerPalette_SwimmingTriathleteF
0x08D5F830	rom	gTrainerFrontPic_DragonTamer
0x08D5FB84	rom	gTrainerPalette_DragonTamer
0x08D5FBAC	rom	gTrainerFrontPic_NinjaBoy
0x08D5FE88	rom	gTrainerPalette_NinjaBoy
0x08D5FEB0	rom	gTrainerFrontPic_BattleGirl
0x08D601D0	rom	gTrainerPalette_BattleGirl
0x08D601F8	rom	gTrainerFrontPic_ParasolLady
0x08D60530	rom	gTrainerPalette_ParasolLady
0x08D60558	rom	gTrainerFrontPic_SwimmerF
0x08D60828	rom	gTrainerPalette_SwimmerF
0x08D60850	rom	gTrainerFrontPic_Twins
0x08D60C14	rom	gTrainerPalette_Twins
0x08D60C3C	rom	gTrainerFrontPic_Sailor
0x08D60FEC	rom	gTrainerPalette_Sailor
0x08D61014	rom	gTrainerFrontPic_MagmaAdmin
0x08D613EC	rom	gTrainerPalette_MagmaAdmin
0x08D61414	rom	gTrainerFrontPic_Wally
0x08D616E4	rom	gTrainerPalette_Wally
0x08D6170C	rom	gTrainerFrontPic_Brendan
0x08D61A30	rom	gTrainerPalette_Brendan
0x08D61A58	rom	gTrainerFrontPic_May
0x08D61D58	rom	gTrainerPalette_May
0x08D61D80	rom	gTrainerFrontPic_BugCatcher
0x08D620AC	rom	gTrainerPalette_BugCatcher
0x08D620D4	rom	gTrainerFrontPic_PokemonRangerM
0x08D6241C	rom	gTrainerPalette_PokemonRangerM
0x08D62444	rom	gTrainerFrontPic_PokemonRangerF
0x08D62778	rom	gTrainerPalette_PokemonRangerF
0x08D627A0	rom	gTrainerFrontPic_MagmaLeaderMaxie
0x08D62A94	rom	gTrainerPalette_MagmaLeaderMaxie
0x08D62ABC	rom	gTrainerFrontPic_Lass
0x08D62D94	rom	gTrainerPalette_Lass
0x08D62DBC	rom	gTrainerFrontPic_YoungCouple
0x08D6317C	rom	gTrainerPalette_YoungCouple
0x08D631A4	rom	gTrainerFrontPic_OldCouple
0x08D636B4	rom	gTrainerPalette_OldCouple
0x08D636DC	rom	gTrainerFrontPic_SisAndBro
0x08D63B28	rom	gTrainerPalette_SisAndBro
0x08D63B50	rom	gTrainerFrontPic_Steven
0x08D63E88	rom	gTrainerPalette_Steven
0x08D63EB0	rom	gTrainerFrontPic_SalonMaidenAnabel
0x08D641B8	rom	gTrainerPalette_SalonMaidenAnabel
0x08D641E0	rom	gTrainerFrontPic_DomeAceTucker
0x08D645E4	rom	gTrainerPalette_DomeAceTucker
0x08D6460C	rom	gTrainerFrontPic_PalaceMavenSpenser
0x08D649B0	rom	gTrainerPalette_PalaceMavenSpenser
0x08D649D8	rom	gTrainerFrontPic_ArenaTycoonGreta
0x08D64D08	rom	gTrainerPalette_ArenaTycoonGreta
0x08D64D30	rom	gTrainerFrontPic_FactoryHeadNoland
0x08D650AC	rom	gTrainerPalette_FactoryHeadNoland
0x08D650D4	rom	gTrainerFrontPic_PikeQueenLucy
0x08D653C8	rom	gTrainerPalette_PikeQueenLucy
0x08D653F0	rom	gTrainerFrontPic_PyramidKingBrandon
0x08D6575C	rom	gTrainerPalette_PyramidKingBrandon
0x08D65784	rom	gTrainerFrontPic_Red
0x08D65A90	rom	gTrainerPalette_Red
0x08D65AB8	rom	gTrainerFrontPic_Leaf
0x08D65DF4	rom	gTrainerPalette_Leaf
0x08D65E1C	rom	gTrainerFrontPic_RubySapphireBrendan
0x08D66130	rom	gTrainerPalette_RubySapphireBrendan
0x08D66158	rom	gTrainerFrontPic_RubySapphireMay
0x08D66458	rom	gTrainerPalette_RubySapphireMay
0x08D66480	rom	gTrainerBackPic_Brendan
0x08D68480	rom	gTrainerBackPic_May
0x08D6A480	rom	gTrainerBackPic_Red
0x08D6CC80	rom	gTrainerBackPic_Leaf
0x08D6F480	rom	gTrainerBackPic_RubySapphireBrendan
0x08D71480	rom	gTrainerBackPic_RubySapphireMay
0x08D73480	rom	gTrainerBackPic_Wally
0x08D75480	rom	gTrainerBackPic_Steven
0x08D77480	rom	gTrainerBackPicPalette_Red
0x08D774A8	rom	gTrainerBackPicPalette_Leaf
0x08D774D0	rom	gMonIcon_QuestionMark
0x08D778D0	rom	gMonFootprint_QuestionMark
0x08D778F0	rom	gBattleVSFrame_Gfx
0x08D779D8	rom	gBattleVSFrame_Tilemap
0x08D77AE4	rom	gBattleVSFrame_Pal
0x08D77B0C	rom	gVsLettersGfx
0x08D77D68	rom	gBattleEnvironmentTiles_TallGrass
0x08D78318	rom	gBattleEnvironmentPalette_TallGrass
0x08D78350	rom	gBattleEnvironmentTilemap_TallGrass
0x08D78600	rom	gBattleEnvironmentTiles_LongGrass
0x08D78C78	rom	gBattleEnvironmentPalette_LongGrass
0x08D78CB8	rom	gBattleEnvironmentTilemap_LongGrass
0x08D78F68	rom	gBattleEnvironmentTiles_Sand
0x08D79560	rom	gBattleEnvironmentPalette_Sand
0x08D795A8	rom	gBattleEnvironmentTilemap_Sand
0x08D79858	rom	gBattleEnvironmentTiles_Underwater
0x08D79E10	rom	gBattleEnvironmentPalette_Underwater
0x08D79E58	rom	gBattleEnvironmentTilemap_Underwater
0x08D7A108	rom	gBattleEnvironmentTiles_Water
0x08D7A6DC	rom	gBattleEnvironmentPalette_Water
0x08D7A720	rom	gBattleEnvironmentTilemap_Water
0x08D7A9D0	rom	gBattleEnvironmentTiles_PondWater
0x08D7AF78	rom	gBattleEnvironmentPalette_PondWater
0x08D7AFB8	rom	gBattleEnvironmentTilemap_PondWater
0x08D7B268	rom	gBattleEnvironmentTiles_Rock
0x08D7B828	rom	gBattleEnvironmentPalette_Rock
0x08D7B864	rom	gBattleEnvironmentTilemap_Rock
0x08D7BB14	rom	gBattleEnvironmentTiles_Cave
0x08D7C10C	rom	gBattleEnvironmentPalette_Cave
0x08D7C154	rom	gBattleEnvironmentTilemap_Cave
0x08D7C404	rom	gBattleEnvironmentPalette_Plain
0x08D7C440	rom	gBattleEnvironmentTiles_Building
0x08D7C9EC	rom	gBattleEnvironmentPalette_Frontier
0x08D7CA28	rom	gBattleEnvironmentTilemap_Building
0x08D7CCD8	rom	gBattleEnvironmentTiles_Stadium
0x08D7D2E0	rom	gBattleEnvironmentTilemap_Stadium
0x08D7D590	rom	gBattleEnvironmentTiles_Rayquaza
0x08D7DC04	rom	gBattleEnvironmentTilemap_Rayquaza
0x08D7DEB4	rom	gBattleEnvironmentPalette_Building
0x08D7DEF4	rom	gBattleEnvironmentPalette_Kyogre
0x08D7DF30	rom	gBattleEnvironmentPalette_Groudon
0x08D7DF88	rom	gBattleEnvironmentPalette_BuildingGym
0x08D7DFC4	rom	gBattleEnvironmentPalette_BuildingLeader
0x08D7E000	rom	gBattleEnvironmentPalette_StadiumAqua
0x08D7E060	rom	gBattleEnvironmentPalette_StadiumMagma
0x08D7E0CC	rom	gBattleEnvironmentPalette_StadiumSidney
0x08D7E11C	rom	gBattleEnvironmentPalette_StadiumPhoebe
0x08D7E164	rom	gBattleEnvironmentPalette_StadiumGlacia
0x08D7E1A8	rom	gBattleEnvironmentPalette_StadiumDrake
0x08D7E1F8	rom	gBattleEnvironmentPalette_StadiumWallace
0x08D7E234	rom	gBattleEnvironmentPalette_Rayquaza
0x08D7E280	rom	gBattleEnvironmentAnimTiles_TallGrass
0x08D7E808	rom	gBattleEnvironmentAnimTilemap_TallGrass
0x08D7E9C4	rom	gBattleEnvironmentAnimTiles_LongGrass
0x08D7F0D4	rom	gBattleEnvironmentAnimTilemap_LongGrass
0x08D7F30C	rom	gBattleEnvironmentAnimTiles_Sand
0x08D7F850	rom	gBattleEnvironmentAnimTilemap_Sand
0x08D7F9F8	rom	gBattleEnvironmentAnimTiles_Underwater
0x08D7FEC4	rom	gBattleEnvironmentAnimTilemap_Underwater
0x08D80054	rom	gBattleEnvironmentAnimTiles_Water
0x08D80660	rom	gBattleEnvironmentAnimTilemap_Water
0x08D80804	rom	gBattleEnvironmentAnimTiles_PondWater
0x08D80D50	rom	gBattleEnvironmentAnimTilemap_PondWater
0x08D80E9C	rom	gBattleEnvironmentAnimTiles_Rock
0x08D8147C	rom	gBattleEnvironmentAnimTilemap_Rock
0x08D81610	rom	gBattleEnvironmentAnimTiles_Cave
0x08D81E2C	rom	gBattleEnvironmentAnimTilemap_Cave
0x08D820D4	rom	gBattleEnvironmentAnimTiles_Building
0x08D824E4	rom	gBattleEnvironmentAnimTilemap_Building
0x08D82608	rom	gBattleEnvironmentAnimTiles_Rayquaza
0x08D82C70	rom	gBattleEnvironmentAnimTilemap_Rayquaza
0x08D82F10	rom	gDomeTourneyTree_Gfx
0x08D834FC	rom	gDomeTourneyLine_Gfx
0x08D83900	rom	gDomeTourneyTree_Tilemap
0x08D83B2C	rom	gDomeTourneyLineDown_Tilemap
0x08D83C3C	rom	gDomeTourneyLineUp_Tilemap
0x08D83D50	rom	gDomeTourneyInfoCard_Gfx
0x08D84970	rom	gDomeTourneyInfoCard_Tilemap
0x08D84F00	rom	gDomeTourneyInfoCardBg_Tilemap
0x08D85058	rom	gDomeTourneyTreeButtons_Gfx
0x08D85358	rom	gDomeTourneyTree_Pal
0x08D85444	rom	gDomeTourneyTreeButtons_Pal
0x08D854C8	rom	gDomeTourneyMatchCardBg_Pal
0x08D854E8	rom	gBattleArenaJudgmentSymbolsGfx
0x08D855E8	rom	gBattleArenaJudgmentSymbolsPalette
0x08D85600	rom	gBattleWindowTextPalette
0x08D85620	rom	gPPTextPalette
0x08D85640	rom	gTilesetAnims_BattleDomePals0_0
0x08D85660	rom	gTilesetAnims_BattleDomePals0_1
0x08D85680	rom	gTilesetAnims_BattleDomePals0_2
0x08D856A0	rom	gTilesetAnims_BattleDomePals0_3
0x08D856C0	rom	sUnused0
0x08D856C8	rom	gBattlePyramidFloor_Pal
0x08D857A8	rom	gMultiBattleIntroBg_Opponent_Tilemap
0x08D85A1C	rom	gMultiBattleIntroBg_Player_Tilemap
0x08D85C50	rom	gIntroGameFreakTextFade_Pal
0x08D85CB0	rom	gIntroPlayer_Pal
0x08D85CD0	rom	gIntro3Bg_Pal
0x08D85ED0	rom	gIntroVolbeat_Pal
0x08D85EF0	rom	gIntroTorchic_Pal
0x08D85F10	rom	gIntroManectric_Pal
0x08D85F30	rom	gIntroFlygon_Pal
0x08D85F50	rom	gIntroVolbeat_Gfx
0x08D86130	rom	gIntroTorchic_Gfx
0x08D86550	rom	gIntroManectric_Gfx
0x08D8702C	rom	gIntroFlygon_Gfx
0x08D87568	rom	gIntroBrendan_Gfx
0x08D87CA4	rom	gIntroMay_Gfx
0x08D88494	rom	gIntroGroudon_Gfx
0x08D88D40	rom	gIntroGroudon_Tilemap
0x08D89224	rom	gIntroKyogre_Gfx
0x08D89ABC	rom	gIntroKyogre_Tilemap
0x08D89F7C	rom	gIntroLegendBg_Gfx
0x08D8A818	rom	gIntroGroudonBg_Tilemap
0x08D8A934	rom	gIntroKyogreBg_Tilemap
0x08D8AA54	rom	gIntroClouds_Gfx
0x08D8B180	rom	gIntroCloudsLeft_Tilemap
0x08D8B440	rom	gIntroCloudsRight_Tilemap
0x08D8B6E8	rom	gIntroCloudsSun_Tilemap
0x08D8B80C	rom	gIntroLightning_Gfx
0x08D8BA54	rom	gIntroLightning_Pal
0x08D8BA74	rom	gIntroRayquaza_Gfx
0x08D8C16C	rom	gIntroRayquaza_Tilemap
0x08D8C374	rom	gIntroUnused1_Tilemap
0x08D8C5C4	rom	gIntroUnused2_Tilemap
0x08D8C838	rom	gIntroRayquazaClouds_Gfx
0x08D8CCC8	rom	gIntroRayquazaClouds_Tilemap
0x08D8CF44	rom	gIntroBubbles_Gfx
0x08D8D110	rom	gIntroBubbles_Pal
0x08D8D130	rom	gIntroFlygonSilhouette_Gfx
0x08D8D208	rom	gIntroSparkle_Gfx
0x08D8D2A4	rom	gBattleAnimSpriteGfx_FlyingDirt
0x08D8D410	rom	gBattleAnimBgTilemap_Sandstorm
0x08D8D58C	rom	gBattleAnimBgImage_Sandstorm
0x08D8DAB8	rom	gBattleAnimSpritePal_FlyingDirt
0x08D8DAE0	rom	gBattleAnimSpriteGfx_MetalSoundWaves
0x08D8DC9C	rom	gBattleAnimSpritePal_MetalSoundWaves
0x08D8DCB4	rom	gBattleAnimBgImage_Ice
0x08D8E624	rom	gBattleAnimBgPalette_Ice
0x08D8E648	rom	gBattleAnimBgTilemap_Ice
0x08D8E840	rom	gBattleAnimSpriteGfx_IcicleSpear
0x08D8E914	rom	gBattleAnimSpritePal_IcicleSpear
0x08D8E93C	rom	gContestNextTurnGfx
0x08D8E9B4	rom	gContestNextTurnNumbersGfx
0x08D8EA34	rom	gContestNextTurnRandomGfx
0x08D8EA54	rom	gBattleAnimSpriteGfx_GlowyRedOrb
0x08D8EA74	rom	gBattleAnimSpritePal_GlowyRedOrb
0x08D8EA8C	rom	gBattleAnimSpritePal_GlowyGreenOrb
0x08D8EAA4	rom	gBattleAnimSpritePal_SleepPowder
0x08D8EAC4	rom	gBattleAnimSpritePal_StunSpore
0x08D8EAE4	rom	gContestApplauseGfx
0x08D8EC24	rom	gContestApplauseMeterGfx
0x08D8ECA4	rom	gContestPal
0x08D8ECC4	rom	gBattleAnimSpriteGfx_Splash
0x08D8EEE0	rom	gBattleAnimSpritePal_Splash
0x08D8EF04	rom	gBattleAnimSpriteGfx_SweatBead
0x08D8EF2C	rom	gBattleAnimSpriteGfx_Pokeblock
0x08D8EF80	rom	gBattleAnimSpritePal_Pokeblock
0x08D8EF98	rom	gBattleAnimSpriteGfx_Gem1
0x08D8F118	rom	gBattleAnimSpriteGfx_Gem2
0x08D8F284	rom	gBattleAnimSpriteGfx_Gem3
0x08D8F3EC	rom	gBattleAnimSpritePal_Gem1
0x08D8F414	rom	gBattleAnimBgImage_InAir
0x08D8F570	rom	gBattleAnimBgPalette_InAir
0x08D8F598	rom	gBattleAnimBgTilemap_InAir
0x08D8F780	rom	gBattleAnimSpriteGfx_Protect
0x08D8FB7C	rom	gBattleAnimSpritePal_Protect
0x08D8FB9C	rom	gBattleAnimBackgroundImageMuddyWater_Pal
0x08D8FBC0	rom	gEnemyMonShadow_Gfx
0x08D8FBF0	rom	gBattleInterface_BallStatusBarGfx
0x08D8FC74	rom	gMonIcon_Egg
0x08D90074	rom	gBattleAnimBgImage_Ghost
0x08D90D3C	rom	gBattleAnimBgPalette_Ghost
0x08D90D58	rom	gBattleAnimBgTilemap_Ghost
0x08D9104C	rom	gBattleAnimSpritePal_WhipHit
0x08D91074	rom	gBattleAnimBgPalette_SolarBeam
0x08D9109C	rom	gBattleAnimBgTilemap_SolarBeam
0x08D91598	rom	gBerryBlenderCenter_Gfx
0x08D91DB8	rom	gBerryBlenderOuter_Gfx
0x08D927EC	rom	gBerryBlenderOuter_Tilemap
0x08D92B00	rom	gBattleAnimBgPalette_Cosmic
0x08D92B28	rom	gBattleAnimBgImage_Cosmic
0x08D92D88	rom	gBattleAnimBgTilemap_Cosmic
0x08D92EC4	rom	gBattleAnimSpritePal_SlamHit2
0x08D92EEC	rom	gBattleAnimSpriteGfx_SlamHit2
0x08D932E0	rom	gBattleAnimFogTilemap
0x08D93458	rom	gBattleAnimSpritePal_WeatherBall
0x08D93474	rom	gBattleAnimSpriteGfx_WeatherBall
0x08D93598	rom	gBattleAnimBgTilemap_ScaryFacePlayer
0x08D9377C	rom	gBattleAnimBgTilemap_ScaryFaceOpponent
0x08D93960	rom	gBattleAnimBgTilemap_ScaryFaceContest
0x08D93B44	rom	gBattleAnimSpriteGfx_Hail
0x08D93B84	rom	gBattleAnimSpritePal_Hail
0x08D93B9C	rom	gBattleAnimSpriteGfx_GreenSpike
0x08D93BDC	rom	gBattleAnimSpritePal_GreenSpike
0x08D93BF4	rom	gBattleAnimSpritePal_WhiteCircleOfLight
0x08D93C0C	rom	gBattleAnimSpritePal_GlowyBlueOrb
0x08D93C24	rom	gBattleAnimSpriteGfx_Recycle
0x08D93E30	rom	gBattleAnimSpritePal_Recycle
0x08D93E4C	rom	gBattleAnimSpriteGfx_RedParticles
0x08D93E98	rom	gBattleAnimSpritePal_RedParticles
0x08D93EB4	rom	gBattleAnimSpriteGfx_DirtMound
0x08D9403C	rom	gBattleAnimSpritePal_DirtMound
0x08D9405C	rom	gBattleAnimBgImage_Fissure
0x08D94350	rom	gBattleAnimBgPalette_Fissure
0x08D9436C	rom	gBattleAnimBgTilemap_Fissure
0x08D94658	rom	gBattleAnimSpriteGfx_Bird
0x08D949D4	rom	gBattleAnimSpritePal_Bird
0x08D949F0	rom	gBattleAnimSpriteGfx_CrossImpact
0x08D94A90	rom	gBattleAnimSpritePal_CrossImpact
0x08D94AB8	rom	gBattleAnimBgImage_Surf
0x08D95DD8	rom	gBattleAnimBgPalette_Surf
0x08D95E00	rom	gBattleAnimBgTilemap_SurfOpponent
0x08D960D0	rom	gBattleAnimBgTilemap_SurfPlayer
0x08D963A4	rom	gBattleAnimBgTilemap_SurfContest
0x08D96698	rom	gBattleAnimSpritePal_Slash2
0x08D966C0	rom	gBattleAnimSpriteGfx_WhiteShadow
0x08D967D4	rom	gBattleAnimSpritePal_WhiteShadow
0x08D967EC	rom	gPartyMenuBg_Gfx
0x08D96AB4	rom	gPartyMenuBg_Pal
0x08D96BA0	rom	gPartyMenuBg_Tilemap
0x08D96CD8	rom	gPartyMenuPokeball_Gfx
0x08D96E58	rom	gPartyMenuPokeballSmall_Gfx
0x08D96F6C	rom	gPartyMenuPokeball_Pal
0x08D96F90	rom	gStatusGfx_Icons
0x08D97188	rom	gStatusPal_Icons
0x08D971B0	rom	gMoveTypes_Gfx
0x08D97B84	rom	gMoveTypes_Pal
0x08D97BEC	rom	gSummaryMoveSelect_Gfx
0x08D97CF4	rom	gSummaryMoveSelect_Pal
0x08D97D0C	rom	gSummaryScreen_Gfx
0x08D9853C	rom	gSummaryScreen_Pal
0x08D9862C	rom	gSummaryPage_Info_Tilemap
0x08D987FC	rom	gSummaryPage_Skills_Tilemap
0x08D9898C	rom	gSummaryPage_BattleMoves_Tilemap
0x08D98B28	rom	gSummaryPage_ContestMoves_Tilemap
0x08D98CC8	rom	gSummaryPage_InfoEgg_Tilemap
0x08D98E84	rom	gBagMaleTiles
0x08D99A00	rom	gBagFemaleTiles
0x08D9A560	rom	gBagPalette
0x08D9A588	rom	gBagScreenMale_Pal
0x08D9A5D4	rom	gBagScreenFemale_Pal
0x08D9A620	rom	gBagScreen_Gfx
0x08D9A88C	rom	gBagScreen_GfxTileMap
0x08D9A9EC	rom	gBattlePyramidBag_Gfx
0x08D9ADD0	rom	gBattlePyramidBag_Pal
0x08D9AE04	rom	gBattlePyramidBagTilemap
0x08D9AF44	rom	gBattlePyramidBagInterface_Pal
0x08D9AF6C	rom	gSwapLineGfx
0x08D9AFAC	rom	gSwapLinePal
0x08D9AFBC	rom	gShopMenu_Gfx
0x08D9B0C8	rom	gShopMenu_Pal
0x08D9B0F0	rom	gShopMenu_Tilemap
0x08D9B230	rom	gShopMenuMoney_Gfx
0x08D9B2B4	rom	gMenuPokeblock_Gfx
0x08D9B470	rom	gMenuPokeblock_Pal
0x08D9B4E0	rom	gMenuPokeblockDevice_Gfx
0x08D9B7A0	rom	gMenuPokeblockDevice_Pal
0x08D9B7C8	rom	gMenuPokeblock_Tilemap
0x08D9B910	rom	gPokeblock_Gfx
0x08D9B92C	rom	gPokeblockRed_Pal
0x08D9B940	rom	gPokeblockBlue_Pal
0x08D9B954	rom	gPokeblockPink_Pal
0x08D9B968	rom	gPokeblockGreen_Pal
0x08D9B97C	rom	gPokeblockYellow_Pal
0x08D9B990	rom	gPokeblockPurple_Pal
0x08D9B9A4	rom	gPokeblockIndigo_Pal
0x08D9B9B8	rom	gPokeblockBrown_Pal
0x08D9B9CC	rom	gPokeblockLiteBlue_Pal
0x08D9B9E0	rom	gPokeblockOlive_Pal
0x08D9B9F4	rom	gPokeblockGray_Pal
0x08D9BA08	rom	gPokeblockBlack_Pal
0x08D9BA1C	rom	gPokeblockWhite_Pal
0x08D9BA30	rom	gPokeblockGold_Pal
0x08D9BA44	rom	gPokeblockFeedBg_Tilemap
0x08D9BB44	rom	gBerryCheck_Gfx
0x08D9BEF0	rom	gBerryCheck_Pal
0x08D9BF98	rom	gBerryTag_Gfx
0x08D9C13C	rom	gBerryTag_Tilemap
0x08D9C24C	rom	gBerryCheckCircle_Gfx
0x08D9C3A8	rom	gBerryPic_Cheri
0x08D9C4FC	rom	gBerryPic_Oran
0x08D9C670	rom	gBerryPic_Pecha
0x08D9C7E4	rom	gBerryPic_Rawst
0x08D9C97C	rom	gBerryPic_Aspear
0x08D9CB24	rom	gBerryPic_Leppa
0x08D9CC94	rom	gBerryPic_Chesto
0x08D9CE78	rom	gBerryPic_Persim
0x08D9CFC8	rom	gBerryPic_Lum
0x08D9D0E4	rom	gBerryPic_Sitrus
0x08D9D288	rom	gBerryPic_Figy
0x08D9D434	rom	gBerryPic_Wiki
0x08D9D628	rom	gBerryPic_Mago
0x08D9D7DC	rom	gBerryPic_Aguav
0x08D9D950	rom	gBerryPic_Iapapa
0x08D9DC08	rom	gBerryPic_Razz
0x08D9DE38	rom	gBerryPic_Bluk
0x08D9E020	rom	gBerryPic_Nanab
0x08D9E194	rom	gBerryPic_Wepear
0x08D9E35C	rom	gBerryPic_Pinap
0x08D9E570	rom	gBerryPic_Pomeg
0x08D9E718	rom	gBerryPic_Kelpsy
0x08D9E8C0	rom	gBerryPic_Qualot
0x08D9EA8C	rom	gBerryPic_Hondew
0x08D9ECE4	rom	gBerryPic_Grepa
0x08D9EE74	rom	gBerryPic_Tamato
0x08D9F138	rom	gBerryPic_Cornn
0x08D9F33C	rom	gBerryPic_Magost
0x08D9F4E0	rom	gBerryPic_Rabuta
0x08D9F7D4	rom	gBerryPic_Nomel
0x08D9F9B0	rom	gBerryPic_Spelon
0x08D9FBA0	rom	gBerryPic_Pamtre
0x08D9FDF0	rom	gBerryPic_Watmel
0x08DA00D4	rom	gBerryPic_Durin
0x08DA04A0	rom	gBerryPic_Belue
0x08DA0778	rom	gBerryPic_Liechi
0x08DA09D0	rom	gBerryPic_Ganlon
0x08DA0B68	rom	gBerryPic_Salac
0x08DA0DAC	rom	gBerryPic_Petaya
0x08DA1054	rom	gBerryPic_Apicot
0x08DA11E4	rom	gBerryPic_Lansat
0x08DA13D8	rom	gBerryPic_Starf
0x08DA15A8	rom	gBerryPic_Enigma
0x08DA17C0	rom	gBerryPalette_Cheri
0x08DA17E8	rom	gBerryPalette_Oran
0x08DA1810	rom	gBerryPalette_Pecha
0x08DA1838	rom	gBerryPalette_Rawst
0x08DA1860	rom	gBerryPalette_Aspear
0x08DA1888	rom	gBerryPalette_Leppa
0x08DA18B0	rom	gBerryPalette_Chesto
0x08DA18D8	rom	gBerryPalette_Persim
0x08DA1900	rom	gBerryPalette_Lum
0x08DA1928	rom	gBerryPalette_Sitrus
0x08DA1950	rom	gBerryPalette_Figy
0x08DA1978	rom	gBerryPalette_Wiki
0x08DA19A0	rom	gBerryPalette_Mago
0x08DA19C8	rom	gBerryPalette_Aguav
0x08DA19F0	rom	gBerryPalette_Iapapa
0x08DA1A18	rom	gBerryPalette_Razz
0x08DA1A40	rom	gBerryPalette_Bluk
0x08DA1A68	rom	gBerryPalette_Nanab
0x08DA1A90	rom	gBerryPalette_Wepear
0x08DA1AB8	rom	gBerryPalette_Pinap
0x08DA1AE0	rom	gBerryPalette_Pomeg
0x08DA1B08	rom	gBerryPalette_Kelpsy
0x08DA1B30	rom	gBerryPalette_Qualot
0x08DA1B58	rom	gBerryPalette_Hondew
0x08DA1B80	rom	gBerryPalette_Grepa
0x08DA1BA8	rom	gBerryPalette_Tamato
0x08DA1BD0	rom	gBerryPalette_Cornn
0x08DA1BF8	rom	gBerryPalette_Magost
0x08DA1C20	rom	gBerryPalette_Rabuta
0x08DA1C48	rom	gBerryPalette_Nomel
0x08DA1C70	rom	gBerryPalette_Spelon
0x08DA1C98	rom	gBerryPalette_Pamtre
0x08DA1CC0	rom	gBerryPalette_Watmel
0x08DA1CE8	rom	gBerryPalette_Durin
0x08DA1D10	rom	gBerryPalette_Belue
0x08DA1D38	rom	gBerryPalette_Liechi
0x08DA1D60	rom	gBerryPalette_Ganlon
0x08DA1D88	rom	gBerryPalette_Salac
0x08DA1DB0	rom	gBerryPalette_Petaya
0x08DA1DD8	rom	gBerryPalette_Apicot
0x08DA1E00	rom	gBerryPalette_Lansat
0x08DA1E28	rom	gBerryPalette_Starf
0x08DA1E50	rom	gBerryPalette_Enigma
0x08DA1E78	rom	gRaySceneDuoFight_Groudon_Gfx
0x08DA2A5C	rom	gRaySceneDuoFight_GroudonShoulder_Gfx
0x08DA2B28	rom	gRaySceneDuoFight_GroudonClaw_Gfx
0x08DA2D1C	rom	gRaySceneDuoFight_Kyogre_Gfx
0x08DA3250	rom	gRaySceneDuoFight_KyogrePectoralFin_Gfx
0x08DA32A4	rom	gRaySceneDuoFight_KyogreDorsalFin_Gfx
0x08DA3370	rom	gRaySceneDuoFight_Groudon_Pal
0x08DA3398	rom	gRaySceneDuoFight_Kyogre_Pal
0x08DA33C0	rom	gRaySceneDuoFight_Clouds_Gfx
0x08DA37E8	rom	gRaySceneDuoFight_Clouds_Pal
0x08DA3824	rom	gRaySceneDuoFight_Clouds1_Tilemap
0x08DA3988	rom	gRaySceneDuoFight_Clouds2_Tilemap
0x08DA3A88	rom	gRaySceneDuoFight_Clouds3_Tilemap
0x08DA3BC0	rom	gRaySceneTakesFlight_Smoke_Gfx
0x08DA3C7C	rom	gRaySceneTakesFlight_Smoke_Pal
0x08DA3C94	rom	gRaySceneTakesFlight_Rayquaza_Gfx
0x08DA4DA8	rom	gRaySceneTakesFlight_Rayquaza_Pal
0x08DA4DEC	rom	gRaySceneTakesFlight_Rayquaza_Tilemap
0x08DA4F70	rom	gRaySceneTakesFlight_Bg_Gfx
0x08DA60B8	rom	gRaySceneTakesFlight_Bg_Tilemap
0x08DA6440	rom	gRaySceneDescends_Rayquaza_Gfx
0x08DA68AC	rom	gRaySceneDescends_RayquazaTail_Gfx
0x08DA69BC	rom	gRaySceneDescends_Bg_Gfx
0x08DA7528	rom	gRaySceneDescends_Light_Gfx
0x08DA7744	rom	gRaySceneDescends_Bg_Pal
0x08DA7784	rom	gRaySceneDescends_Bg_Tilemap
0x08DA7AAC	rom	gRaySceneDescends_Light_Tilemap
0x08DA7C30	rom	gRaySceneCharges_Bg_Gfx
0x08DA7D6C	rom	gRaySceneCharges_Bg_Tilemap
0x08DA7EAC	rom	gRaySceneCharges_Streaks_Gfx
0x08DA7FB4	rom	gRaySceneCharges_Streaks_Tilemap
0x08DA80BC	rom	gRaySceneCharges_Rayquaza_Gfx
0x08DA8B40	rom	gRaySceneCharges_Rayquaza_Tilemap
0x08DA8D6C	rom	gRaySceneCharges_Orbs_Tilemap
0x08DA8E84	rom	gRaySceneCharges_Bg_Pal
0x08DA8ED8	rom	gRaySceneChasesAway_Groudon_Gfx
0x08DA9670	rom	gRaySceneChasesAway_GroudonTail_Gfx
0x08DA96B4	rom	gRaySceneChasesAway_Kyogre_Gfx
0x08DA98FC	rom	gRaySceneChasesAway_Rayquaza_Gfx
0x08DAA5A4	rom	gRaySceneChasesAway_RayquazaTail_Gfx
0x08DAA794	rom	gRaySceneChasesAway_KyogreSplash_Gfx
0x08DAA82C	rom	gRaySceneChasesAway_Groudon_Pal
0x08DAA854	rom	gRaySceneChasesAway_Kyogre_Pal
0x08DAA87C	rom	gRaySceneChasesAway_Rayquaza_Pal
0x08DAA8A4	rom	gRaySceneChasesAway_KyogreSplash_Pal
0x08DAA8B4	rom	gRaySceneChasesAway_Light_Gfx
0x08DAAB24	rom	gRaySceneChasesAway_Ring_Gfx
0x08DAAC1C	rom	gRaySceneChasesAway_Light_Tilemap
0x08DAAE54	rom	gRaySceneChasesAway_Bg_Tilemap
0x08DAAF98	rom	gRaySceneChasesAway_Ring_Tilemap
0x08DAAFEC	rom	gRaySceneChasesAway_Bg_Pal
0x08DAB058	rom	gItemIcon_QuestionMark
0x08DAB0D0	rom	gItemIconPalette_QuestionMark
0x08DAB0E4	rom	gItemIcon_ReturnToFieldArrow
0x08DAB16C	rom	gItemIconPalette_ReturnToFieldArrow
0x08DAB184	rom	gItemIcon_MasterBall
0x08DAB254	rom	gItemIconPalette_MasterBall
0x08DAB27C	rom	gItemIcon_UltraBall
0x08DAB33C	rom	gItemIconPalette_UltraBall
0x08DAB364	rom	gItemIcon_GreatBall
0x08DAB434	rom	gItemIconPalette_GreatBall
0x08DAB45C	rom	gItemIcon_PokeBall
0x08DAB50C	rom	gItemIconPalette_PokeBall
0x08DAB530	rom	gItemIcon_SafariBall
0x08DAB600	rom	gItemIconPalette_SafariBall
0x08DAB628	rom	gItemIcon_NetBall
0x08DAB6FC	rom	gItemIconPalette_NetBall
0x08DAB720	rom	gItemIcon_DiveBall
0x08DAB7E8	rom	gItemIconPalette_DiveBall
0x08DAB80C	rom	gItemIcon_NestBall
0x08DAB8D0	rom	gItemIconPalette_NestBall
0x08DAB8F8	rom	gItemIcon_RepeatBall
0x08DAB9BC	rom	gItemIconPalette_RepeatBall
0x08DAB9E4	rom	gItemIcon_TimerBall
0x08DABAAC	rom	gItemIcon_LuxuryBall
0x08DABB68	rom	gItemIconPalette_LuxuryBall
0x08DABB90	rom	gItemIcon_PremierBall
0x08DABC34	rom	gItemIcon_Potion
0x08DABCFC	rom	gItemIconPalette_Potion
0x08DABD20	rom	gItemIcon_Antidote
0x08DABDD0	rom	gItemIconPalette_Antidote
0x08DABDF4	rom	gItemIconPalette_BurnHeal
0x08DABE18	rom	gItemIconPalette_IceHeal
0x08DABE3C	rom	gItemIcon_StatusHeal
0x08DABEEC	rom	gItemIconPalette_Awakening
0x08DABF10	rom	gItemIconPalette_ParalyzeHeal
0x08DABF34	rom	gItemIcon_LargePotion
0x08DAC018	rom	gItemIconPalette_FullRestore
0x08DAC03C	rom	gItemIconPalette_MaxPotion
0x08DAC060	rom	gItemIconPalette_HyperPotion
0x08DAC084	rom	gItemIconPalette_SuperPotion
0x08DAC0A8	rom	gItemIcon_FullHeal
0x08DAC150	rom	gItemIconPalette_FullHeal
0x08DAC178	rom	gItemIcon_Revive
0x08DAC1D4	rom	gItemIcon_MaxRevive
0x08DAC2A0	rom	gItemIconPalette_Revive
0x08DAC2BC	rom	gItemIcon_FreshWater
0x08DAC36C	rom	gItemIconPalette_FreshWater
0x08DAC390	rom	gItemIcon_SodaPop
0x08DAC424	rom	gItemIconPalette_SodaPop
0x08DAC44C	rom	gItemIcon_Lemonade
0x08DAC50C	rom	gItemIconPalette_Lemonade
0x08DAC534	rom	gItemIcon_MoomooMilk
0x08DAC5E4	rom	gItemIconPalette_MoomooMilk
0x08DAC60C	rom	gItemIcon_Powder
0x08DAC698	rom	gItemIconPalette_EnergyPowder
0x08DAC6B8	rom	gItemIcon_EnergyRoot
0x08DAC784	rom	gItemIconPalette_EnergyRoot
0x08DAC7A0	rom	gItemIconPalette_HealPowder
0x08DAC7C0	rom	gItemIcon_RevivalHerb
0x08DAC890	rom	gItemIconPalette_RevivalHerb
0x08DAC8B0	rom	gItemIcon_Ether
0x08DAC970	rom	gItemIconPalette_Ether
0x08DAC994	rom	gItemIconPalette_MaxEther
0x08DAC9B8	rom	gItemIconPalette_Elixir
0x08DAC9DC	rom	gItemIconPalette_MaxElixir
0x08DACA00	rom	gItemIcon_LavaCookie
0x08DACACC	rom	gItemIconPalette_LavaCookieAndLetter
0x08DACAF0	rom	gItemIcon_Flute
0x08DACBA4	rom	gItemIconPalette_BlueFlute
0x08DACBC8	rom	gItemIconPalette_YellowFlute
0x08DACBEC	rom	gItemIconPalette_RedFlute
0x08DACC10	rom	gItemIconPalette_BlackFlute
0x08DACC34	rom	gItemIconPalette_WhiteFlute
0x08DACC58	rom	gItemIcon_BerryJuice
0x08DACD38	rom	gItemIconPalette_BerryJuice
0x08DACD60	rom	gItemIcon_SacredAsh
0x08DACE20	rom	gItemIconPalette_SacredAsh
0x08DACE44	rom	gItemIconPalette_ShoalSalt
0x08DACE64	rom	gItemIcon_ShoalShell
0x08DACF58	rom	gItemIconPalette_Shell
0x08DACF80	rom	gItemIcon_Shard
0x08DACFDC	rom	gItemIconPalette_RedShard
0x08DACFF4	rom	gItemIconPalette_BlueShard
0x08DAD00C	rom	gItemIconPalette_YellowShard
0x08DAD024	rom	gItemIconPalette_GreenShard
0x08DAD03C	rom	gItemIcon_HPUp
0x08DAD0F4	rom	gItemIconPalette_HPUp
0x08DAD11C	rom	gItemIcon_Vitamin
0x08DAD1CC	rom	gItemIconPalette_Protein
0x08DAD1F4	rom	gItemIconPalette_Iron
0x08DAD21C	rom	gItemIconPalette_Carbos
0x08DAD244	rom	gItemIconPalette_Calcium
0x08DAD26C	rom	gItemIcon_RareCandy
0x08DAD330	rom	gItemIconPalette_RareCandy
0x08DAD34C	rom	gItemIcon_PPUp
0x08DAD3FC	rom	gItemIconPalette_PPUp
0x08DAD424	rom	gItemIconPalette_Zinc
0x08DAD44C	rom	gItemIcon_PPMax
0x08DAD4F4	rom	gItemIconPalette_PPMax
0x08DAD51C	rom	gItemIconPalette_GuardSpec
0x08DAD540	rom	gItemIconPalette_DireHit
0x08DAD564	rom	gItemIconPalette_XAttack
0x08DAD588	rom	gItemIcon_BattleStatItem
0x08DAD66C	rom	gItemIconPalette_XDefend
0x08DAD690	rom	gItemIconPalette_XSpeed
0x08DAD6B4	rom	gItemIconPalette_XAccuracy
0x08DAD6D8	rom	gItemIconPalette_XSpecial
0x08DAD6FC	rom	gItemIcon_PokeDoll
0x08DAD7EC	rom	gItemIconPalette_PokeDoll
0x08DAD808	rom	gItemIcon_FluffyTail
0x08DAD8F8	rom	gItemIconPalette_FluffyTail
0x08DAD91C	rom	gItemIcon_Repel
0x08DAD9BC	rom	gItemIconPalette_SuperRepel
0x08DAD9E4	rom	gItemIconPalette_MaxRepel
0x08DADA0C	rom	gItemIcon_EscapeRope
0x08DADAC0	rom	gItemIconPalette_EscapeRope
0x08DADAE4	rom	gItemIconPalette_Repel
0x08DADB0C	rom	gItemIcon_SunStone
0x08DADC04	rom	gItemIconPalette_SunStone
0x08DADC20	rom	gItemIcon_MoonStone
0x08DADCF4	rom	gItemIconPalette_MoonStone
0x08DADD14	rom	gItemIcon_FireStone
0x08DADE08	rom	gItemIconPalette_FireStone
0x08DADE30	rom	gItemIcon_ThunderStone
0x08DADF18	rom	gItemIconPalette_ThunderStone
0x08DADF38	rom	gItemIcon_WaterStone
0x08DAE018	rom	gItemIconPalette_WaterStone
0x08DAE03C	rom	gItemIcon_LeafStone
0x08DAE130	rom	gItemIconPalette_LeafStone
0x08DAE158	rom	gItemIcon_TinyMushroom
0x08DAE1D8	rom	gItemIcon_BigMushroom
0x08DAE290	rom	gItemIconPalette_Mushroom
0x08DAE2B4	rom	gItemIcon_Pearl
0x08DAE330	rom	gItemIconPalette_Pearl
0x08DAE358	rom	gItemIcon_BigPearl
0x08DAE410	rom	gItemIcon_Stardust
0x08DAE4D0	rom	gItemIconPalette_Star
0x08DAE4F4	rom	gItemIcon_StarPiece
0x08DAE578	rom	gItemIcon_Nugget
0x08DAE604	rom	gItemIconPalette_Nugget
0x08DAE624	rom	gItemIcon_HeartScale
0x08DAE6C4	rom	gItemIconPalette_HeartScale
0x08DAE6E0	rom	gItemIcon_OrangeMail
0x08DAE7B4	rom	gItemIconPalette_OrangeMail
0x08DAE7D4	rom	gItemIcon_HarborMail
0x08DAE89C	rom	gItemIconPalette_HarborMail
0x08DAE8BC	rom	gItemIcon_GlitterMail
0x08DAE998	rom	gItemIconPalette_GlitterMail
0x08DAE9C0	rom	gItemIcon_MechMail
0x08DAEA9C	rom	gItemIconPalette_MechMail
0x08DAEABC	rom	gItemIcon_WoodMail
0x08DAEB9C	rom	gItemIconPalette_WoodMail
0x08DAEBBC	rom	gItemIcon_WaveMail
0x08DAEC94	rom	gItemIconPalette_WaveMail
0x08DAECB4	rom	gItemIcon_BeadMail
0x08DAED74	rom	gItemIconPalette_BeadMail
0x08DAED94	rom	gItemIcon_ShadowMail
0x08DAEE68	rom	gItemIconPalette_ShadowMail
0x08DAEE8C	rom	gItemIcon_TropicMail
0x08DAEF70	rom	gItemIconPalette_TropicMail
0x08DAEF94	rom	gItemIcon_DreamMail
0x08DAF074	rom	gItemIconPalette_DreamMail
0x08DAF094	rom	gItemIcon_FabMail
0x08DAF15C	rom	gItemIconPalette_FabMail
0x08DAF178	rom	gItemIcon_RetroMail
0x08DAF210	rom	gItemIconPalette_RetroMail
0x08DAF230	rom	gItemIcon_CheriBerry
0x08DAF318	rom	gItemIconPalette_CheriBerry
0x08DAF340	rom	gItemIcon_ChestoBerry
0x08DAF400	rom	gItemIconPalette_ChestoBerry
0x08DAF424	rom	gItemIcon_PechaBerry
0x08DAF4E4	rom	gItemIconPalette_PechaBerry
0x08DAF508	rom	gItemIcon_RawstBerry
0x08DAF5EC	rom	gItemIconPalette_RawstBerry
0x08DAF610	rom	gItemIcon_AspearBerry
0x08DAF6F8	rom	gItemIconPalette_AspearBerry
0x08DAF71C	rom	gItemIcon_LeppaBerry
0x08DAF7D4	rom	gItemIconPalette_LeppaBerry
0x08DAF7F8	rom	gItemIcon_OranBerry
0x08DAF8BC	rom	gItemIconPalette_OranBerry
0x08DAF8E0	rom	gItemIcon_PersimBerry
0x08DAF9B4	rom	gItemIconPalette_PersimBerry
0x08DAF9D8	rom	gItemIcon_LumBerry
0x08DAFA90	rom	gItemIconPalette_LumBerry
0x08DAFAAC	rom	gItemIcon_SitrusBerry
0x08DAFB78	rom	gItemIconPalette_SitrusBerry
0x08DAFB9C	rom	gItemIcon_FigyBerry
0x08DAFC64	rom	gItemIconPalette_FigyBerry
0x08DAFC88	rom	gItemIcon_WikiBerry
0x08DAFD6C	rom	gItemIconPalette_WikiBerry
0x08DAFD90	rom	gItemIcon_MagoBerry
0x08DAFE4C	rom	gItemIconPalette_MagoBerry
0x08DAFE70	rom	gItemIcon_AguavBerry
0x08DAFF5C	rom	gItemIconPalette_AguavBerry
0x08DAFF7C	rom	gItemIcon_IapapaBerry
0x08DB0064	rom	gItemIconPalette_IapapaBerry
0x08DB0088	rom	gItemIcon_RazzBerry
0x08DB0168	rom	gItemIconPalette_RazzBerry
0x08DB018C	rom	gItemIcon_BlukBerry
0x08DB027C	rom	gItemIconPalette_BlukBerry
0x08DB02A0	rom	gItemIcon_NanabBerry
0x08DB0384	rom	gItemIconPalette_NanabBerry
0x08DB03A8	rom	gItemIcon_WepearBerry
0x08DB0470	rom	gItemIconPalette_WepearBerry
0x08DB048C	rom	gItemIcon_PinapBerry
0x08DB0580	rom	gItemIconPalette_PinapBerry
0x08DB05A4	rom	gItemIcon_PomegBerry
0x08DB0658	rom	gItemIconPalette_PomegBerry
0x08DB067C	rom	gItemIcon_KelpsyBerry
0x08DB074C	rom	gItemIconPalette_KelpsyBerry
0x08DB076C	rom	gItemIcon_QualotBerry
0x08DB0838	rom	gItemIconPalette_QualotBerry
0x08DB085C	rom	gItemIcon_HondewBerry
0x08DB093C	rom	gItemIconPalette_HondewBerry
0x08DB0960	rom	gItemIcon_GrepaBerry
0x08DB0A14	rom	gItemIconPalette_GrepaBerry
0x08DB0A38	rom	gItemIcon_TamatoBerry
0x08DB0B14	rom	gItemIconPalette_TamatoBerry
0x08DB0B38	rom	gItemIcon_CornnBerry
0x08DB0C24	rom	gItemIconPalette_CornnBerry
0x08DB0C4C	rom	gItemIcon_MagostBerry
0x08DB0CF4	rom	gItemIconPalette_MagostBerry
0x08DB0D18	rom	gItemIcon_RabutaBerry
0x08DB0E14	rom	gItemIconPalette_RabutaBerry
0x08DB0E38	rom	gItemIcon_NomelBerry
0x08DB0EDC	rom	gItemIconPalette_NomelBerry
0x08DB0EF8	rom	gItemIcon_SpelonBerry
0x08DB0FBC	rom	gItemIconPalette_SpelonBerry
0x08DB0FDC	rom	gItemIcon_PamtreBerry
0x08DB10BC	rom	gItemIconPalette_PamtreBerry
0x08DB10E4	rom	gItemIcon_WatmelBerry
0x08DB11F4	rom	gItemIconPalette_WatmelBerry
0x08DB1218	rom	gItemIcon_DurinBerry
0x08DB131C	rom	gItemIconPalette_DurinBerry
0x08DB1340	rom	gItemIcon_BelueBerry
0x08DB1424	rom	gItemIconPalette_BelueBerry
0x08DB1448	rom	gItemIcon_LiechiBerry
0x08DB1528	rom	gItemIconPalette_LiechiBerry
0x08DB1548	rom	gItemIcon_GanlonBerry
0x08DB1628	rom	gItemIconPalette_GanlonBerry
0x08DB1648	rom	gItemIcon_SalacBerry
0x08DB1730	rom	gItemIconPalette_SalacBerry
0x08DB1750	rom	gItemIcon_PetayaBerry
0x08DB1848	rom	gItemIconPalette_PetayaBerry
0x08DB186C	rom	gItemIcon_ApicotBerry
0x08DB1924	rom	gItemIconPalette_ApicotBerry
0x08DB194C	rom	gItemIcon_LansatBerry
0x08DB1A2C	rom	gItemIconPalette_LansatBerry
0x08DB1A50	rom	gItemIcon_StarfBerry
0x08DB1B20	rom	gItemIconPalette_StarfBerry
0x08DB1B44	rom	gItemIcon_EnigmaBerry
0x08DB1C10	rom	gItemIconPalette_EnigmaBerry
0x08DB1C30	rom	gItemIcon_BrightPowder
0x08DB1CEC	rom	gItemIconPalette_BrightPowder
0x08DB1D0C	rom	gItemIcon_InBattleHerb
0x08DB1DB8	rom	gItemIconPalette_WhiteHerb
0x08DB1DD8	rom	gItemIcon_MachoBrace
0x08DB1EC4	rom	gItemIconPalette_MachoBrace
0x08DB1EEC	rom	gItemIcon_ExpShare
0x08DB1FD8	rom	gItemIconPalette_ExpShare
0x08DB2000	rom	gItemIcon_QuickClaw
0x08DB2098	rom	gItemIconPalette_QuickClaw
0x08DB20B8	rom	gItemIcon_SootheBell
0x08DB217C	rom	gItemIconPalette_SootheBell
0x08DB21A0	rom	gItemIconPalette_MentalHerb
0x08DB21C0	rom	gItemIcon_ChoiceBand
0x08DB22AC	rom	gItemIconPalette_ChoiceBand
0x08DB22D4	rom	gItemIcon_KingsRock
0x08DB23C4	rom	gItemIconPalette_KingsRock
0x08DB23E0	rom	gItemIcon_SilverPowder
0x08DB246C	rom	gItemIconPalette_SilverPowder
0x08DB2490	rom	gItemIcon_AmuletCoin
0x08DB2528	rom	gItemIconPalette_AmuletCoin
0x08DB254C	rom	gItemIcon_CleanseTag
0x08DB25F0	rom	gItemIconPalette_CleanseTag
0x08DB2610	rom	gItemIcon_SoulDew
0x08DB26A4	rom	gItemIconPalette_SoulDew
0x08DB26C4	rom	gItemIcon_DeepSeaTooth
0x08DB2778	rom	gItemIconPalette_DeepSeaTooth
0x08DB279C	rom	gItemIcon_DeepSeaScale
0x08DB2844	rom	gItemIconPalette_DeepSeaScale
0x08DB2864	rom	gItemIcon_SmokeBall
0x08DB291C	rom	gItemIconPalette_SmokeBall
0x08DB2940	rom	gItemIcon_Everstone
0x08DB29F4	rom	gItemIconPalette_Everstone
0x08DB2A10	rom	gItemIcon_FocusBand
0x08DB2B00	rom	gItemIconPalette_FocusBand
0x08DB2B28	rom	gItemIcon_LuckyEgg
0x08DB2BB0	rom	gItemIconPalette_LuckyEgg
0x08DB2BC8	rom	gItemIcon_ScopeLens
0x08DB2CC8	rom	gItemIconPalette_ScopeLens
0x08DB2CF0	rom	gItemIcon_MetalCoat
0x08DB2DAC	rom	gItemIconPalette_MetalCoat
0x08DB2DCC	rom	gItemIcon_Leftovers
0x08DB2E70	rom	gItemIconPalette_Leftovers
0x08DB2E94	rom	gItemIcon_DragonScale
0x08DB2F48	rom	gItemIconPalette_DragonScale
0x08DB2F68	rom	gItemIcon_LightBall
0x08DB2FFC	rom	gItemIconPalette_LightBall
0x08DB3020	rom	gItemIcon_SoftSand
0x08DB30DC	rom	gItemIconPalette_SoftSand
0x08DB30FC	rom	gItemIcon_HardStone
0x08DB31B0	rom	gItemIconPalette_HardStone
0x08DB31D4	rom	gItemIcon_MiracleSeed
0x08DB3284	rom	gItemIconPalette_MiracleSeed
0x08DB32A0	rom	gItemIcon_BlackGlasses
0x08DB3328	rom	gItemIconPalette_BlackTypeEnhancingItem
0x08DB3340	rom	gItemIcon_BlackBelt
0x08DB3408	rom	gItemIcon_Magnet
0x08DB34B8	rom	gItemIconPalette_Magnet
0x08DB34E0	rom	gItemIcon_MysticWater
0x08DB3578	rom	gItemIconPalette_MysticWater
0x08DB3598	rom	gItemIcon_SharpBeak
0x08DB3654	rom	gItemIconPalette_SharpBeak
0x08DB3674	rom	gItemIcon_PoisonBarb
0x08DB36FC	rom	gItemIconPalette_PoisonBarb
0x08DB371C	rom	gItemIcon_NeverMeltIce
0x08DB37E8	rom	gItemIconPalette_NeverMeltIce
0x08DB3804	rom	gItemIcon_SpellTag
0x08DB38A4	rom	gItemIconPalette_SpellTag
0x08DB38C4	rom	gItemIcon_TwistedSpoon
0x08DB3964	rom	gItemIconPalette_TwistedSpoon
0x08DB397C	rom	gItemIcon_Charcoal
0x08DB3A4C	rom	gItemIconPalette_Charcoal
0x08DB3A68	rom	gItemIcon_DragonFang
0x08DB3B1C	rom	gItemIconPalette_DragonFang
0x08DB3B3C	rom	gItemIcon_SilkScarf
0x08DB3C44	rom	gItemIconPalette_SilkScarf
0x08DB3C64	rom	gItemIcon_UpGrade
0x08DB3D20	rom	gItemIconPalette_UpGrade
0x08DB3D48	rom	gItemIcon_ShellBell
0x08DB3E28	rom	gItemIcon_SeaIncense
0x08DB3F10	rom	gItemIconPalette_SeaIncense
0x08DB3F38	rom	gItemIcon_LaxIncense
0x08DB4020	rom	gItemIconPalette_LaxIncense
0x08DB4048	rom	gItemIcon_LuckyPunch
0x08DB410C	rom	gItemIconPalette_LuckyPunch
0x08DB412C	rom	gItemIcon_MetalPowder
0x08DB41EC	rom	gItemIconPalette_MetalPowder
0x08DB4210	rom	gItemIcon_ThickClub
0x08DB42A4	rom	gItemIconPalette_ThickClub
0x08DB42C0	rom	gItemIcon_Stick
0x08DB4360	rom	gItemIconPalette_Stick
0x08DB4384	rom	gItemIcon_Scarf
0x08DB4450	rom	gItemIconPalette_RedScarf
0x08DB446C	rom	gItemIconPalette_BlueScarf
0x08DB4488	rom	gItemIconPalette_PinkScarf
0x08DB44A4	rom	gItemIconPalette_GreenScarf
0x08DB44C0	rom	gItemIconPalette_YellowScarf
0x08DB44DC	rom	gItemIcon_MachBike
0x08DB45E4	rom	gItemIconPalette_MachBike
0x08DB4608	rom	gItemIcon_CoinCase
0x08DB46C8	rom	gItemIconPalette_CoinCase
0x08DB46E8	rom	gItemIcon_Itemfinder
0x08DB47A4	rom	gItemIconPalette_Itemfinder
0x08DB47CC	rom	gItemIcon_OldRod
0x08DB4878	rom	gItemIconPalette_OldRod
0x08DB489C	rom	gItemIcon_GoodRod
0x08DB4938	rom	gItemIconPalette_GoodRod
0x08DB4960	rom	gItemIcon_SuperRod
0x08DB4A10	rom	gItemIconPalette_SuperRod
0x08DB4A38	rom	gItemIcon_SSTicket
0x08DB4ACC	rom	gItemIconPalette_SSTicket
0x08DB4AE4	rom	gItemIcon_ContestPass
0x08DB4B90	rom	gItemIconPalette_ContestPass
0x08DB4BB8	rom	gItemIcon_WailmerPail
0x08DB4C84	rom	gItemIconPalette_WailmerPail
0x08DB4CA8	rom	gItemIcon_DevonGoods
0x08DB4D50	rom	gItemIconPalette_DevonGoods
0x08DB4D6C	rom	gItemIcon_SootSack
0x08DB4E44	rom	gItemIconPalette_SootSack
0x08DB4E6C	rom	gItemIcon_BasementKey
0x08DB4F14	rom	gItemIconPalette_OldKey
0x08DB4F3C	rom	gItemIcon_AcroBike
0x08DB5038	rom	gItemIconPalette_AcroBike
0x08DB5058	rom	gItemIcon_PokeblockCase
0x08DB5140	rom	gItemIconPalette_PokeblockCase
0x08DB5168	rom	gItemIcon_Letter
0x08DB51E8	rom	gItemIcon_EonTicket
0x08DB5284	rom	gItemIconPalette_EonTicket
0x08DB52A8	rom	gItemIcon_Orb
0x08DB5360	rom	gItemIconPalette_RedOrb
0x08DB537C	rom	gItemIconPalette_BlueOrb
0x08DB5398	rom	gItemIcon_Scanner
0x08DB5460	rom	gItemIconPalette_Scanner
0x08DB5484	rom	gItemIcon_GoGoggles
0x08DB5538	rom	gItemIconPalette_GoGoggles
0x08DB5558	rom	gItemIcon_Meteorite
0x08DB5638	rom	gItemIconPalette_Meteorite
0x08DB5658	rom	gItemIcon_Room1Key
0x08DB5710	rom	gItemIcon_Room2Key
0x08DB57CC	rom	gItemIcon_Room4Key
0x08DB588C	rom	gItemIcon_Room6Key
0x08DB5948	rom	gItemIcon_StorageKey
0x08DB59F0	rom	gItemIcon_RootFossil
0x08DB5AFC	rom	gItemIconPalette_HoennFossil
0x08DB5B24	rom	gItemIcon_ClawFossil
0x08DB5C14	rom	gItemIcon_DevonScope
0x08DB5CD0	rom	gItemIconPalette_DevonScope
0x08DB5CF8	rom	gItemIcon_TM
0x08DB5DF4	rom	gItemIconPalette_FightingTMHM
0x08DB5E1C	rom	gItemIconPalette_DragonTMHM
0x08DB5E44	rom	gItemIconPalette_WaterTMHM
0x08DB5E6C	rom	gItemIconPalette_PsychicTMHM
0x08DB5E94	rom	gItemIconPalette_NormalTMHM
0x08DB5EBC	rom	gItemIconPalette_PoisonTMHM
0x08DB5EE4	rom	gItemIconPalette_IceTMHM
0x08DB5F0C	rom	gItemIconPalette_GrassTMHM
0x08DB5F34	rom	gItemIconPalette_FireTMHM
0x08DB5F5C	rom	gItemIconPalette_DarkTMHM
0x08DB5F84	rom	gItemIconPalette_SteelTMHM
0x08DB5FAC	rom	gItemIconPalette_ElectricTMHM
0x08DB5FD4	rom	gItemIconPalette_GroundTMHM
0x08DB5FFC	rom	gItemIconPalette_GhostTMHM
0x08DB6024	rom	gItemIconPalette_RockTMHM
0x08DB604C	rom	gItemIconPalette_FlyingTMHM
0x08DB6074	rom	gItemIcon_HM
0x08DB6174	rom	gItemIcon_OaksParcel
0x08DB622C	rom	gItemIconPalette_OaksParcel
0x08DB624C	rom	gItemIcon_PokeFlute
0x08DB6310	rom	gItemIconPalette_PokeFlute
0x08DB6338	rom	gItemIcon_SecretKey
0x08DB6404	rom	gItemIconPalette_SecretKey
0x08DB642C	rom	gItemIcon_BikeVoucher
0x08DB64CC	rom	gItemIconPalette_BikeVoucher
0x08DB64EC	rom	gItemIcon_GoldTeeth
0x08DB65D8	rom	gItemIconPalette_GoldTeeth
0x08DB65FC	rom	gItemIcon_OldAmber
0x08DB66DC	rom	gItemIconPalette_OldAmber
0x08DB6700	rom	gItemIcon_CardKey
0x08DB67A8	rom	gItemIconPalette_CardKey
0x08DB67C8	rom	gItemIcon_LiftKey
0x08DB6884	rom	gItemIconPalette_Key
0x08DB68A4	rom	gItemIcon_HelixFossil
0x08DB6998	rom	gItemIconPalette_KantoFossil
0x08DB69B8	rom	gItemIcon_DomeFossil
0x08DB6AA8	rom	gItemIcon_SilphScope
0x08DB6B7C	rom	gItemIconPalette_SilphScope
0x08DB6BA0	rom	gItemIcon_Bicycle
0x08DB6CA4	rom	gItemIconPalette_Bicycle
0x08DB6CC4	rom	gItemIcon_TownMap
0x08DB6D80	rom	gItemIconPalette_TownMap
0x08DB6DA8	rom	gItemIcon_VSSeeker
0x08DB6E70	rom	gItemIconPalette_VSSeeker
0x08DB6E90	rom	gItemIcon_FameChecker
0x08DB6F48	rom	gItemIconPalette_FameChecker
0x08DB6F6C	rom	gItemIcon_TMCase
0x08DB7030	rom	gItemIconPalette_TMCase
0x08DB7058	rom	gItemIcon_BerryPouch
0x08DB7158	rom	gItemIconPalette_BerryPouch
0x08DB7180	rom	gItemIcon_TeachyTV
0x08DB7278	rom	gItemIconPalette_TeachyTV
0x08DB72A0	rom	gItemIcon_TriPass
0x08DB7344	rom	gItemIconPalette_TriPass
0x08DB7364	rom	gItemIcon_RainbowPass
0x08DB740C	rom	gItemIconPalette_RainbowPass
0x08DB7434	rom	gItemIcon_Tea
0x08DB74FC	rom	gItemIconPalette_Tea
0x08DB7520	rom	gItemIcon_MysticTicket
0x08DB75B8	rom	gItemIconPalette_MysticTicket
0x08DB75D8	rom	gItemIcon_AuroraTicket
0x08DB7674	rom	gItemIconPalette_AuroraTicket
0x08DB7698	rom	gItemIcon_PowderJar
0x08DB7738	rom	gItemIconPalette_PowderJar
0x08DB7760	rom	gItemIconPalette_Ruby
0x08DB7788	rom	gItemIcon_Gem
0x08DB7850	rom	gItemIconPalette_Sapphire
0x08DB7878	rom	gItemIcon_MagmaEmblem
0x08DB794C	rom	gItemIconPalette_MagmaEmblem
0x08DB7974	rom	gItemIcon_OldSeaMap
0x08DB7A78	rom	gItemIconPalette_OldSeaMap
0x08DB7AA0	rom	gDecorIcon_HeavyDesk
0x08DB7B34	rom	gDecorIconPalette_HeavyDesk
0x08DB7B5C	rom	gDecorIcon_RaggedDesk
0x08DB7BEC	rom	gDecorIconPalette_RaggedDesk
0x08DB7C08	rom	gDecorIcon_ComfortDesk
0x08DB7CE8	rom	gDecorIconPalette_ComfortDesk
0x08DB7D08	rom	gDecorIcon_PrettyDesk
0x08DB7DCC	rom	gDecorIconPalette_PrettyDesk
0x08DB7DF4	rom	gDecorIcon_BrickDesk
0x08DB7EA0	rom	gDecorIconPalette_BrickDesk
0x08DB7EC4	rom	gDecorIcon_CampDesk
0x08DB7F60	rom	gDecorIconPalette_CampDesk
0x08DB7F7C	rom	gDecorIcon_HardDesk
0x08DB8070	rom	gDecorIconPalette_HardDesk
0x08DB808C	rom	gDecorIcon_RedPlant
0x08DB8138	rom	gDecorIconPalette_RedPlant
0x08DB8160	rom	gDecorIcon_TropicalPlant
0x08DB8218	rom	gDecorIconPalette_TropicalPlant
0x08DB823C	rom	gDecorIcon_PrettyFlowers
0x08DB8300	rom	gDecorIconPalette_PrettyFlowers
0x08DB8328	rom	gDecorIcon_ColorfulPlant
0x08DB8430	rom	gDecorIconPalette_ColorfulPlant
0x08DB8458	rom	gDecorIcon_BigPlant
0x08DB8528	rom	gDecorIconPalette_BigPlant
0x08DB854C	rom	gDecorIcon_GorgeousPlant
0x08DB862C	rom	gDecorIconPalette_GorgeousPlant
0x08DB8654	rom	gDecorIcon_RedBrick
0x08DB86C4	rom	gDecorIconPalette_RedBrick
0x08DB86E0	rom	gDecorIcon_YellowBrick
0x08DB8750	rom	gDecorIconPalette_YellowBrick
0x08DB876C	rom	gDecorIcon_BlueBrick
0x08DB87DC	rom	gDecorIconPalette_BlueBrick
0x08DB87F8	rom	gDecorIcon_RedTent
0x08DB88D8	rom	gDecorIconPalette_RedTent
0x08DB8900	rom	gDecorIcon_BlueTent
0x08DB89E0	rom	gDecorIconPalette_BlueTent
0x08DB8A08	rom	gDecorIcon_SolidBoard
0x08DB8A68	rom	gDecorIconPalette_SolidBoard
0x08DB8A84	rom	gDecorIcon_Slide
0x08DB8B40	rom	gDecorIconPalette_Slide
0x08DB8B68	rom	gDecorIcon_Tire
0x08DB8C40	rom	gDecorIconPalette_Tire
0x08DB8C5C	rom	gDecorIcon_Stand
0x08DB8CF4	rom	gDecorIconPalette_Stand
0x08DB8D18	rom	gDecorIcon_BreakableDoor
0x08DB8DB0	rom	gDecorIconPalette_BreakableDoor
0x08DB8DD4	rom	gDecorIcon_SandOrnament
0x08DB8E80	rom	gDecorIconPalette_SandOrnament
0x08DB8EA0	rom	gDecorIcon_GlassOrnament
0x08DB8F58	rom	gDecorIconPalette_GlassOrnament
0x08DB8F7C	rom	gDecorIcon_SurfMat
0x08DB9038	rom	gDecorIconPalette_SurfMat
0x08DB9058	rom	gDecorIcon_ThunderMat
0x08DB9130	rom	gDecorIconPalette_ThunderMat
0x08DB9154	rom	gDecorIcon_FireBlastMat
0x08DB9218	rom	gDecorIconPalette_FireBlastMat
0x08DB9234	rom	gDecorIcon_PowderSnowMat
0x08DB92FC	rom	gDecorIconPalette_PowderSnowMat
0x08DB931C	rom	gDecorIcon_AttractMat
0x08DB93E8	rom	gDecorIconPalette_AttractMat
0x08DB940C	rom	gDecorIcon_FissureMat
0x08DB94CC	rom	gDecorIconPalette_FissureMat
0x08DB94E8	rom	gDecorIcon_SpikesMat
0x08DB95AC	rom	gDecorIconPalette_SpikesMat
0x08DB95D0	rom	gDecorIcon_SnorlaxDoll
0x08DB96C4	rom	gDecorIconPalette_SnorlaxDoll
0x08DB96EC	rom	gDecorIcon_RhydonDoll
0x08DB97F4	rom	gDecorIconPalette_RhydonDoll
0x08DB981C	rom	gDecorIcon_LaprasDoll
0x08DB9908	rom	gDecorIconPalette_LaprasDoll
0x08DB9930	rom	gDecorIcon_VenusaurDoll
0x08DB9A54	rom	gDecorIconPalette_VenusaurDoll
0x08DB9A7C	rom	gDecorIcon_CharizardDoll
0x08DB9B7C	rom	gDecorIconPalette_CharizardDoll
0x08DB9BA4	rom	gDecorIcon_BlastoiseDoll
0x08DB9CB0	rom	gDecorIconPalette_BlastoiseDoll
0x08DB9CD8	rom	gDecorIcon_WailmerDoll
0x08DB9DAC	rom	gDecorIconPalette_WailmerDoll
0x08DB9DD4	rom	gDecorIcon_RegiceDoll
0x08DB9EE4	rom	gDecorIconPalette_RegiceDoll
0x08DB9F08	rom	gDecorIcon_RegirockDoll
0x08DB9FFC	rom	gDecorIconPalette_RegirockDoll
0x08DBA020	rom	gDecorIcon_RegisteelDoll
0x08DBA12C	rom	gDecorIconPalette_RegisteelDoll
0x08DBA14C	rom	gBattleAnimSpritePal_Shock3
0x08DBA174	rom	gBattleAnimSpriteGfx_Shock3
0x08DBA35C	rom	gBattleAnimSpritePal_WhiteFeather
0x08DBA378	rom	gBattleAnimSpriteGfx_WhiteFeather
0x08DBA4A0	rom	gBattleAnimSpritePal_Sparkle6
0x08DBA4B8	rom	gBattleAnimSpriteGfx_Sparkle6
0x08DBA518	rom	gCableCarBg_Pal
0x08DBA598	rom	gCableCar_Pal
0x08DBA5B8	rom	gCableCarBg_Gfx
0x08DBBF90	rom	gCableCar_Gfx
0x08DBC290	rom	gCableCarDoor_Gfx
0x08DBC2C0	rom	gCableCarCable_Gfx
0x08DBC2E8	rom	gRouletteMenu_Gfx
0x08DBCA14	rom	gRouletteWheel_Gfx
0x08DBDABC	rom	gRouletteCenter_Gfx
0x08DBDE38	rom	gRouletteHeaders_Gfx
0x08DBE45C	rom	gRouletteCredit_Gfx
0x08DBE5AC	rom	gRouletteNumbers_Gfx
0x08DBE690	rom	gRouletteMultiplier_Gfx
0x08DBE818	rom	gMailPalette_Orange
0x08DBE838	rom	gMailPalette_Harbor
0x08DBE858	rom	gMailPalette_Glitter
0x08DBE878	rom	gMailPalette_Mech
0x08DBE898	rom	gMailPalette_Wood
0x08DBE8B8	rom	gMailPalette_Wave
0x08DBE8D8	rom	gMailPalette_Bead
0x08DBE8F8	rom	gMailPalette_Shadow
0x08DBE918	rom	gMailPalette_Tropic
0x08DBE938	rom	gMailPalette_Dream
0x08DBE958	rom	gMailPalette_Fab
0x08DBE978	rom	gMailPalette_Retro
0x08DBE998	rom	gMailTiles_Orange
0x08DBEB38	rom	gMailTiles_Harbor
0x08DBEC74	rom	gMailTiles_Glitter
0x08DBEE84	rom	gMailTiles_Mech
0x08DBEF5C	rom	gMailTiles_Wood
0x08DBF154	rom	gMailTiles_Wave
0x08DBF2D4	rom	gMailTiles_Bead
0x08DBF37C	rom	gMailTiles_Shadow
0x08DBF50C	rom	gMailTiles_Tropic
0x08DBF64C	rom	gMailTiles_Dream
0x08DBF7B4	rom	gMailTiles_Fab
0x08DBF904	rom	gMailTiles_Retro
0x08DBFBA4	rom	gMailTilemap_Orange
0x08DBFC7C	rom	gMailTilemap_Harbor
0x08DBFD5C	rom	gMailTilemap_Glitter
0x08DBFE68	rom	gMailTilemap_Mech
0x08DBFF44	rom	gMailTilemap_Wood
0x08DC0034	rom	gMailTilemap_Wave
0x08DC0114	rom	gMailTilemap_Bead
0x08DC01F4	rom	gMailTilemap_Shadow
0x08DC0300	rom	gMailTilemap_Tropic
0x08DC03F0	rom	gMailTilemap_Dream
0x08DC04E8	rom	gMailTilemap_Fab
0x08DC0600	rom	gMailTilemap_Retro
0x08DC0714	rom	gFrontierFactoryMenu_Pal
0x08DC0754	rom	gFrontierFactoryMenu_Gfx
0x08DC0B94	rom	gFrontierFactoryMenu_Tilemap
0x08DC1394	rom	gFrontierPassMedals_Gfx
0x08DC1674	rom	gFrontierPassCursor_Pal
0x08DC1694	rom	gFrontierPassMapCursor_Pal
0x08DC16B4	rom	gFrontierPassMedalsSilver_Pal
0x08DC16D4	rom	gFrontierPassMedalsGold_Pal
0x08DC16F4	rom	gPokedexBgHoenn_Pal
0x08DC17B4	rom	gPokedexSearchResults_Pal
0x08DC1874	rom	gPokedexBgNational_Pal
0x08DC1934	rom	gPokedexMenu_Gfx
0x08DC234C	rom	gPokedexInterface_Gfx
0x08DC29D8	rom	gUnused_PokedexNoBall
0x08DC2A08	rom	gPokedexStartMenuMain_Tilemap
0x08DC2B1C	rom	gPokedexStartMenuSearchResults_Tilemap
0x08DC2C5C	rom	gPokedexList_Tilemap
0x08DC2DAC	rom	gPokedexListUnderlay_Tilemap
0x08DC2E6C	rom	gPokedexSizeScreen_Tilemap
0x08DC2F5C	rom	gPokedexScreenSelectBarMain_Tilemap
0x08DC2FEC	rom	gPokedexScreenSelectBarSubmenu_Tilemap
0x08DC3080	rom	gPokedexInfoScreen_Tilemap
0x08DC3198	rom	gPokedexCryScreen_Tilemap
0x08DC3284	rom	gPokedexSearchMenu_Pal
0x08DC3304	rom	gPokedexSearchMenu_Gfx
0x08DC3870	rom	gPokedexSearchMenuNational_Tilemap
0x08DC3A0C	rom	gPokedexSearchMenuHoenn_Tilemap
0x08DC3B94	rom	gSummaryScreen_MoveEffect_Battle_Tilemap
0x08DC3C34	rom	gSummaryScreen_MoveEffect_Contest_Tilemap
0x08DC3CD4	rom	gSummaryScreen_MoveEffect_Cancel_Tilemap
0x08DC3D54	rom	gIntroCopyright_Pal
0x08DC3D74	rom	gIntroCopyright_Gfx
0x08DC3FD4	rom	gIntroCopyright_Tilemap
0x08DC4120	rom	gPokedexAreaScreenAreaUnknown_Pal
0x08DC4140	rom	gPokedexAreaScreenAreaUnknown_Gfx
0x08DC4318	rom	gMenuInfoElements1_Pal
0x08DC4338	rom	gMenuInfoElements2_Pal
0x08DC4358	rom	gMenuInfoElements3_Pal
0x08DC4378	rom	gMenuInfoElements_Gfx
0x08DC6378	rom	gBagMenuHMIcon_Gfx
0x08DC63F8	rom	gContestResultsTitle_Normal_Tilemap
0x08DC6420	rom	gContestResultsTitle_Super_Tilemap
0x08DC6448	rom	gContestResultsTitle_Hyper_Tilemap
0x08DC6470	rom	gContestResultsTitle_Master_Tilemap
0x08DC6498	rom	gContestResultsTitle_Link_Tilemap
0x08DC64AC	rom	gContestResultsTitle_Cool_Tilemap
0x08DC64C0	rom	gContestResultsTitle_Beauty_Tilemap
0x08DC64D4	rom	gContestResultsTitle_Cute_Tilemap
0x08DC64E8	rom	gContestResultsTitle_Smart_Tilemap
0x08DC64FC	rom	gContestResultsTitle_Tough_Tilemap
0x08DC6510	rom	gContestResultsTitle_Tilemap
0x08DC6528	rom	gPokenavCondition_Pal
0x08DC6548	rom	gPokenavCondition_Gfx
0x08DC6DFC	rom	gPokenavCondition_Tilemap
0x08DC7070	rom	gPokenavOptions_Tilemap
0x08DC70B8	rom	gPokenavOptions_Gfx
0x08DC7AC0	rom	gPokenavOptions_Pal
0x08DC7B60	rom	gPokenavHeader_Pal
0x08DC7B80	rom	gPokenavHeader_Gfx
0x08DC7D84	rom	gPokenavHeader_Tilemap
0x08DC7F00	rom	gPokenavLeftHeader_Pal
0x08DC7FA0	rom	gPokenavLeftHeaderBeauty_Gfx
0x08DC80DC	rom	gPokenavLeftHeaderSmart_Gfx
0x08DC8208	rom	gPokenavLeftHeaderCondition_Gfx
0x08DC838C	rom	gPokenavLeftHeaderCute_Gfx
0x08DC84AC	rom	gPokenavLeftHeaderMatchCall_Gfx
0x08DC864C	rom	gPokenavLeftHeaderMainMenu_Gfx
0x08DC87F8	rom	gPokenavLeftHeaderHoennMap_Gfx
0x08DC8AA4	rom	gPokenavLeftHeaderRibbons_Gfx
0x08DC8C14	rom	gPokenavLeftHeaderSearch_Gfx
0x08DC8D50	rom	gPokenavLeftHeaderTough_Gfx
0x08DC8E64	rom	gPokenavLeftHeaderCool_Gfx
0x08DC8F64	rom	gPokenavLeftHeaderParty_Gfx
0x08DC90C0	rom	gPokenavMessageBox_Pal
0x08DC90E0	rom	gPokenavMessageBox_Gfx
0x08DC9130	rom	gPokenavMessageBox_Tilemap
0x08DC91E8	rom	gRegionMapCityZoomTiles_Pal
0x08DC9208	rom	gRegionMapCityZoomText_Gfx
0x08DC94C8	rom	gPokenavConditionCancel_Pal
0x08DC9508	rom	gPokenavConditionCancel_Gfx
0x08DC9608	rom	gMonMarkingsMenu_Pal
0x08DC9628	rom	gMonMarkingsMenu_Gfx
0x08DC9948	rom	gBerryBlenderMiscPalette
0x08DC9968	rom	gBerryBlenderArrowPalette
0x08DC9988	rom	gBerryBlenderBetaArrow_Gfx
0x08DC9B88	rom	gBerryBlenderScoreSymbols_Gfx
0x08DC9D88	rom	gBerryBlenderParticles_Gfx
0x08DC9E68	rom	sEmpty0
0x08DC9F88	rom	gBerryBlenderCountdownNumbers_Gfx
0x08DCA588	rom	gBerryBlenderStart_Gfx
0x08DCA988	rom	sEmpty1
0x08DCAB88	rom	gBerryBlenderPlayerArrow_Gfx
0x08DCB388	rom	sEmpty2
0x08DCB648	rom	gEasyChatRectangleCursor_Pal
0x08DCB668	rom	gEasyChatRectangleCursor_Gfx
0x08DCB86C	rom	gEasyChatButtonWindow_Pal
0x08DCB88C	rom	gEasyChatButtonWindow_Gfx
0x08DCBAB0	rom	gEasyChatMode_Gfx
0x08DCBDB0	rom	gEasyChatMode_Pal
0x08DCBDD0	rom	gEasyChatWindow_Gfx
0x08DCBF10	rom	gEasyChatWindow_Tilemap
0x08DCC01C	rom	gWallClockMale_Pal
0x08DCC03C	rom	gWallClockFemale_Pal
0x08DCC05C	rom	gWallClock_Gfx
0x08DCC648	rom	gWallClockStart_Tilemap
0x08DCC908	rom	gWallClockView_Tilemap
0x08DCCB98	rom	gUsePokeblockCondition_Pal
0x08DCCBB8	rom	gUsePokeblockCondition_Gfx
0x08DCCD3C	rom	gUsePokeblockUpDown_Pal
0x08DCCD5C	rom	gUsePokeblockUpDown_Gfx
0x08DCCF5C	rom	gUsePokeblockGraph_Pal
0x08DCCF7C	rom	gUsePokeblockGraph_Gfx
0x08DCD81C	rom	gUsePokeblockGraph_Tilemap
0x08DCDA30	rom	gUsePokeblockNatureWin_Pal
0x08DCDA90	rom	gSlotMachineMenu_Pal
0x08DCDB30	rom	gSlotMachineMenu_Gfx
0x08DCE770	rom	gSlotMachineMenu_Tilemap
0x08DCEC70	rom	gSlotMachineInfoBox_Tilemap
0x08DCF170	rom	gSlotMachineReelSymbols_Pal
0x08DCF190	rom	gSlotMachineReelTimePikachu_Pal
0x08DCF1B0	rom	gSlotMachineReelTimeMisc_Pal
0x08DCF1D0	rom	gSlotMachineReelTimeMachine_Pal
0x08DCF1F0	rom	gSlotMachineMisc_Pal
0x08DCF210	rom	gSlotMachineReelTimeExplosion_Pal
0x08DCF230	rom	gSlotMachineDigitalDisplay_Pal
0x08DCF250	rom	gSlotMachineReelSymbol1Tiles
0x08DCF450	rom	gSlotMachineReelSymbol2Tiles
0x08DCF650	rom	gSlotMachineReelSymbol3Tiles
0x08DCF850	rom	gSlotMachineReelSymbol4Tiles
0x08DCFA50	rom	gSlotMachineReelSymbol5Tiles
0x08DCFC50	rom	gSlotMachineReelSymbol6Tiles
0x08DCFE50	rom	gSlotMachineReelSymbol7Tiles
0x08DD0050	rom	gSlotMachineDigitalDisplay_Gfx
0x08DD07B8	rom	gSlotMachineNumber0Tiles
0x08DD07F8	rom	gSlotMachineNumber1Tiles
0x08DD0838	rom	gSlotMachineNumber2Tiles
0x08DD0878	rom	gSlotMachineNumber3Tiles
0x08DD08B8	rom	gSlotMachineNumber4Tiles
0x08DD08F8	rom	gSlotMachineNumber5Tiles
0x08DD0938	rom	gSlotMachineNumber6Tiles
0x08DD0978	rom	gSlotMachineNumber7Tiles
0x08DD09B8	rom	gSlotMachineNumber8Tiles
0x08DD09F8	rom	gSlotMachineNumber9Tiles
0x08DD0A38	rom	gSlotMachinePikaPowerBolt
0x08DD0A58	rom	gSlotMachineReelTimeDuck
0x08DD0A78	rom	gSlotMachineReelTimeSmoke
0x08DD0AF8	rom	gSlotMachineReelTimeNumber0
0x08DD0B78	rom	gSlotMachineReelTimeNumber1
0x08DD0BF8	rom	gSlotMachineReelTimeNumber2
0x08DD0C78	rom	gSlotMachineReelTimeNumber3
0x08DD0CF8	rom	gSlotMachineReelTimeNumber4
0x08DD0D78	rom	gSlotMachineReelTimeNumber5
0x08DD0DF8	rom	gSlotMachineReelTimeBolt0
0x08DD0EF8	rom	gSlotMachineReelTimeBolt1
0x08DD0FF8	rom	gSlotMachineReelTimeExplosion0
0x08DD11F8	rom	gSlotMachineReelTimeExplosion1
0x08DD13F8	rom	gSlotMachineReelTimeShadow
0x08DD15F8	rom	gSlotMachineReelTimePikaAura
0x08DD19F8	rom	gSlotMachineReelBackground_Tilemap
0x08DD1A18	rom	gSlotMachineReelTimeNumberGap_Gfx
0x08DD1A58	rom	gHoennTrainerCardGreen_Pal
0x08DD1AB8	rom	gHoennTrainerCard_Gfx
0x08DD1F78	rom	gHoennTrainerCardBg_Tilemap
0x08DD2010	rom	gHoennTrainerCardFront_Tilemap
0x08DD21B0	rom	gHoennTrainerCardBack_Tilemap
0x08DD228C	rom	gHoennTrainerCardFrontLink_Tilemap
0x08DD240C	rom	gKantoTrainerCardBlue_Pal
0x08DD246C	rom	gKantoTrainerCard_Gfx
0x08DD2AE0	rom	gKantoTrainerCardBg_Tilemap
0x08DD2B78	rom	gKantoTrainerCardFront_Tilemap
0x08DD2D30	rom	gKantoTrainerCardBack_Tilemap
0x08DD2E5C	rom	gKantoTrainerCardFrontLink_Tilemap
0x08DD2FE8	rom	gStorageSystemMenu_Gfx
0x08DD36A8	rom	gStorageSystemPartyMenu_Pal
0x08DD36C8	rom	gStorageSystemPartyMenu_Tilemap
0x08DD3778	rom	gNamingScreenMenu_Pal
0x08DD3838	rom	gNamingScreenMenu_Gfx
0x08DD3A04	rom	gNamingScreenPageSwapFrame_Gfx
0x08DD3C84	rom	gNamingScreenBackButton_Gfx
0x08DD3E64	rom	gNamingScreenOKButton_Gfx
0x08DD4044	rom	gNamingScreenPageSwapUpper_Gfx
0x08DD40E4	rom	gNamingScreenPageSwapLower_Gfx
0x08DD4184	rom	gNamingScreenPageSwapOthers_Gfx
0x08DD4224	rom	gNamingScreenCursor_Gfx
0x08DD42C4	rom	gNamingScreenCursorSquished_Gfx
0x08DD4364	rom	gNamingScreenCursorFilled_Gfx
0x08DD4404	rom	gNamingScreenPageSwapButton_Gfx
0x08DD4504	rom	gNamingScreenInputArrow_Gfx
0x08DD4524	rom	gNamingScreenUnderscore_Gfx
0x08DD4544	rom	gNamingScreenBackground_Tilemap
0x08DD4620	rom	gNamingScreenKeyboardUpper_Tilemap
0x08DD46E0	rom	gNamingScreenKeyboardLower_Tilemap
0x08DD47A0	rom	gNamingScreenKeyboardSymbols_Tilemap
0x08DD4860	rom	gUnionRoomChat_Background_Pal
0x08DD4880	rom	gUnionRoomChat_Background_Gfx
0x08DD4AB8	rom	gUnionRoomChat_Background_Tilemap
0x08DD4BB0	rom	gUnionRoomChat_InputText_Pal
0x08DD4BD0	rom	gUnionRoomChat_Keyboard_Pal
0x08DD4BF0	rom	gUnionRoomChat_Keyboard_Gfx
0x08DD4C4C	rom	gUnionRoomChat_Keyboard_Tilemap
0x08DD4CF8	rom	gUnionRoomChat_RButtonLabels
0x08DD4E10	rom	gTilesetPalettes_General
0x08DD5010	rom	gTilesetTiles_General
0x08DD72E0	rom	gTradeGba_Pal
0x08DD7300	rom	gTradeGba2_Pal
0x08DD7360	rom	gTradeGba_Gfx
0x08DD8760	rom	sEmptyPal
0x08DD8780	rom	gBerryFixGbaConnect_Pal
0x08DD87C0	rom	gBerryFixGbaConnect_Gfx
0x08DD8EE0	rom	gBerryFixGbaConnect_Tilemap
0x08DD9080	rom	gBerryFixGameboyLogo_Pal
0x08DD90E0	rom	gBerryFixGameboyLogo_Gfx
0x08DD9718	rom	gBerryFixGameboyLogo_Tilemap
0x08DD9874	rom	gBerryFixGbaTransfer_Pal
0x08DD98B4	rom	gBerryFixGbaTransfer_Gfx
0x08DD9E58	rom	gBerryFixGbaTransfer_Tilemap
0x08DD9FEC	rom	gBerryFixGbaTransferHighlight_Pal
0x08DDA02C	rom	gBerryFixGbaTransferHighlight_Gfx
0x08DDA63C	rom	gBerryFixGbaTransferHighlight_Tilemap
0x08DDA800	rom	gBerryFixGbaTransferError_Pal
0x08DDA840	rom	gBerryFixGbaTransferError_Gfx
0x08DDAE40	rom	gBerryFixGbaTransferError_Tilemap
0x08DDAFE0	rom	gBerryFixWindow_Pal
0x08DDB020	rom	gBerryFixWindow_Gfx
0x08DDB2C4	rom	gBerryFixWindow_Tilemap
0x08DDB3E4	rom	gTradeMenu_Pal
0x08DDB444	rom	gTradeCursor_Pal
0x08DDB464	rom	gTradeMenu_Gfx
0x08DDC6E4	rom	gTradeCursor_Gfx
0x08DDCEE4	rom	gTradeUnused_Tilemap
0x08DDCF04	rom	gTradeMenu_Tilemap
0x08DDD704	rom	gTradeMenuMonBox_Tilemap
0x08DDD728	rom	gMessageBox_Pal
0x08DDD748	rom	gMessageBox_Gfx
0x08DDD908	rom	gWallpaperIcon_Cross
0x08DDD920	rom	gWallpaperIcon_Bolt
0x08DDD938	rom	gWallpaperIcon_Plusle
0x08DDD950	rom	gWallpaperPalettes_Horizontal
0x08DDD990	rom	gWallpaperTiles_Horizontal
0x08DDDB80	rom	gWallpaperTilemap_Horizontal
0x08DDDC8C	rom	gWallpaperPalettes_Ribbon
0x08DDDCCC	rom	gWallpaperTiles_Ribbon
0x08DDDEDC	rom	gWallpaperTilemap_Ribbon
0x08DDE010	rom	gPokenavRibbonsSummaryBg_Pal
0x08DDE030	rom	gPokenavRibbonsSummaryBg_Gfx
0x08DDE12C	rom	gPokenavRibbonsSummaryBg_Tilemap
0x08DDE1F8	rom	gMonIconPalettes
0x08DDE258	rom	gTitleScreenBgPalettes
0x08DDE438	rom	gTitleScreenEmeraldVersionPal
0x08DDE458	rom	gTitleScreenCloudsTilemap
0x08DDE690	rom	gTitleScreenPokemonLogoGfx
0x08DDFD94	rom	gTitleScreenEmeraldVersionGfx
0x08DE03C8	rom	gTitleScreenPressStartPal
0x08DE03E8	rom	gTitleScreenPressStartGfx
0x08DE0644	rom	gTitleScreenPokemonLogoTilemap
0x08DE07C8	rom	gFrontierPassBg_Pal
0x08DE08C8	rom	gFrontierPassBg_Gfx
0x08DE2084	rom	gFrontierPassMapAndCard_Gfx
0x08DE3060	rom	gFrontierPassBg_Tilemap
0x08DE3350	rom	gFrontierPassCancelButton_Tilemap
0x08DE3374	rom	gFrontierPassCancelButtonHighlighted_Tilemap
0x08DE3398	rom	gBerryCrush_Crusher_Pal
0x08DE34B8	rom	gBerryCrush_Crusher_Gfx
0x08DE3FD4	rom	gBerryCrush_TextWindows_Tilemap
0x08E38BC4	rom	sUnused1
0x08E38BC8	rom	sEmpty4
0x08E39D0D	rom	sUnused2
0x08E39D0E	rom	sEmpty5
0x08E3CF50	rom	sUnused3
0x08E3CF51	rom	sEmpty6
